sequence_name,clade
"Influenza A virus (A/swine/Illinois/21TOSU2166/2021(H3N2)) segment 4 hemagglutinin (HA) gene, complete cds |Alphainfluenzavirus influenzae|H3N2|USA|Sus scrofa scrofa|2021-06-25|OP871006.1",1990.4.a
A/swine/Indiana/25TOSU1632/2025|A_/_H3N2|unassigned|2025-06-19|HA|4||EPI_ISL_20191106,2010.1
A/swine/Nebraska/ISU-A02861613/2023|A_/_H3N2|unassigned|2023-07-17|HA|4||EPI_ISL_18228671,1990.4.i
A/swine/North_Carolina/A02034471/2015|A_/_H3N2|unassigned|2015-07-17|HA|4||EPI_ISL_197212,1990.4.a
A/swine/Illinois/A01047529/2010|A_/_H3N2|unassigned|2010-12-02|HA|4||EPI_ISL_109877,1990.4
"Influenza A virus (A/swine/Iowa/A02221513/2017(H3N2)) segment 4 hemagglutinin (HA) gene, complete cds |Alphainfluenzavirus influenzae|H3N2|USA: Iowa|Sus scrofa|2017-09-05|MG279530.1",2010.1
A/swine/Illinois/A01409611/2014|A_/_H3N2|unassigned|2014-01-01|HA|4||EPI_ISL_155796,1990.4.a
"Influenza A virus (A/swine/Michigan/A02427889/2018(H3N2)) segment 4 hemagglutinin (HA) gene, complete cds |Alphainfluenzavirus influenzae|H3N2|USA: Michigan|Sus scrofa|2018-12-21|MK405249.1",2010.1
A/swine/Iowa/A01049160/2010|A_/_H3N2|unassigned|2010-11-30|HA|4||EPI_ISL_90366,1990.4
A/swine/North_Carolina/A01785295_/2017|A_/_H3N2|unassigned|2017-09-13|HA|4||EPI_ISL_283424,2010.1
A/swine/Nebraska/A01672826/2017|A_/_H3N2|unassigned|2017-02-01|HA|4||EPI_ISL_258615,1990.4.a
"Influenza A virus (A/swine/Iowa/A01476008/2014(H3N2)) segment 4 hemagglutinin (HA) gene, complete cds |Alphainfluenzavirus influenzae|H3N2|USA: Iowa|Sus scrofa|2014-06-24|KM245299.1",1990.4
A/swine/Ohio/24-10747-3/2024|A_/_H3N2|unassigned|2024-04-19|HA|4||EPI_ISL_20187771,2010.1
A/swine/Minnesota/A01201895/2011|A_/_H3N2|unassigned|2011-07-05|HA|4||EPI_ISL_124322,1990.4.d
A/swine/California/A02862286/2024|A_/_H3N2|unassigned|2024-02-07|HA|4||EPI_ISL_18988774,2010.1
"Influenza A virus (A/swine/Iowa/A02862279/2024(H3N2)) segment 4 hemagglutinin (HA) gene, complete cds |Alphainfluenzavirus influenzae|H3N2|USA: Iowa|Sus scrofa|2024-02-06|PP467078.1",2010.1
A/swine/Missouri/A02858570/2025|A_/_H3N2|unassigned|2025-04-24|HA|4||EPI_ISL_19885016,2010.1
A/swine/Minnesota/A01409771/2014|A_/_H3N2|unassigned|2014-01-01|HA|4||EPI_ISL_157205,1990.4.b1
A/swine/Utah/A02861636/2023|A_/_H3N2|unassigned|2023-07-06|HA|4||EPI_ISL_18211464,2010.1
A/swine/Minnesota/A02245197/2019|A_/_H3N2|unassigned|2019-07-10|HA|4||EPI_ISL_381539,2010.1
A/swine/Minnesota/A01432932/2013|A_/_H3N2|unassigned|2013-08-01|HA|4||EPI_ISL_145689,1990.4.b1
A/swine/Illinois/A01047183/2010|A_/_H3N2|unassigned|2010-11-30|HA|4||EPI_ISL_103955,1990.4
A/swine/Nebraska/4B-1113-P15/2013|A_/_H3N2|unassigned|2013-01-01|HA|4||EPI_ISL_16701536,1990.4.a
A/swine/Minnesota/A01379746/2013|A_/_H3N2|unassigned|2013-04-15|HA|4||EPI_ISL_142302,1990.4.b1
A/swine/Iowa/A01857687/2015|A_/_H3N2|unassigned|2015-09-30|HA|4||EPI_ISL_203196,1990.4.a
A/swine/Iowa/A02751516/2023|A_/_H3N2|unassigned|2023-01-23|HA|4||EPI_ISL_17185776,2010.1
A/swine/Iowa/20TOSU2310/2020|A_/_H3N2|unassigned|2020-07-10|HA|4||EPI_ISL_14224263,1990.4.a
A/swine/Missouri/A02200041/2018|A_/_H3N2|unassigned|2018-01-25|HA|4||EPI_ISL_301918,2010.1
A/swine/Illinois/A01489873/2014|A_/_H3N2|unassigned|2014-11-06|HA|4||EPI_ISL_177599,1990.4.a
A/swine/Ohio/A02751314/2022|A_/_H3N2|unassigned|2022-11-30|HA|4||EPI_ISL_16840847,2010.1
"Influenza A virus (A/swine/Iowa/A02478793/2019(H3N2)) segment 4 hemagglutinin (HA) gene, complete cds |Alphainfluenzavirus influenzae|H3N2|USA: Iowa|Sus scrofa|2019-10-23|MN732771.1",1990.4.a
A/swine/Missouri/A01782798/2016|A_/_H3N1|unassigned|2016-10-28|HA|4||EPI_ISL_245327,2010.1
A/swine/Kentucky/25TOSU2353/2025|A_/_H3N3|unassigned|2025-07-01|HA|4||EPI_ISL_20191256,2010.1
A/swine/Ohio/A01280883/2013|A_/_H3N2|unassigned|2013-02-15|HA|4||EPI_ISL_138854,1990.4.a
A/swine/Iowa/A02158357/2018|A_/_H3N2|unassigned|2018-04-30|HA|4||EPI_ISL_328867,2010.1
A/swine/Texas/A02701692/2021|A_/_H3N2|unassigned|2021-11-24|HA|4||EPI_ISL_14770022,2010.1
A/swine/Iowa/A01480817/2014|A_/_H3N2|unassigned|2014-04-02|HA|4||EPI_ISL_162047,1990.4.a
A/swine/North_Carolina/A02138766/2017|A_/_H3N2|unassigned|2017-12-08|HA|4||EPI_ISL_295688,1990.4.b2
"Influenza A virus (A/swine/Minnesota/A02979398/2025(H3N2)) segment 4 hemagglutinin (HA) gene, complete cds |Alphainfluenzavirus influenzae|H3N2|USA|Sus scrofa|2025-02-25|PV648404.1",1990.4
A/swine/Ohio/A02750648/2022|A_/_H3N2|unassigned|2022-06-09|HA|4||EPI_ISL_14875212,2010.1
A/swine/Wisconsin/A02862447/2024|A_/_H3N2|3C.2|2024-03-08|HA|4||EPI_ISL_19072934,2010.1
A/swine/Iowa/A02750929/2022|A_/_H3N2|unassigned|2022-09-21|HA|4||EPI_ISL_16215650,2010.1
A/swine/Indiana/24TOSU0684/2024|A_/_H3N2|3C.3a|2024-06-13|HA|4||EPI_ISL_19332093,1990.4.a
A/swine/Nebraska/A02140873/2018|A_/_H3N2|unassigned|2018-01-19|HA|4||EPI_ISL_299564,2010.1
A/swine/North_Carolina/ISU-A02862165/2023|A_/_H3N2|unassigned|2023-12-15|HA|4||EPI_ISL_18847105,1990.4.a
A/swine/Nebraska/A02858239/2024|A_/_H3N1|unassigned|2024-12-18|HA|4||EPI_ISL_19678833,1990.4.i
A/swine/Oklahoma/A02712158/2022|A_/_H3N2|unassigned|2022-09-30|HA|4||EPI_ISL_16212279,1990.4.b1
A/swine/Iowa/A02524862/2020|A_/_H3N2|unassigned|2020-11-04|HA|4||EPI_ISL_4081701,2010.1
A/swine/Illinois/A02636634/2022|A_/_H3N2|unassigned|2022-04-12|HA|4||EPI_ISL_14835657,1990.4.a
A/swine/Michigan/22TOSU3747/2022|A_/_H3N2|3C.2|2022-08-06|HA|4||EPI_ISL_17409617,2010.1
A/swine/Illinois/100547/2019|A_/_H3|3C.3a|2019-01-03|HA|4||EPI_ISL_19278465,1990.1
A/swine/Illinois/A02524405/2020|A_/_H3N2|unassigned|2020-07-10|HA|4||EPI_ISL_706287,1990.4.a
A/swine/Nebraska/A01847244/2015|A_/_H3N2|unassigned|2015-04-09|HA|4||EPI_ISL_190610,1990.4.a
A/swine/Illinois/A02863118/2024|A_/_H3N2|unassigned|2024-11-01|HA|4||EPI_ISL_19603473,2010.1
A/swine/Iowa/A02478662/2019|A_/_H3N2|unassigned|2019-09-10|HA|4||EPI_ISL_396139,2010.1
A/swine/Missouri/A01667103/2017|A_/_H3N2|unassigned|2017-03-13|HA|4||EPI_ISL_262599,2010.1
A/swine/Illinois/100249/2017|A_/_H3|unassigned|2017-01-19|HA|4||EPI_ISL_19278889,1990.4.a
A/swine/Iowa/MT_12_07_2593/2012|A_/_H3N2|unassigned|2012-04-30|HA|4||EPI_ISL_271046,1990.4.f
A/swine/Illinois/A01241212/2012|A_/_H3N2|unassigned|2012-01-24|HA|4||EPI_ISL_129989,1990.4.f
A/swine/Iowa/A02750740/2022|A_/_H3N2|3C.2a1|2022-07-26|HA|4||EPI_ISL_14937226,2010.2
A/swine/Iowa/A02478516/2019|A_/_H3N2|unassigned|2019-05-20|HA|4||EPI_ISL_369147,1990.4.a
A/swine/Iowa/16TOSU2257/2016|A_/_H3N2|unassigned|2016-06-09|HA|4||EPI_ISL_253982,1990.4.a
A/swine/Illinois/101594/2023|A_/_H3|3C.2|2023-04-13|HA|4||EPI_ISL_19277709,2010.1
A/swine/Illinois/100757/2021|A_/_H3|3C.3a|2021-03-12|HA|4||EPI_ISL_19278051,1990.4.a
A/swine/Illinois/A02861596/2023|A_/_H3N2|3C.2|2023-06-21|HA|4||EPI_ISL_18042986,2010.1
A/swine/Arkansas/02863/2009|A_/_H3N2|unassigned|2009-06-26|HA|4||EPI_ISL_151279,1990.4
A/swine/IA/46375/2018|A_/_H3N2|unassigned|2018-06-27|HA|4||EPI_ISL_389817,1990.1
A/swine/Minnesota/A01678489/2017|A_/_H3N2|unassigned|2017-05-05|HA|4||EPI_ISL_271022,2010.1
A/swine/Ohio/OH20-6892/2020|A_/_H3N2|3C.3a|2020-04-01|HA|4||EPI_ISL_17373134,1990.4.a
A/swine/Indiana/24TOSU0947/2024|A_/_H3N2|3C.3a|2024-06-13|HA|4||EPI_ISL_19332125,1990.4.a
A/swine/Iowa/A02219787/2017|A_/_H3N2|unassigned|2017-08-23|HA|4||EPI_ISL_282398,2010.1
A/swine/Minnesota/A02245304/2019|A_/_H3N2|unassigned|2019-10-24|HA|4||EPI_ISL_399711,2010.1
A/swine/Iowa/A02525241/2021|A_/_H3N2|unassigned|2021-03-04|HA|4||EPI_ISL_4082165,1990.4.a
"Influenza A virus (A/swine/Iowa/A01781761/2016(H3N2)) segment 4 hemagglutinin (HA) gene, complete cds |Alphainfluenzavirus influenzae|H3N2|USA: Iowa|Sus scrofa|2016-09-22|KY007242.1",2010.1
A/swine/Wyoming/A01379346/2013|A_/_H3N2|unassigned|2013-03-29|HA|4||EPI_ISL_141386,1990.4.a
A/swine/North_Carolina/A02525302/2021|A_/_H3N2|unassigned|2021-03-25|HA|4||EPI_ISL_4082436,1990.4.a
A/swine/Iowa/A02134231/2017|A_/_H3N2|unassigned|2017-10-18|HA|4||EPI_ISL_296538,2010.1
A/swine/Iowa/A02135004/2017|A_/_H3N2|unassigned|2017-10-31|HA|4||EPI_ISL_297059,2010.1
A/swine/Minnesota/1145/2007|A_/_H3N2|unassigned|2007-01-01|HA|4||EPI_ISL_63617,1990.4
A/swine/Indiana/A01260521/2014|A_/_H3N2|unassigned|2014-03-19|HA|4||EPI_ISL_162934,1990.4.a
A/swine/Iowa/A02271039/2018|A_/_H3N2|unassigned|2018-11-21|HA|4||EPI_ISL_376376,2010.1
A/swine/Iowa/A02858291/2025|A_/_H3N2|unassigned|2025-01-14|HA|4||EPI_ISL_19764695,2010.1
"Influenza A virus (A/swine/Iowa/20TOSU2181/2020(H3N2)) segment 4 hemagglutinin (HA) gene, complete cds |Alphainfluenzavirus influenzae|H3N2|USA|Sus scrofa scrofa|2020-07-10|OP655030.1",1990.4.a
A/swine/Texas/A02711823/2022|A_/_H3N2|unassigned|2022-05-06|HA|4||EPI_ISL_14224058,2010.1
A/swine/Iowa/A02248046/2021|A_/_H3N2|unassigned|2021-12-01|HA|4||EPI_ISL_14769985,1990.4.a
"Influenza A virus (A/swine/Iowa/20TOSU1874/2020(H3N2)) segment 4 hemagglutinin (HA) gene, complete cds |Alphainfluenzavirus influenzae|H3N2|USA|Sus scrofa scrofa|2020-07-09|OP656255.1",1990.4.a
A/swine/Iowa/13H092/2013|A_/_H3N2|unassigned|2013-08-28|HA|4||EPI_ISL_164910,1990.4.a
"Influenza A virus (A/swine/Minnesota/A02978742/2024(H3N2)) segment 4 hemagglutinin (HA) gene, complete cds |Alphainfluenzavirus influenzae|H3N2|USA|Sus scrofa|2024-01-18|PP580006.1",1990.4.a
A/swine/Minnesota/A02711799/2022|A_/_H3N2|unassigned|2022-03-25|HA|4||EPI_ISL_14835329,2010.1
A/swine/Iowa/A01895860/2016|A_/_H3N2|unassigned|2016-04-20|HA|4||EPI_ISL_225502,2010.1
A/swine/Indiana/A02479428/2020|A_/_H3N2|unassigned|2020-06-04|HA|4||EPI_ISL_499202,1990.4.a
A/swine/Kentucky/16TOSU3279/2016|A_/_H3N2|unassigned|2016-07-07|HA|4||EPI_ISL_254018,1990.4.a
A/swine/Iowa/A02479126/2020|A_/_H3N2|unassigned|2020-03-05|HA|4||EPI_ISL_503976,1990.4.a
A/swine/Minnesota/A02980490/2025|A_/_H3N2|unassigned|2025-05-14|HA|4||EPI_ISL_20100714,2010.1
A/swine/North_Carolina/A01671000/2016|A_/_H3N2|unassigned|2016-12-02|HA|4||EPI_ISL_252805,1990.4.a
A/swine/North_Carolina/A02858626/2025|A_/_H3N2|unassigned|2025-05-14|HA|4||EPI_ISL_19902455,1990.4.a
A/swine/Minnesota/A02858601/2025|A_/_H3N2|unassigned|2025-05-02|HA|4||EPI_ISL_19890490,1990.4.a
A/swine/Indiana/14TOSU0343/2014|A_/_H3N2|unassigned|2014-01-01|HA|4||EPI_ISL_200849,1990.4.b1
"Influenza A virus (A/swine/Indiana/23TOSU2412/2023(H3N2)) segment 4 hemagglutinin (HA) gene, complete cds |Alphainfluenzavirus influenzae|H3N2|USA|Sus scrofa scrofa|2023-07-13|PP461255.1",1990.4.a
A/swine/Iowa/A02636165/2021|A_/_H3N2|unassigned|2021-09-16|HA|4||EPI_ISL_6816047,2010.1
A/swine/Minnesota/004563_02859045/2025|A_/_H3N2|unassigned|2025-10-31|HA|4||EPI_ISL_20389165,2010.1
A/swine/North_Carolina/A01476719/2014|A_/_H3N2|unassigned|2014-10-14|HA|4||EPI_ISL_171030,1990.4.a
A/swine/Ohio/A01795737/2015|A_/_H3N2|unassigned|2015-11-02|HA|4||EPI_ISL_205063,2010.1
A/swine/North_Carolina/A02025678/2015|A_/_H3N2|unassigned|2015-08-21|HA|4||EPI_ISL_200962,1990.4.a
A/swine/Indiana/A01290854/2013|A_/_H3N2|unassigned|2013-11-01|HA|4||EPI_ISL_154609,1990.4.a
"Influenza A virus (A/swine/Ohio/OH19-21531-5/2019(H3N1)) segment 4 hemagglutinin (HA) gene, complete cds |Alphainfluenzavirus influenzae|H3N1|USA: Ohio|Sus scrofa|2019-09-30|OQ759622.1",2010.1
A/swine/Iowa/A02751293/2022|A_/_H3N2|3C.3a|2022-11-29|HA|4||EPI_ISL_16840841,1990.4.a
A/swine/Iowa/A02862490/2024|A_/_H3N2|unassigned|2024-04-02|HA|4||EPI_ISL_19095240,2010.1
A/Swine/Nebraska/209/98|A_/_H3N2|unassigned|1998-01-01|HA|4||EPI_ISL_1716,1990.1
A/swine/Kentucky/17TOSU6329/2017|A_/_H3N2|unassigned|2017-07-01|HA|4||EPI_ISL_373645,2010.1
A/swine/Minnesota/A01941094/2015|A_/_H3N2|unassigned|2015-11-13|HA|4||EPI_ISL_205994,2010.1
A/swine/Oklahoma/A02524568/2020|A_/_H3N2|unassigned|2020-08-26|HA|4||EPI_ISL_707275,1990.1
A/swine/Illinois/53612-6/2010|A_/_H3N2|unassigned|2010-04-22|HA|4||EPI_ISL_86219,1990.4
A/swine/Illinois/100116/2015|A_/_H3|3C.3a|2015-06-12|HA|4||EPI_ISL_19279198,1990.4.a
A/swine/Iowa/A02478649/2019|A_/_H3N2|unassigned|2019-09-09|HA|4||EPI_ISL_393540,1990.4.a
A/swine/Indiana/25TOSU2103/2025|A_/_H3N2|unassigned|2025-06-27|HA|4||EPI_ISL_20191161,2010.1
"Influenza A virus (A/swine/Indiana/A02751400/2022(H3N2)) segment 4 hemagglutinin (HA) gene, complete cds |Alphainfluenzavirus influenzae|H3N2|USA: Indiana|Sus scrofa|2022-12-09|OQ469412.1",1990.4.a
A/swine/Nebraska/00188/2003|A_/_H3N2|unassigned|2003-10-03|HA|4||EPI_ISL_151253,Other-Human-2000-like
A/swine/Nebraska/A01489819/2015|A_/_H3N2|unassigned|2015-03-19|HA|4||EPI_ISL_177593,1990.4.a
A/swine/Iowa/A01782224/2016|A_/_H3N2|unassigned|2016-10-02|HA|4||EPI_ISL_245033,2010.1
A/swine/Illinois/101029/2004|A_/_H3|unassigned|2004-10-19|HA|4||EPI_ISL_19279584,1990.4
A/swine/Arkansas/A01840147/2014|A_/_H3N2|unassigned|2014-12-12|HA|4||EPI_ISL_174463,1990.4.a
A/swine/Indiana/A00968364/2012|A_/_H3N2|unassigned|2012-07-03|HA|4||EPI_ISL_151699,1990.4.a
A/swine/IA/34208/2018|A_/_H3N2|unassigned|2018-05-10|HA|4||EPI_ISL_389812,1990.1
A/swine/Iowa/A01781487/2016|A_/_H3N2|unassigned|2016-09-13|HA|4||EPI_ISL_243372,2010.1
A/swine/Iowa/A02525175/2021|A_/_H3N1|unassigned|2021-02-12|HA|4||EPI_ISL_4082025,2010.1
"Influenza A virus (A/swine/Texas/A02246910/2022(H3N?)) segment 4 hemagglutinin (HA) gene, complete cds |Alphainfluenzavirus influenzae|H3N?|USA: Texas|Sus scrofa|2022-01-06|OM654385.1",2010.1
A/swine/Iowa/A02750869/2022|A_/_H3N2|unassigned|2022-09-08|HA|4||EPI_ISL_15620422,2010.1
A/swine/Illinois/A01554902/2015|A_/_H3N2|unassigned|2015-04-24|HA|4||EPI_ISL_190493,1990.4.a
A/swine/Minnesota/A02858233/2024|A_/_H3N2|unassigned|2024-12-18|HA|4||EPI_ISL_19678843,1990.4.a
A/swine/Minnesota/A01300992/2012|A_/_H3N2|unassigned|2012-07-10|HA|4||EPI_ISL_130135,1990.4.b1
"Influenza A virus (A/swine/Ohio/20TOSU3235/2020(H3N2)) segment 4 hemagglutinin (HA) gene, complete cds |Alphainfluenzavirus influenzae|H3N2|USA|Sus scrofa scrofa|2020-08-28|OP655107.1",1990.4.a
"Influenza A virus (A/swine/Oklahoma/A02862301/2024(H3N2)) segment 4 hemagglutinin (HA) gene, complete cds |Alphainfluenzavirus influenzae|H3N2|USA: Oklahoma|Sus scrofa|2024-02-14|PP467092.1",2010.1
A/swine/Iowa/A01203197/2012|A_/_H3N2|unassigned|2012-01-26|HA|4||EPI_ISL_116142,1990.4.d
A/swine/Oklahoma/A02862687/2024|A_/_H3N2|unassigned|2024-06-13|HA|4||EPI_ISL_19310944,1990.4.b1
A/swine/North_Carolina/A01785360/2017|A_/_H3N2|unassigned|2017-11-21|HA|4||EPI_ISL_297079,2010.1
A/swine/Iowa/A02524689/2020|A_/_H3N2|unassigned|2020-10-01|HA|4||EPI_ISL_697649,1990.4.a
A/swine/Ohio/A01728296/2015|A_/_H3N2|unassigned|2015-12-21|HA|4||EPI_ISL_211813,2010.1
A/swine/Nebraska/A01785250/2017|A_/_H3N2|unassigned|2017-03-06|HA|4||EPI_ISL_261453,1990.4.a
A/swine/Minnesota/SG-00236/2007|A_/_H3N2|unassigned|2007-06-10|HA|4||EPI_ISL_25303,1990.4
A/swine/North_Carolina/A01730588/2016|A_/_H3N2|unassigned|2016-01-28|HA|4||EPI_ISL_216893,1990.4.a
A/swine/Iowa/A02221528/2017|A_/_H3N2|unassigned|2017-08-28|HA|4||EPI_ISL_285327,2010.1
A/swine/Illinois/100500/2018|A_/_H3|3C.2|2018-05-25|HA|4||EPI_ISL_19278583,2010.1
A/swine/Iowa/A02636112/2021|A_/_H3N2|unassigned|2021-09-01|HA|4||EPI_ISL_6785591,2010.1
A/swine/IA/26354/2018|A_/_H3N2|unassigned|2018-04-11|HA|4||EPI_ISL_389803,1990.1
A/swine/Iowa/077904_A02862789/2024|A_/_H3N2|unassigned|2024-08-01|HA|4||EPI_ISL_19367313,2010.1
A/swine/Minnesota/A01785389/2017|A_/_H3N2|unassigned|2017-12-18|HA|4||EPI_ISL_298631,2010.1
A/swine/North_Carolina/097166_02858848/2025|A_/_H3N2|unassigned|2025-09-17|HA|4||EPI_ISL_20220054,2010.1
A/swine/Illinois/A01567281/2014|A_/_H3N2|unassigned|2014-12-23|HA|4||EPI_ISL_174540,1990.4.b2
"Influenza A virus (A/swine/Minnesota/A02861255/2023(H3N2)) segment 4 hemagglutinin (HA) gene, complete cds |Alphainfluenzavirus influenzae|H3N2|USA: Minnesota|Sus scrofa|2023-03-03|OQ836581.1",2010.1
A/swine/Iowa/A02862634/2024|A_/_H3N2|3C.2|2024-05-20|HA|4||EPI_ISL_19244071,2010.1
A/swine/Iowa/A02524943/2020|A_/_H3N2|unassigned|2020-12-02|HA|4||EPI_ISL_4081817,2010.1
A/swine/North_Carolina/A02478832/2019|A_/_H3N2|unassigned|2019-11-06|HA|4||EPI_ISL_503382,2010.1
A/swine/North_Carolina/A02525064/2021|A_/_H3N2|unassigned|2021-01-13|HA|4||EPI_ISL_4081944,1990.4.a
A/swine/North_Carolina/USDA-A02978569/2023|A_/_H3N2|unassigned|2023-10-11|HA|4||EPI_ISL_18758900,1990.4.a
A/swine/Indiana/A02429957/2019|A_/_H3N2|unassigned|2019-01-24|HA|4||EPI_ISL_373541,2010.1
A/swine/Pennsylvania/116342_02858956/2025|A_/_H3N2|unassigned|2025-11-17|HA|4||EPI_ISL_20348176,2010.1
A/swine/Iowa/100943/2019|A_/_H3|3C.2|2019-10-09|HA|4||EPI_ISL_19278312,2010.1
A/swine/Iowa/A02218156/2017|A_/_H3N2|unassigned|2017-07-10|HA|4||EPI_ISL_279495,1990.4.a
A/swine/Indiana/16TOSU4043/2016|A_/_H3N2|unassigned|2016-06-01|HA|4||EPI_ISL_280210,1990.4.a
A/swine/North_Carolina/A01728953/2016|A_/_H3N2|unassigned|2016-01-06|HA|4||EPI_ISL_212209,2010.1
A/swine/Iowa/A02077555/2015|A_/_H3N2|unassigned|2015-05-07|HA|4||EPI_ISL_190477,1990.4.b1
A/swine/Indiana/A01812311/2020|A_/_H3N2|unassigned|2020-08-31|HA|4||EPI_ISL_707335,1990.4.a
A/swine/Iowa/87006/2020|A_/_H3|unassigned|2020-11-04|HA|4||EPI_ISL_4081734,2010.2
A/swine/Kansas/10-91088/2010|A_/_H3N2|unassigned|2010-12-30|HA|4||EPI_ISL_100198,1990.4.f
A/swine/USA/11/2017|A_/_H3N2|3C.2a1|2017-07-10|HA|4||EPI_ISL_505846,2010.2
A/swine/Texas/A02246992/2021|A_/_H3N2|unassigned|2021-11-11|HA|4||EPI_ISL_14770027,2010.1
A/swine/North_Carolina/A01797533/2015|A_/_H3N2|unassigned|2015-11-19|HA|4||EPI_ISL_208944,1990.4.b2
A/swine/Iowa/A01481221/2014|A_/_H3N2|unassigned|2014-05-02|HA|4||EPI_ISL_163635,1990.4.b1
A/swine/Nebraska/A02171222/2018|A_/_H3N2|unassigned|2018-07-13|HA|4||EPI_ISL_327493,2010.1
A/swine/Indiana/A02751460/2023|A_/_H3N2|3C.3a|2023-01-10|HA|4||EPI_ISL_17184126,1990.4.a
A/swine/Michigan/22TOSU3732/2022|A_/_H3N2|3C.2|2022-08-06|HA|4||EPI_ISL_17409668,2010.1
A/swine/Minnesota/A02978903/2024|A_/_H3N2|unassigned|2024-05-08|HA|4||EPI_ISL_19328761,1990.4.a
A/swine/Minnesota/A01668937/2016|A_/_H3N2|unassigned|2016-11-30|HA|4||EPI_ISL_252783,2010.1
A/swine/Oklahoma/00141/2003|A_/_H3N2|unassigned|2003-08-28|HA|4||EPI_ISL_151608,1990.4-like
A/swine/Minnesota/A01279377/2012|A_/_H3N2|unassigned|2012-11-21|HA|4||EPI_ISL_132911,1990.4.e
A/swine/Maryland/A01764002/2017|A_/_H3N2|unassigned|2017-09-17|HA|4||EPI_ISL_284699,2010.1
A/swine/Indiana/A02863133/2024|A_/_H3N2|unassigned|2024-11-11|HA|4||EPI_ISL_19633312,2010.1
A/Swine/Oklahoma/18089/99|A_/_H3N2|unassigned|1999-01-01|HA|4||EPI_ISL_1748,1990.4-like
A/swine/Iowa/004673_02859148/2025|A_/_H3N2|unassigned|2025-12-26|HA|4||EPI_ISL_20389167,2010.1
A/swine/Minnesota/A02245763/2020|A_/_H3N2|unassigned|2020-10-23|HA|4||EPI_ISL_4081670,2010.1
A/swine/Nebraska/A01785451/2018|A_/_H3N2|unassigned|2018-02-21|HA|4||EPI_ISL_304740,1990.4.b2
A/swine/North_Carolina/A01290442/2013|A_/_H3N2|unassigned|2013-09-01|HA|4||EPI_ISL_151718,1990.4.a
A/swine/Wyoming/101684/2021|A_/_H3|unassigned|2021-09-22|HA|4||EPI_ISL_19278004,1990.4.a
A/swine/Oklahoma/SG1473/2005|A_/_H3N2|unassigned|2005-09-23|HA|4||EPI_ISL_151286,1990.4
A/swine/Minnesota/A01785563/2018|A_/_H3N2|unassigned|2018-06-05|HA|4||EPI_ISL_328385,2010.1
A/swine/Illinois/A01520758/2014|A_/_H3N2|unassigned|2014-10-14|HA|4||EPI_ISL_171108,1990.4.a
A/swine/Iowa/A02525249/2021|A_/_H3N2|unassigned|2021-03-11|HA|4||EPI_ISL_4082182,2010.1
"Influenza A virus (A/swine/Kentucky/23TOSU2322/2023(H3Nx)) segment 4 hemagglutinin (HA) gene, complete cds |Alphainfluenzavirus influenzae|H3Nx|USA|Sus scrofa scrofa|2023-07-05|PP461320.1",1990.4.a
"Influenza A virus (A/swine/Indiana/23TOSU2889/2023(H3N2)) segment 4 hemagglutinin (HA) gene, complete cds |Alphainfluenzavirus influenzae|H3N2|USA|Sus scrofa scrofa|2023-07-27|PP461324.1",1990.4.a
A/swine/Indiana/14TOSU8050/2014|A_/_H3N2|unassigned|2014-01-01|HA|4||EPI_ISL_200886,1990.4.b1
"Influenza A virus (A/swine/Pennsylvania/A02257263/2018(H3N2)) segment 4 hemagglutinin (HA) gene, complete cds |Alphainfluenzavirus influenzae|H3N2|USA: Pennsylvania|Sus scrofa|2018-09-06|MH992674.1",2010.1
A/swine/North_Carolina/A02978522/2023|A_/_H3N2|unassigned|2023-05-11|HA|4||EPI_ISL_18090329,1990.4.a
A/swine/Iowa/A01668518/2016|A_/_H3N2|unassigned|2016-11-14|HA|4||EPI_ISL_246092,2010.1
A/swine/Minnesota/A01781044/2016|A_/_H3N2|unassigned|2016-08-31|HA|4||EPI_ISL_237047,2010.1
A/swine/Illinois/B1708DTW21/2017|A_/_H3N2|unassigned|2017-08-11|HA|4||EPI_ISL_4082140,2010.1
A/swine/Utah/A02427845/2018|A_/_H3N2|unassigned|2018-12-20|HA|4||EPI_ISL_376851,2010.1
A/swine/Iowa/A02862390/2024|A_/_H3N2|3C.2|2024-03-13|HA|4||EPI_ISL_19072310,2010.1
A/swine/Nebraska/A02524410/2022|A_/_H3N2|unassigned|2022-06-22|HA|4||EPI_ISL_14885952,1990.4.a
A/swine/Ohio/16TOSU8764/2016|A_/_H3N2|unassigned|2016-08-13|HA|4||EPI_ISL_243728,2010.1
A/swine/Indiana/A00968390/2012|A_/_H3N2|unassigned|2012-08-01|HA|4||EPI_ISL_130417,1990.4.a
A/swine/Illinois/100550/2019|A_/_H3|3C.3a|2019-01-23|HA|4||EPI_ISL_19278449,1990.1
A/swine/Minnesota/004577_02859058/2025|A_/_H3N2|unassigned|2025-11-11|HA|4||EPI_ISL_20389164,2010.1
A/swine/SouthDakota/A01678549/2018|A_/_H3N2|unassigned|2018-03-19|HA|4||EPI_ISL_329712,1990.4.a
A/swine/Minnesota/A01432462/2013|A_/_H3N2|unassigned|2013-02-01|HA|4||EPI_ISL_138853,1990.4.b1
A/swine/Illinois/A01116190/2011|A_/_H3N2|unassigned|2011-08-25|HA|4||EPI_ISL_124437,1990.4.e
A/swine/North_Carolina/A01409423/2013|A_/_H3N2|unassigned|2013-12-01|HA|4||EPI_ISL_154619,1990.4.a
A/swine/Ohio/17TOSU1404/2017|A_/_H3N2|unassigned|2017-07-01|HA|4||EPI_ISL_379340,2010.1
A/swine/USA/101795/2017|A_/_H3|3C.3a|2017-06-01|HA|4||EPI_ISL_19278816,1990.4.a
A/swine/Ohio/OH-13252/2021|A_/_H3N2|3C.3a|2021-06-04|HA|4||EPI_ISL_17471815,1990.4.a
A/swine/Ohio/A02861384/2023|A_/_H3N2|3C.2|2023-04-14|HA|4||EPI_ISL_17699659,2010.1
A/swine/Minnesota/A02245660/2020|A_/_H3N2|unassigned|2020-05-26|HA|4||EPI_ISL_502052,1990.4.a
A/swine/Nebraska/A02858269/2024|A_/_H3N2|unassigned|2024-12-31|HA|4||EPI_ISL_19740041,2010.1
A/swine/Nebraska/4D-0114-P4/2014|A_/_H3N2|3C.3a|2014-02-01|HA|4||EPI_ISL_16891327,1990.4.a
A/swine/Nebraska/00104/2003|A_/_H3N2|unassigned|2003-06-01|HA|4||EPI_ISL_190213,1990.4-like
A/swine/Illinois/00303/2004|A_/_H3N2|unassigned|2004-05-18|HA|4||EPI_ISL_150827,1990.4
A/swine/Missouri/100650/2020|A_/_H3|unassigned|2020-02-07|HA|4||EPI_ISL_19278222,2010.1
A/swine/Iowa/A02751433/2022|A_/_H3N2|unassigned|2022-12-23|HA|4||EPI_ISL_17184143,2010.1
A/swine/Iowa/A02636481/2022|A_/_H3N2|unassigned|2022-02-10|HA|4||EPI_ISL_14777808,2010.1
A/swine/North_Carolina/A01410593/2014|A_/_H3N2|unassigned|2014-04-01|HA|4||EPI_ISL_162324,1990.4.a
A/swine/Minnesota/A01349658/2013|A_/_H3N2|unassigned|2013-04-03|HA|4||EPI_ISL_141388,1990.4.b2
A/swine/North_Carolina/075906_A02862772/2024|A_/_H3N2|unassigned|2024-07-22|HA|4||EPI_ISL_19367262,1990.4.a
A/swine/Iowa/A02863010/2024|A_/_H3N2|3C.2|2024-10-14|HA|4||EPI_ISL_19554451,2010.1
A/swine/Illinois/A01770246/2015|A_/_H3N2|unassigned|2015-08-12|HA|4||EPI_ISL_200083,1990.4.a
"Influenza A virus (A/swine/Minnesota/A01410771/2014(H3N2)) segment 4 hemagglutinin (HA) gene, complete cds |Alphainfluenzavirus influenzae|H3N2|USA: Minnesota|Sus scrofa|2014-05|KJ859573.1",1990.4.a
A/swine/Minnesota/1300/2007|A_/_H3N2|unassigned|2007-01-01|HA|4||EPI_ISL_29808,1990.4
A/swine/Minnesota/A02636519/2022|A_/_H3N2|unassigned|2022-02-23|HA|4||EPI_ISL_14778340,1990.4.i
"Influenza A virus (A/swine/Minnesota/A02979312/2024(H3N2)) segment 4 hemagglutinin (HA) gene, complete cds |Alphainfluenzavirus influenzae|H3N2|USA|Sus scrofa|2024-10-30|PQ851091.1",1990.4
A/swine/Texas/A02245516/2020|A_/_H3N2|unassigned|2020-02-27|HA|4||EPI_ISL_504046,2010.1
"Influenza A virus (A/swine/North Carolina/A01432584/2013(H3N2)) segment 4 hemagglutinin (HA) gene, complete cds |Alphainfluenzavirus influenzae|H3N2|USA|Sus scrofa|2013-03|KC849381.1",1990.4.a
A/swine/Ohio/9/2012|A_/_H3N2|unassigned|2012-06-01|HA|4||EPI_ISL_123128,1990.4.a
A/swine/Nebraska/I048371/2024|A_/_H3N2|unassigned|2024-05-07|HA|4||EPI_ISL_19283990,1990.4.i
A/swine/Oklahoma/65980/2017|A_/_H3N2|3C.2a1|2017-10-02|HA|4||EPI_ISL_327181,2010.2
A/swine/Pennsylvania/A02636380/2022|A_/_H3N2|unassigned|2022-01-12|HA|4||EPI_ISL_14775290,1990.4.a
A/swine/Indiana/A02863064/2024|A_/_H3N2|unassigned|2024-10-23|HA|4||EPI_ISL_19556928,1990.4.a
A/swine/North_Carolina/A01727367/2015|A_/_H3N2|unassigned|2015-12-08|HA|4||EPI_ISL_209359,1990.4.a
A/swine/Minnesota/A01785333/2017|A_/_H3N2|unassigned|2017-10-27|HA|4||EPI_ISL_296687,2010.1
A/swine/Iowa/A01942648/2016|A_/_H3N2|unassigned|2016-02-29|HA|4||EPI_ISL_236819,2010.1
A/swine/Ohio/09SW63/2009|A_/_H3N2|unassigned|2009-08-08|HA|4||EPI_ISL_133803,1990.4
A/swine/Iowa/A02712637/2022|A_/_H3N2|3C.2|2022-12-09|HA|4||EPI_ISL_17373186,2010.1
A/swine/Iowa/A01555108/2014|A_/_H3N1|unassigned|2014-11-19|HA|4||EPI_ISL_174319,2010.1
A/swine/Missouri/ISU-A02861834/2023|A_/_H3N2|unassigned|2023-09-25|HA|4||EPI_ISL_18699076,2010.1
A/swine/Indiana/A02525078/2021|A_/_H3N2|unassigned|2021-01-05|HA|4||EPI_ISL_4081927,1990.4.a
A/swine/Utah/A02479180/2020|A_/_H3N2|unassigned|2020-03-26|HA|4||EPI_ISL_504144,2010.1
A/swine/Iowa/A02750728/2022|A_/_H3N2|unassigned|2022-07-17|HA|4||EPI_ISL_14937151,2010.1
A/swine/Indiana/25TOSU1397/2025|A_/_H3N2|unassigned|2025-06-11|HA|4||EPI_ISL_20191329,2010.1
A/swine/Iowa/A01944022/2015|A_/_H3N2|unassigned|2015-09-11|HA|4||EPI_ISL_201847,1990.4.i
A/swine/Minnesota/A02751150/2022|A_/_H3N2|3C.2|2022-10-29|HA|4||EPI_ISL_16925110,2010.1
A/swine/Ohio/21TOSU0580/2021|A_/_H3N2|unassigned|2021-06-05|HA|4||EPI_ISL_14224624,1990.4.a
A/swine/Indiana/24TOSU0898/2024|A_/_H3N2|3C.3a|2024-06-13|HA|4||EPI_ISL_19332122,1990.4.a
A/swine/Iowa/100637/2020|A_/_H3|3C.3a|2020-01-09|HA|4||EPI_ISL_19278237,1990.4.a
A/swine/Michigan/A02780682/2023|A_/_H3N2|3C.3a|2023-07-15|HA|4||EPI_ISL_18144135,1990.4.a
A/swine/Iowa/A02862865/2024|A_/_H3N2|3C.2|2024-09-09|HA|4||EPI_ISL_19471783,2010.1
A/swine/Iowa/004511_02859000/2025|A_/_H3N2|unassigned|2025-10-15|HA|4||EPI_ISL_20389448,2010.1
A/swine/Oklahoma/SG1216/2005|A_/_H3N2|unassigned|2005-03-03|HA|4||EPI_ISL_150829,1990.4-like
A/swine/Iowa/004669_02859144/2025|A_/_H3N2|unassigned|2025-12-19|HA|4||EPI_ISL_20389168,2010.1
A/swine/Minnesota/A01279722/2012|A_/_H3N2|unassigned|2012-12-06|HA|4||EPI_ISL_133699,1990.4.b2
A/swine/Nebraska/A02268693/2018|A_/_H3N2|unassigned|2018-11-02|HA|4||EPI_ISL_378876,2010.1
A/swine/Nebraska/A02245566/2020|A_/_H3N2|unassigned|2020-03-27|HA|4||EPI_ISL_504153,1990.4.a
A/swine/Indiana/100709/2020|A_/_H3|unassigned|2020-10-29|HA|4||EPI_ISL_19278108,2010.2
A/swine/Illinois/A01493218/2014|A_/_H3N2|unassigned|2014-03-19|HA|4||EPI_ISL_161341,1990.4.e
A/swine/Minnesota/A01785463/2018|A_/_H3N2|unassigned|2018-03-09|HA|4||EPI_ISL_388949,2010.1
A/swine/Ohio/16TOSU3152/2016|A_/_H3N2|unassigned|2016-06-01|HA|4||EPI_ISL_327825,2010.1
A/swine/Iowa/A02863175/2024|A_/_H3N2|3C.2|2024-11-20|HA|4||EPI_ISL_19633292,2010.1
A/swine/Iowa/A01777664/2016|A_/_H3N2|unassigned|2016-06-29|HA|4||EPI_ISL_234966,2010.1
A/swine/Illinois/100421/2019|A_/_H3|unassigned|2019-10-23|HA|4||EPI_ISL_19278295,2010.1
A/swine/Iowa/22TOSU3957/2022|A_/_H3N2|3C.2|2022-08-15|HA|4||EPI_ISL_17409601,2010.1
A/swine/Illinois/092505_02858794/2025|A_/_H3N2|unassigned|2025-08-26|HA|4||EPI_ISL_20187384,2010.1
A/swine/Iowa/A02751206/2022|A_/_H3N2|3C.2|2022-11-08|HA|4||EPI_ISL_16925091,2010.1
A/swine/North_Carolina/A02479083/2020|A_/_H3N2|unassigned|2020-02-20|HA|4||EPI_ISL_503920,1990.4.a
A/swine/Nebraska/I078528/2025|A_/_H3N1|unassigned|2025-07-28|HA|4||EPI_ISL_20327338,1990.4.i
A/swine/Iowa/A02215043/2017|A_/_H3N2|unassigned|2017-04-27|HA|4||EPI_ISL_267145,2010.1
A/swine/Iowa/A02636640/2022|A_/_H3N2|unassigned|2022-04-11|HA|4||EPI_ISL_14835147,1990.4.a
A/swine/North_Carolina/A01290762/2013|A_/_H3N2|unassigned|2013-11-01|HA|4||EPI_ISL_153767,1990.4.a
A/swine/Kansas/A02245726/2020|A_/_H3N2|unassigned|2020-10-01|HA|4||EPI_ISL_697662,2010.1
"Influenza A virus (A/swine/Illinois/21TOSU2124/2021(H3N2)) segment 4 hemagglutinin (HA) gene, complete cds |Alphainfluenzavirus influenzae|H3N2|USA|Sus scrofa scrofa|2021-06-25|OP871249.1",1990.4.a
A/swine/Indiana/A02862499/2024|A_/_H3N2|unassigned|2024-04-03|HA|4||EPI_ISL_19095234,2010.2
A/swine/Iowa/A02134996/2017|A_/_H3N2|unassigned|2017-10-23|HA|4||EPI_ISL_296390,2010.1
A/swine/Iowa/A02479341/2020|A_/_H3N2|unassigned|2020-05-13|HA|4||EPI_ISL_501758,1990.4.a
A/swine/Iowa/A01244302/2012|A_/_H3N2|unassigned|2012-11-05|HA|4||EPI_ISL_133708,1990.4.a
A/swine/Oklahoma/A01678605/2019|A_/_H3N2|3C.2a1|2019-07-12|HA|4||EPI_ISL_393431,2010.2
A/swine/Ohio/A02685216/2023|A_/_H3N2|unassigned|2023-11-29|HA|4||EPI_ISL_19266388,2010.1
A/swine/Illinois/A02271345/2018|A_/_H3N2|unassigned|2018-12-06|HA|4||EPI_ISL_376688,2010.1
A/swine/Pennsylvania/A02636383/2022|A_/_H3N2|unassigned|2022-01-13|HA|4||EPI_ISL_14775395,1990.4.a
A/swine/Oklahoma/ISU-A02862014/2023|A_/_H3N2|unassigned|2023-11-08|HA|4||EPI_ISL_18777066,2010.1
A/swine/Iowa/A02861638/2023|A_/_H3N2|unassigned|2023-07-10|HA|4||EPI_ISL_18211287,2010.1
A/swine/Illinois/A01201606/2011|A_/_H3N2|unassigned|2011-06-01|HA|4||EPI_ISL_104808,1990.4.d
A/swine/Indiana/A02751435/2022|A_/_H3N2|3C.3a|2022-12-27|HA|4||EPI_ISL_17184132,1990.4.a
A/swine/Minnesota/SG-00235/2007|A_/_H3N2|unassigned|2007-06-11|HA|4||EPI_ISL_25302,1990.4
A/swine/Indiana/24TOSU0773/2024|A_/_H3N2|3C.3a|2024-06-13|HA|4||EPI_ISL_19332104,1990.4.a
A/swine/Kansas/A02750656/2022|A_/_H3N2|unassigned|2022-06-16|HA|4||EPI_ISL_14875710,2010.1
A/swine/Illinois/100218/2016|A_/_H3|unassigned|2016-10-25|HA|4||EPI_ISL_19278908,1990.4.b2
A/swine/Pennsylvania/A02524416/2020|A_/_H3N2|unassigned|2020-06-11|HA|4||EPI_ISL_499227,1990.4.a
A/swine/Illinois/A02858522/2025|A_/_H3N2|unassigned|2025-04-09|HA|4||EPI_ISL_19855216,2010.1
A/swine/Iowa/A02524686/2020|A_/_H3N2|unassigned|2020-10-02|HA|4||EPI_ISL_697639,1990.4.a
A/swine/Illinois/101676/2021|A_/_H3|3C.3a|2021-11-30|HA|4||EPI_ISL_19277980,1990.4.a
A/swine/Alabama/00602/2005|A_/_H3N2|unassigned|2005-01-01|HA|4||EPI_ISL_189999,1990.4
A/swine/Kansas/A02711802/2022|A_/_H3N2|unassigned|2022-04-07|HA|4||EPI_ISL_14835315,2010.1
"Influenza A virus (A/swine/Minnesota/A02979314/2024(H3N2)) segment 4 hemagglutinin (HA) gene, complete cds |Alphainfluenzavirus influenzae|H3N2|USA|Sus scrofa|2024-10-31|PQ851389.1",1990.4.a
A/swine/North_Carolina/A02635901/2021|A_/_H3N2|unassigned|2021-06-21|HA|4||EPI_ISL_4084509,1990.4.a
"Influenza A virus (A/swine/Oklahoma/00606/2005(H3N2)) hemagglutinin (HA) gene, partial cds |Alphainfluenzavirus influenzae|H3N2|USA: Oklahoma|Sus scrofa|2005-05-04|CY159723.1",1990.4
A/swine/Illinois/A01327868/2012|A_/_H3N2|unassigned|2012-05-03|HA|4||EPI_ISL_130016,1990.4.e
A/swine/Missouri/A02858426/2025|A_/_H3N2|unassigned|2025-02-27|HA|4||EPI_ISL_19810995,2010.1
A/swine/Iowa/A02269695/2018|A_/_H3N2|unassigned|2018-11-13|HA|4||EPI_ISL_378900,2010.1
A/swine/Iowa/A02862678/2024|A_/_H3N2|3C.2|2024-07-25|HA|4||EPI_ISL_19301236,2010.1
A/swine/Kentucky/16TOSU6724/2016|A_/_H3N2|unassigned|2016-07-07|HA|4||EPI_ISL_254022,1990.4.a
A/swine/Wisconsin/A02978861/2024|A_/_H3N2|3C.2|2024-03-22|HA|4||EPI_ISL_19134601,2010.1
A/swine/Iowa/A02862866/2024|A_/_H3N2|unassigned|2024-09-10|HA|4||EPI_ISL_19471781,2010.1
A/swine/North_Carolina/A02861257/2023|A_/_H3N2|unassigned|2023-02-14|HA|4||EPI_ISL_17353494,1990.4.a
A/swine/Iowa/A02863109/2024|A_/_H3N2|unassigned|2024-11-01|HA|4||EPI_ISL_19603487,2010.1
A/swine/Iowa/A02858390/2025|A_/_H3N2|3C.2|2025-02-18|HA|4||EPI_ISL_19790153,2010.1
A/swine/Wyoming/A01397400/2013|A_/_H3N2|unassigned|2013-06-25|HA|4||EPI_ISL_147140,1990.4.a
A/swine/Iowa/ISU-A02862035/2023|A_/_H3N2|3C.2|2023-11-14|HA|4||EPI_ISL_18777058,2010.1
"Influenza A virus (A/swine/North Carolina/A02979408/2025(H3N2)) segment 4 hemagglutinin (HA) gene, complete cds |Alphainfluenzavirus influenzae|H3N2|USA|Sus scrofa|2025-03-07|PV648378.1",2010.1
A/swine/Iowa/101199/2010|A_/_H3|unassigned|2010-01-14|HA|4||EPI_ISL_19279428,1990.4
A/swine/Indiana/A02430541/2019|A_/_H3N2|3C.2a1|2019-02-19|HA|4||EPI_ISL_371767,2010.2
A/swine/Illinois/A01076735/2010|A_/_H3N2|unassigned|2010-11-01|HA|4||EPI_ISL_124342,1990.4
"Influenza A virus (A/swine/Kansas/A02246982/2021(H3N2)) segment 4 hemagglutinin (HA) gene, complete cds |Alphainfluenzavirus influenzae|H3N2|USA: Kansas|Sus scrofa|2021-10-22|OL840592.1",1990.4.b1
A/swine/ISU-Missouri/A02861843/2023|A_/_H3N2|unassigned|2023-09-27|HA|4||EPI_ISL_18749704,2010.1
A/swine/Illinois/100811/2022|A_/_H3|3C.3a|2022-01-11|HA|4||EPI_ISL_19277948,1990.4.a
A/swine/Iowa/CEIRR-K97479/2023|A_/_H3N2|unassigned|2023-10-18|HA|4||EPI_ISL_18847097,2010.1
A/swine/Iowa/B58578/2022|A_/_H3N2|unassigned|2022-06-17|HA|4||EPI_ISL_15620323,2010.1
A/swine/Iowa/A02861530/2023|A_/_H3N2|3C.3a|2023-05-15|HA|4||EPI_ISL_18037857,1990.4.a
A/swine/Iowa/A02524512/2020|A_/_H3N2|unassigned|2020-07-30|HA|4||EPI_ISL_707116,2010.1
A/swine/Kansas/A02245345/2019|A_/_H3N2|unassigned|2019-11-29|HA|4||EPI_ISL_505706,2010.1
"Influenza A virus (A/swine/Illinois/A02861360/2023(H3N2)) segment 4 hemagglutinin (HA) gene, complete cds |Alphainfluenzavirus influenzae|H3N2|USA: Illinois|Sus scrofa|2023-04-05|OQ954422.1",2010.1
A/swine/Kansas/A02858707/2025|A_/_H3N2|unassigned|2025-06-29|HA|4||EPI_ISL_20098719,2010.1
A/swine/North_Carolina/A02636172/2021|A_/_H3N2|unassigned|2021-09-16|HA|4||EPI_ISL_6795343,1990.4.a
A/swine/Iowa/A02479069/2020|A_/_H3N2|unassigned|2020-02-17|HA|4||EPI_ISL_503892,2010.1
A/swine/Illinois/A02861392/2023|A_/_H3N2|3C.2|2023-04-17|HA|4||EPI_ISL_17699664,2010.1
A/swine/Iowa/A02858345/2025|A_/_H3N2|unassigned|2025-01-29|HA|4||EPI_ISL_19769007,2010.1
A/swine/North_Carolina/A02862875/2024|A_/_H3N2|unassigned|2024-09-12|HA|4||EPI_ISL_19471776,2010.1
A/swine/Ohio/OH20-24948/2020|A_/_H3N2|3C.3a|2020-11-20|HA|4||EPI_ISL_17373115,1990.4.a
A/swine/Minnesota/A01785779/2018|A_/_H3N2|unassigned|2018-12-05|HA|4||EPI_ISL_376668,2010.1
A/swine/Iowa/A02862841/2024|A_/_H3N2|3C.2|2024-08-23|HA|4||EPI_ISL_19436812,2010.1
A/swine/Ohio/23-19589/2023|A_/_H3N2|unassigned|2023-08-16|HA|4||EPI_ISL_20186016,2010.1
A/swine/North_Carolina/A02025897/2015|A_/_H3N2|unassigned|2015-09-03|HA|4||EPI_ISL_200984,1990.4.a
A/swine/North_Carolina/ISU-A02862097/2023|A_/_H3N2|unassigned|2023-11-30|HA|4||EPI_ISL_18701681,2010.1
A/swine/Iowa/A02524874/2020|A_/_H3N2|unassigned|2020-11-05|HA|4||EPI_ISL_4081702,1990.4.b1
A/swine/Illinois/101595/2023|A_/_H3|unassigned|2023-04-06|HA|4||EPI_ISL_19277718,2010.1
A/swine/Missouri/101611/2022|A_/_H3|3C.2|2022-11-07|HA|4||EPI_ISL_19277876,2010.1
"Influenza A virus (A/swine/Ohio/23TOSU1880/2023(H3Nx)) segment 4 hemagglutinin (HA) gene, complete cds |Alphainfluenzavirus influenzae|H3Nx|USA|Sus scrofa scrofa|2023-06-24|OR786797.1",1990.4.a
A/swine/Iowa/A02525251/2021|A_/_H3N2|unassigned|2021-03-10|HA|4||EPI_ISL_4082172,1990.4.a
A/swine/Kentucky/24TOSU2168/2024|A_/_H3N2|unassigned|2024-07-03|HA|4||EPI_ISL_19815567,1990.4.a
"Influenza A virus (A/swine/Minnesota/A02861263/2023(H3N2)) segment 4 hemagglutinin (HA) gene, complete cds |Alphainfluenzavirus influenzae|H3N2|USA: Minnesota|Sus scrofa|2023-03-03|OQ836480.1",2010.1
A/swine/Pennsylvania/A02635799/2021|A_/_H3N2|unassigned|2021-05-13|HA|4||EPI_ISL_4083933,1990.4.a
A/swine/Minnesota/D09-22524/2009|A_/_H3N2|unassigned|2009-05-04|HA|4||EPI_ISL_188504,1990.4
A/swine/Illinois/101345/2012|A_/_H3|3C.2|2012-03-16|HA|4||EPI_ISL_19279384,1990.4.a
A/swine/Iowa/A02524699/2020|A_/_H3N2|unassigned|2020-10-02|HA|4||EPI_ISL_697702,2010.1
A/swine/Missouri/101632/2022|A_/_H3|3C.2|2022-08-18|HA|4||EPI_ISL_19277913,2010.1
A/swine/Iowa/A02169075/2018|A_/_H3N2|unassigned|2018-05-29|HA|4||EPI_ISL_328637,2010.1
A/swine/Illinois/A01894511/2016|A_/_H3N2|unassigned|2016-03-29|HA|4||EPI_ISL_222501,1990.4.e
A/swine/Nebraska/4D-0114-P1/2014|A_/_H3N2|3C.3a|2014-02-01|HA|4||EPI_ISL_16891351,1990.4.a
A/swine/North_Carolina/A01477142/2014|A_/_H3N2|unassigned|2014-07-30|HA|4||EPI_ISL_166569,1990.4.a
"Influenza A virus (A/swine/North Carolina/A01410877/2014(H3N2)) segment 4 hemagglutinin (HA) gene, complete cds |Alphainfluenzavirus influenzae|H3N2|USA: North Carolina|Sus scrofa|2014-05|KM027343.1",1990.4.a
A/swine/Iowa/A02750879/2022|A_/_H3N2|unassigned|2022-09-09|HA|4||EPI_ISL_15620418,2010.1
A/swine/Ohio/13TOSU2130/2013|A_/_H3N2|unassigned|2013-08-01|HA|4||EPI_ISL_161130,1990.4.a
"Influenza A virus (A/swine/North Carolina/A02979336/2024(H3N2)) segment 4 hemagglutinin (HA) gene, complete cds |Alphainfluenzavirus influenzae|H3N2|USA|Sus scrofa|2024-11-18|PQ851083.1",
A/swine/Minnesota/A01392534/2013|A_/_H3N2|unassigned|2013-10-03|HA|4||EPI_ISL_150522,1990.4.f
A/swine/Ohio/14TOSU21811/2014|A_/_H3N2|unassigned|2014-01-01|HA|4||EPI_ISL_200865,1990.4.b1
A/swine/Nebraska/I080616/2024|A_/_H3N1|unassigned|2024-08-06|HA|4||EPI_ISL_19501204,1990.4.i
A/swine/Indiana/104702_02858902/2025|A_/_H3N2|unassigned|2025-10-07|HA|4||EPI_ISL_20247425,2010.2
A/swine/Wisconsin/099664_02858863/2025|A_/_H3N2|unassigned|2025-09-25|HA|4||EPI_ISL_20220231,2010.1
A/swine/Iowa/A02635834/2021|A_/_H3N2|unassigned|2021-05-13|HA|4||EPI_ISL_4083961,1990.4.a
A/swine/Kansas/10-83533/2010|A_/_H3N2|unassigned|2010-04-18|HA|4||EPI_ISL_182282,1990.4
"Influenza A virus (A/swine/Kentucky/23TOSU2278/2023(H3Nx)) segment 4 hemagglutinin (HA) gene, complete cds |Alphainfluenzavirus influenzae|H3Nx|USA|Sus scrofa scrofa|2023-07-05|PP461307.1",1990.4.a
A/swine/Minnesota/65767/2006|A_/_H3N2|unassigned|2006-12-26|HA|4||EPI_ISL_64466,1990.4
A/swine/Oklahoma/A01672422/2017|A_/_H3N2|unassigned|2017-01-17|HA|4||EPI_ISL_256566,2010.1
A/swine/North_Carolina/A01566286/2014|A_/_H3N2|unassigned|2014-07-28|HA|4||EPI_ISL_170846,1990.4.a
A/swine/Iowa/21TOSU0768/2021|A_/_H3N2|unassigned|2021-05-27|HA|4||EPI_ISL_18005792,2010.2
A/swine/Missouri/A02636044/2021|A_/_H3N2|unassigned|2021-08-11|HA|4||EPI_ISL_6781473,2010.1
A/swine/Iowa/ISU-A02861956/2023|A_/_H3N2|unassigned|2023-10-26|HA|4||EPI_ISL_18777107,2010.1
A/swine/North_Carolina/A02245687/2020|A_/_H3N2|unassigned|2020-08-12|HA|4||EPI_ISL_707263,1990.4.a
A/swine/Nebraska/I095500/2025|A_/_H3N1|unassigned|2025-09-18|HA|4||EPI_ISL_20327340,1990.4.i
A/swine/Iowa/A02478600/2019|A_/_H3N2|unassigned|2019-07-26|HA|4||EPI_ISL_388669,1990.4.a
"Influenza A virus (A/swine/Iowa/CD81015/2015(H3N1)) clone 5 segment 4 hemagglutinin, HA2 region, (HA) gene, partial cds |Alphainfluenzavirus influenzae|H3N1|USA|Sus scrofa|2015-08-17|MW839745.1",
A/swine/North_Carolina/A01476560/2014|A_/_H3N2|unassigned|2014-10-06|HA|4||EPI_ISL_171029,1990.4.a
A/swine/Ohio/OH18-08582.4/2018|A_/_H3N2|unassigned|2018-04-15|HA|4||EPI_ISL_373197,1990.4.a
A/swine/Iowa/A02635817/2021|A_/_H3N2|unassigned|2021-03-08|HA|4||EPI_ISL_4083989,1990.4.a
A/swine/Indiana/A02525372/2021|A_/_H3N2|unassigned|2021-04-12|HA|4||EPI_ISL_4083580,1990.4.a
A/swine/Iowa/A02214497/2017|A_/_H3N2|unassigned|2017-04-09|HA|4||EPI_ISL_272853,2010.1
A/swine/Ohio/24-2293-2/2024|A_/_H3N2|unassigned|2024-01-31|HA|4||EPI_ISL_20187759,2010.1
A/swine/Pennsylvania/A02636577/2022|A_/_H3N2|unassigned|2022-03-16|HA|4||EPI_ISL_14779625,1990.4.a
A/swine/Ohio/21TOSU0486/2021|A_/_H3N2|unassigned|2021-05-22|HA|4||EPI_ISL_14224595,1990.4.a
A/swine/Iowa/20TOSU1058/2020|A_/_H3N2|unassigned|2020-07-07|HA|4||EPI_ISL_14224394,1990.4.a
"Influenza A virus (A/swine/Minnesota/A02246983/2021(H3N2)) segment 4 hemagglutinin (HA) gene, complete cds |Alphainfluenzavirus influenzae|H3N2|USA: Minnesota|Sus scrofa|2021-10-25|OL840602.1",1990.4.a
A/swine/Iowa/ISU-A02862054/2023|A_/_H3N2|3C.2|2023-11-20|HA|4||EPI_ISL_18777049,2010.1
"Influenza A virus (A/swine/Arkansas/SG1319/2009(H3N2)) hemagglutinin (HA) gene, partial cds |Alphainfluenzavirus influenzae|H3N2|USA: Arkansas|Sus scrofa|2009-01-14|CY159906.1",1990.4
A/swine/Indiana/A01812151/2016|A_/_H3N2|unassigned|2016-01-20|HA|4||EPI_ISL_236810,1990.4.a
A/swine/MN/58835/2018|A_/_H3N2|unassigned|2018-08-21|HA|4||EPI_ISL_389824,1990.1
A/swine/Kansas/018050-1/2014|A_/_H3N2|unassigned|2014-07-09|HA|4||EPI_ISL_166558,1990.4.a
A/swine/Minnesota/A01822846/2015|A_/_H3N2|unassigned|2015-06-08|HA|4||EPI_ISL_195315,1990.4.a
A/swine/Indiana/A02636041/2021|A_/_H3N2|unassigned|2021-08-06|HA|4||EPI_ISL_6781485,2010.2
A/swine/Nebraska/I038467/2024|A_/_H3N2|unassigned|2024-04-11|HA|4||EPI_ISL_19283987,1990.4.i
A/swine/Kansas/A02978503/2023|A_/_H3N2|unassigned|2023-05-05|HA|4||EPI_ISL_17809149,2010.1
"Influenza A virus (A/swine/Ohio/OH20-16034/2020(H3N2)) segment 4 hemagglutinin (HA) gene, complete cds |Alphainfluenzavirus influenzae|H3N2|USA: Ohio|Sus scrofa|2020-07-29|OQ695121.1",1990.4.a
A/swine/Kentucky/17TOSU6417/2017|A_/_H3N2|unassigned|2017-07-01|HA|4||EPI_ISL_373647,2010.1
A/swine/Illinois/63607-22/2008|A_/_H3N2|unassigned|2008-01-01|HA|4||EPI_ISL_30292,1990.4
A/swine/Illinois/A02635974/2021|A_/_H3N2|unassigned|2021-07-14|HA|4||EPI_ISL_4089878,2010.1
A/swine/Minnesota/63607-29/2008|A_/_H3N2|unassigned|2008-01-01|HA|4||EPI_ISL_30312,1990.4
A/swine/Oklahoma/A02479048/2020|A_/_H3N2|unassigned|2020-02-04|HA|4||EPI_ISL_503622,2010.1
A/swine/Iowa/A01076632/2010|A_/_H3N2|unassigned|2010-10-26|HA|4||EPI_ISL_116351,1990.4.b2
A/swine/Illinois/A02140801/2018|A_/_H3N2|unassigned|2018-01-10|HA|4||EPI_ISL_299567,2010.1
A/swine/Iowa/A02750771/2022|A_/_H3N2|unassigned|2022-08-09|HA|4||EPI_ISL_15215288,1990.4.a
A/swine/Indiana/24TOSU1003/2024|A_/_H3N2|3C.3a|2024-06-18|HA|4||EPI_ISL_19815610,1990.4.a
A/swine/North_Carolina/A02245174/2019|A_/_H3N2|unassigned|2019-06-12|HA|4||EPI_ISL_372556,2010.1
A/swine/Illinois/A01565507/2014|A_/_H3N1|3C.3a|2014-09-16|HA|4||EPI_ISL_167983,1990.4.a
A/swine/North_Carolina/A01797711/2015|A_/_H3N2|unassigned|2015-12-01|HA|4||EPI_ISL_208970,1990.4.b2
A/swine/Kansas/A02978429/2023|A_/_H3N2|unassigned|2023-02-10|HA|4||EPI_ISL_17986901,1990.4.b1
A/swine/Iowa/A01672043/2017|A_/_H3N2|unassigned|2017-01-04|HA|4||EPI_ISL_254690,2010.1
A/swine/Missouri/101792/2017|A_/_H3|3C.2|2017-06-16|HA|4||EPI_ISL_19278812,1990.4.a
A/swine/Missouri/A02758605/2023|A_/_H3N2|3C.2a1b.2a.2a.1|2023-02-07|HA|4||EPI_ISL_17353490,Other-Human-2020
A/swine/Illinois/A01201763/2011|A_/_H3N2|unassigned|2011-06-23|HA|4||EPI_ISL_127744,2010.1-like
A/swine/North_Carolina/A02245825/2020|A_/_H3N2|unassigned|2020-12-08|HA|4||EPI_ISL_4081829,1990.4.a
A/swine/Minnesota/A02978864/2024|A_/_H3N2|unassigned|2024-03-25|HA|4||EPI_ISL_19134597,1990.4.a
A/swine/North_Carolina/A02861259/2023|A_/_H3N2|3C.3a|2023-03-09|HA|4||EPI_ISL_17530194,1990.4.a
A/swine/Illinois/100261/2017|A_/_H3|unassigned|2017-01-25|HA|4||EPI_ISL_19278860,1990.4.a
A/swine/Kansas/A01377371/2014|A_/_H3N2|unassigned|2014-10-15|HA|4||EPI_ISL_168507,1990.4.b1
"Influenza A virus (A/swine/Missouri/A02750981/2022(H3N2)) segment 4 hemagglutinin (HA) gene, complete cds |Alphainfluenzavirus influenzae|H3N2|USA: Missouri|Sus scrofa|2022-10-07|OP903581.1",2010.1
"Influenza A virus (A/swine/Minnesota/A01941920/2015(H3N2)) segment 4 hemagglutinin (HA) gene, complete cds |Alphainfluenzavirus influenzae|H3N2|USA: Minnesota|Sus scrofa|2015-12-18|KU680989.1",2010.1
A/swine/Iowa/A02158359/2018|A_/_H3N2|unassigned|2018-04-27|HA|4||EPI_ISL_328750,2010.1
A/swine/Illinois/100035/2012|A_/_H3|unassigned|2012-10-09|HA|4||EPI_ISL_19279350,1990.4.c
A/swine/Minnesota/A01432544/2013|A_/_H3N2|unassigned|2013-03-01|HA|4||EPI_ISL_140694,1990.4.b1
A/swine/Oklahoma/A02712638/2022|A_/_H3N2|unassigned|2022-12-21|HA|4||EPI_ISL_17373167,2010.1
A/swine/Iowa/A01202614/2011|A_/_H3N2|unassigned|2011-09-27|HA|4||EPI_ISL_124315,1990.4.d
A/swine/Indiana/17TOSU2839/2017|A_/_H3N2|unassigned|2017-06-01|HA|4||EPI_ISL_373569,2010.1
A/swine/Illinois/17TOSU5489/2017|A_/_H3N2|unassigned|2017-07-01|HA|4||EPI_ISL_373554,2010.1
A/swine/Iowa/A02751060/2022|A_/_H3N2|3C.2|2022-10-20|HA|4||EPI_ISL_16854570,2010.1
A/swine/Iowa/A01410600/2014|A_/_H3N2|unassigned|2014-04-01|HA|4||EPI_ISL_162303,1990.4.a
A/swine/Iowa/004585_02859066/2025|A_/_H3N2|unassigned|2025-11-14|HA|4||EPI_ISL_20389486,1990.4
A/swine/Indiana/A01260048/2012|A_/_H3N2|unassigned|2012-10-17|HA|4||EPI_ISL_132938,1990.4.a
A/swine/Indiana/24TOSU0931/2024|A_/_H3N2|3C.3a|2024-06-13|HA|4||EPI_ISL_19332124,1990.4.a
A/swine/North_Dakota/A01895932/2016|A_/_H3N2|unassigned|2016-04-19|HA|4||EPI_ISL_225507,1990.4.a
A/swine/Iowa/A02862914/2024|A_/_H3N2|unassigned|2024-09-25|HA|4||EPI_ISL_19521819,2010.1
"Influenza A virus (A/swine/Iowa/A02750812/2022(H3N2)) segment 4 hemagglutinin (HA) gene, complete cds |Alphainfluenzavirus influenzae|H3N2|USA: Iowa|Sus scrofa|2022-08-19|OP454928.1",2010.1
A/swine/North_Carolina/A02636343/2021|A_/_H3N2|unassigned|2021-12-13|HA|4||EPI_ISL_14770832,1990.4.a
"Influenza A virus (A/swine/Iowa/A02478795/2019(H3N2)) segment 4 hemagglutinin (HA) gene, complete cds |Alphainfluenzavirus influenzae|H3N2|USA: Iowa|Sus scrofa|2019-10-22|MN732769.1",1990.4.a
A/swine/Iowa/A01290742/2013|A_/_H3N2|unassigned|2013-11-01|HA|4||EPI_ISL_153739,1990.4.a
A/swine/Iowa/A02635814/2021|A_/_H3N2|unassigned|2021-05-11|HA|4||EPI_ISL_4083700,1990.4.a
A/swine/North_Carolina/00950/2006|A_/_H3N2|unassigned|2006-09-27|HA|4||EPI_ISL_151395,1990.4
A/swine/Iowa/A01476267/2014|A_/_H3N2|unassigned|2014-08-22|HA|4||EPI_ISL_167336,1990.4.a
A/swine/Oklahoma/A02478845/2019|A_/_H3N2|unassigned|2019-10-31|HA|4||EPI_ISL_505712,1990.4.a
A/swine/Iowa/A01203503/2012|A_/_H3N2|unassigned|2012-05-09|HA|4||EPI_ISL_124047,1990.4.a
A/swine/Iowa/101154/2009|A_/_H3|unassigned|2009-02-27|HA|4||EPI_ISL_19279473,1990.4
A/swine/Oklahoma/01033/2006|A_/_H3N2|unassigned|2006-01-01|HA|4||EPI_ISL_190011,1990.4
A/swine/Iowa/A02525316/2021|A_/_H3N2|unassigned|2021-03-29|HA|4||EPI_ISL_4083451,2010.1
A/swine/Iowa/A01203196/2012|A_/_H3N2|unassigned|2012-01-26|HA|4||EPI_ISL_116141,1990.4.d
A/swine/Minnesota/A01240792/2012|A_/_H3N2|unassigned|2012-01-06|HA|4||EPI_ISL_130158,1990.4.b1
A/swine/Iowa/11333/2006|A_/_H3N2|unassigned|2006-06-01|HA|4||EPI_ISL_142718,1990.4
A/swine/North_Carolina/A02245252/2019|A_/_H3N2|unassigned|2019-09-19|HA|4||EPI_ISL_396974,1990.4.a
"Influenza A virus (A/swine/Kansas/2014-104/2014(H3N2)) segment 4 hemagglutinin (HA) gene, complete cds |Alphainfluenzavirus influenzae|H3N2|USA|Sus scrofa|2014-10-10|KP892979.1",1990.4.b1
A/swine/Illinois/63607-2/2008|A_/_H3N2|unassigned|2008-01-01|HA|4||EPI_ISL_30291,1990.4
A/swine/Kansas/D18-018193/2018|A_/_H3N2|unassigned|2018-05-31|HA|4||EPI_ISL_4083641,1990.4.a
A/swine/Indiana/A02861589/2023|A_/_H3N2|unassigned|2023-06-15|HA|4||EPI_ISL_18042988,2010.2
A/swine/Iowa/A02136687/2017|A_/_H3N2|unassigned|2017-11-16|HA|4||EPI_ISL_297098,2010.1
A/swine/Indiana/ISU-A02862010/2023|A_/_H3N2|unassigned|2023-11-08|HA|4||EPI_ISL_18777098,2010.1
A/swine/Iowa/A01668922/2016|A_/_H3N1|unassigned|2016-11-28|HA|4||EPI_ISL_252810,2010.1
A/swine/Illinois/A01555050/2014|A_/_H3N2|unassigned|2014-11-21|HA|4||EPI_ISL_174313,1990.4.a
A/swine/Iowa/A01840061/2014|A_/_H3N2|unassigned|2014-12-04|HA|4||EPI_ISL_174320,1990.4.a
A/swine/Nebraska/A01822499/2015|A_/_H3N2|unassigned|2015-06-01|HA|4||EPI_ISL_195334,1990.4.a
A/swine/Indiana/A01260140/2012|A_/_H3N2|unassigned|2012-11-21|HA|4||EPI_ISL_135219,1990.4.c
A/swine/Minnesota/A01678586/2018|A_/_H3N2|unassigned|2018-09-20|HA|4||EPI_ISL_379778,1990.4.a
A/swine/Iowa/A01076508/2010|A_/_H3N2|unassigned|2010-10-04|HA|4||EPI_ISL_124402,1990.4
A/swine/Nebraska/A02525301/2021|A_/_H3N2|unassigned|2021-03-25|HA|4||EPI_ISL_4082485,2010.1
A/swine/North_Carolina/A01945969/2015|A_/_H3N2|unassigned|2015-10-27|HA|4||EPI_ISL_205065,1990.4.a
A/swine/Iowa/A02861558/2023|A_/_H3N2|3C.2|2023-06-07|HA|4||EPI_ISL_18037826,2010.1
A/swine/Iowa/A02636597/2022|A_/_H3N2|unassigned|2022-03-22|HA|4||EPI_ISL_14779661,2010.1
A/swine/Missouri/A02862940/2024|A_/_H3N2|unassigned|2024-10-02|HA|4||EPI_ISL_19521805,2010.1
A/swine/Iowa/A02138764/2017|A_/_H3N2|unassigned|2017-12-13|HA|4||EPI_ISL_295668,2010.1
A/swine/Iowa/A02862438/2024|A_/_H3N2|3C.2|2024-03-20|HA|4||EPI_ISL_19064619,2010.1
A/swine/Iowa/A02862352/2024|A_/_H3N2|3C.2|2024-03-04|HA|4||EPI_ISL_19067869,2010.1
A/swine/Iowa/A02750914/2022|A_/_H3N2|unassigned|2022-09-21|HA|4||EPI_ISL_16215580,2010.1
A/swine/Illinois/17TOSU5908/2017|A_/_H3N2|unassigned|2017-06-01|HA|4||EPI_ISL_373563,2010.1
A/swine/Iowa/A02478650/2019|A_/_H3N2|unassigned|2019-09-09|HA|4||EPI_ISL_393534,2010.1
A/swine/Minnesota/A01327769/2012|A_/_H3N2|unassigned|2012-04-23|HA|4||EPI_ISL_130077,1990.4.i
A/swine/Iowa/092516_02858805/2025|A_/_H3N2|unassigned|2025-09-03|HA|4||EPI_ISL_20187395,2010.1
A/swine/Indiana/A02479023/2020|A_/_H3N2|unassigned|2020-01-21|HA|4||EPI_ISL_501282,1990.4.a
A/swine/Iowa/A01671744/2016|A_/_H3N2|unassigned|2016-12-28|HA|4||EPI_ISL_253921,1990.4.a
A/swine/Iowa/A02478483/2019|A_/_H3N2|unassigned|2019-05-15|HA|4||EPI_ISL_368774,2010.1
A/swine/Minnesota/MT_12_07_1654/2012|A_/_H3N2|unassigned|2012-10-31|HA|4||EPI_ISL_271736,1990.4.b2
A/swine/Minnesota/A01280592/2013|A_/_H3N2|unassigned|2013-01-30|HA|4||EPI_ISL_137550,1990.4.b2
A/swine/Iowa/100808/2022|A_/_H3|3C.3a|2022-01-05|HA|4||EPI_ISL_19277954,1990.4.a
A/swine/Minnesota/A01785328/2017|A_/_H3N2|unassigned|2017-10-25|HA|4||EPI_ISL_296397,2010.1
A/swine/Iowa/ISU-A02861726/2023|A_/_H3N2|3C.2|2023-08-18|HA|4||EPI_ISL_18276867,2010.1
A/swine/Michigan/16TOSU3399/2016|A_/_H3N2|unassigned|2016-06-18|HA|4||EPI_ISL_254043,1990.4.a
A/swine/Iowa/A02635922/2021|A_/_H3N2|unassigned|2021-06-18|HA|4||EPI_ISL_4084580,2010.1
"Influenza A virus (A/swine/California/A02861261/2023(H3N2)) segment 4 hemagglutinin (HA) gene, complete cds |Alphainfluenzavirus influenzae|H3N2|USA: California|Sus scrofa|2023-03-02|OQ836561.1",2010.1
A/swine/Iowa/A02479357/2020|A_/_H3N2|unassigned|2020-05-21|HA|4||EPI_ISL_706340,2010.1
A/swine/Iowa/100815/2017|A_/_H3|3C.2|2017-11-30|HA|4||EPI_ISL_19278698,2010.1
A/swine/Indiana/16TOSU2894/2016|A_/_H3N2|unassigned|2016-06-12|HA|4||EPI_ISL_254026,1990.4.a
A/swine/Iowa/A01733965/2016|A_/_H3N2|unassigned|2016-03-21|HA|4||EPI_ISL_221737,2010.1
A/swine/Illinois/A01857632/2015|A_/_H3N2|unassigned|2015-09-29|HA|4||EPI_ISL_201877,1990.4.e
"Influenza A virus (A/swine/Minnesota/A02636009/2021(H3N2)) segment 4 hemagglutinin (HA) gene, complete cds |Alphainfluenzavirus influenzae|H3N2|USA: Minnesota|Sus scrofa|2021-07-22|OK047467.1",1990.4.a
A/swine/Iowa/A01566613/2014|A_/_H3N2|unassigned|2014-11-14|HA|4||EPI_ISL_181114,2010.1
A/swine/Iowa/104704_02858904/2025|A_/_H3N2|unassigned|2025-10-09|HA|4||EPI_ISL_20247439,2010.1
A/swine/Ohio/A02636456/2022|A_/_H3N2|unassigned|2022-02-01|HA|4||EPI_ISL_14775616,1990.4.a
A/swine/Ohio/A01785249/2017|A_/_H3N2|unassigned|2017-02-27|HA|4||EPI_ISL_261452,2010.1
A/swine/Iowa/A02751168/2022|A_/_H3N2|unassigned|2022-11-03|HA|4||EPI_ISL_16925084,2010.1
A/swine/Iowa/A02862466/2024|A_/_H3N2|3C.2|2024-03-26|HA|4||EPI_ISL_19072961,2010.1
A/swine/Iowa/A02525111/2021|A_/_H3N2|unassigned|2021-01-27|HA|4||EPI_ISL_4081996,1990.4.a
A/swine/North_Carolina/A01730226/2016|A_/_H3N2|unassigned|2016-01-25|HA|4||EPI_ISL_217000,1990.4.a
A/swine/Kentucky/15TOSU1908/2015|A_/_H3N2|unassigned|2015-11-08|HA|4||EPI_ISL_245796,1990.4.b1
A/swine/Minnesota/A02246842/2021|A_/_H3N2|unassigned|2021-05-27|HA|4||EPI_ISL_4089896,2010.1
A/swine/Indiana/16TOSU4841/2016|A_/_H3N2|unassigned|2016-08-01|HA|4||EPI_ISL_280199,2010.1
"Influenza A virus (A/swine/Iowa/321160/2012(H3N2)) segment 4 hemagglutinin (HA) gene, complete cds |Alphainfluenzavirus influenzae|H3N2|USA|Sus scrofa|2012-08-23|KC813155.1",1990.4.a
A/swine/Ohio/OH18-26242-1.4/2018|A_/_H3N2|unassigned|2018-11-29|HA|4||EPI_ISL_373317,2010.1
A/swine/Tennessee/A02157798/2018|A_/_H3N2|unassigned|2018-04-12|HA|4||EPI_ISL_327634,1990.1
"Influenza A virus (A/swine/Arkansas/A01678584/2018(H3N2)) segment 4 hemagglutinin (HA) gene, complete cds |Alphainfluenzavirus influenzae|H3N2|USA: Arkansas|Sus scrofa|2018-09-06|MH924164.1",2010.2
A/swine/Illinois/101597/2023|A_/_H3|unassigned|2023-04-03|HA|4||EPI_ISL_19277752,2010.1
"Influenza A virus (A/swine/Iowa/20TOSU2404/2020(H3N2)) segment 4 hemagglutinin (HA) gene, complete cds |Alphainfluenzavirus influenzae|H3N2|USA|Sus scrofa scrofa|2020-07-10|OP654949.1",1990.4.a
A/swine/Minnesota/A02980704/2025|A_/_H3N2|unassigned|2025-09-16|HA|4||EPI_ISL_20258465,1990.4.a
A/swine/Ohio/A01895033/2015|A_/_H3N2|unassigned|2015-11-24|HA|4||EPI_ISL_208955,1990.4.a
A/swine/Illinois/A01796457/2015|A_/_H3N2|unassigned|2015-11-19|HA|4||EPI_ISL_208952,2010.1
A/swine/Iowa/A02478578/2019|A_/_H3N2|unassigned|2019-07-10|HA|4||EPI_ISL_381683,1990.4.a
A/swine/Iowa/C112447/2023|A_/_H3N2|3C.2|2023-12-01|HA|4||EPI_ISL_19262299,2010.1
A/swine/Iowa/A02751096/2022|A_/_H3N2|3C.2|2022-10-24|HA|4||EPI_ISL_16854549,2010.1
A/swine/Iowa/A01729052/2016|A_/_H3N2|unassigned|2016-01-06|HA|4||EPI_ISL_212215,1990.4.i
A/swine/Ohio/A01944458/2015|A_/_H3N2|unassigned|2015-10-06|HA|4||EPI_ISL_203185,1990.4.a
A/swine/Iowa/A02862730/2024|A_/_H3N2|3C.2|2024-06-28|HA|4||EPI_ISL_19310332,2010.1
A/swine/Iowa/A02861504/2023|A_/_H3N2|3C.3a|2023-05-30|HA|4||EPI_ISL_18042961,1990.4.a
A/swine/Iowa/A02750687/2022|A_/_H3N2|unassigned|2022-06-30|HA|4||EPI_ISL_14930634,1990.4.a
A/swine/North_Carolina/A01894904/2016|A_/_H3N2|unassigned|2016-03-31|HA|4||EPI_ISL_225563,1990.4.b2
A/swine/Illinois/101662/2022|A_/_H3|3C.3a|2022-01-31|HA|4||EPI_ISL_19277944,1990.4.a
A/swine/North_Carolina/01469/2007|A_/_H3N2|unassigned|2007-02-21|HA|4||EPI_ISL_151295,1990.4
A/swine/Iowa/A02218170/2017|A_/_H3N2|unassigned|2017-06-22|HA|4||EPI_ISL_279501,2010.1
A/swine/Minnesota/A01394021/2013|A_/_H3N2|unassigned|2013-10-15|HA|4||EPI_ISL_151144,1990.4.a
A/swine/Ohio/A02858495/2025|A_/_H3N2|unassigned|2025-03-31|HA|4||EPI_ISL_19850031,2010.1
"Influenza A virus (A/swine/Iowa/A02524764/2020(H3N2)) segment 4 hemagglutinin (HA) gene, complete cds |Alphainfluenzavirus influenzae|H3N2|USA: Iowa|Sus scrofa|2020-10-20|MW266911.1",1990.4.a
A/swine/Iowa/A02479300/2020|A_/_H3N2|unassigned|2020-05-01|HA|4||EPI_ISL_501676,1990.4.a
A/swine/Arkansas/A01678573/2018|A_/_H3N2|unassigned|2018-08-02|HA|4||EPI_ISL_327253,2010.2
"Influenza A virus (A/swine/Indiana/A02750822/2022(H3N2)) segment 4 hemagglutinin (HA) gene, complete cds |Alphainfluenzavirus influenzae|H3N2|USA: Indiana|Sus scrofa|2022-08-24|OP454918.1",2010.1
A/swine/Kansas/A01377582/2015|A_/_H3N2|unassigned|2015-08-10|HA|4||EPI_ISL_203200,1990.4.a
A/swine/Illinois/A01244402/2012|A_/_H3N2|unassigned|2012-12-05|HA|4||EPI_ISL_134289,1990.4.b1
A/swine/Iowa/A02525076/2021|A_/_H3N2|unassigned|2021-01-14|HA|4||EPI_ISL_4081954,2010.1
A/swine/Minnesota/A02862732/2024|A_/_H3N2|3C.3a|2024-06-28|HA|4||EPI_ISL_19310325,1990.4.a
A/swine/Iowa/ISU-A02861980/2023|A_/_H3N2|unassigned|2023-10-31|HA|4||EPI_ISL_18777119,2010.1
A/swine/South_Dakota/A01785373/2017|A_/_H3N2|unassigned|2017-11-29|HA|4||EPI_ISL_297118,1990.4.a
A/swine/North_Carolina/A01047914/2011|A_/_H3N2|unassigned|2011-01-06|HA|4||EPI_ISL_116282,1990.4
A/swine/Minnesota/A01785310/2017|A_/_H3N2|unassigned|2017-10-10|HA|4||EPI_ISL_290289,1990.4.b2
A/swine/Ohio/OH21-12955/2021|A_/_H3N2|3C.3a|2021-06-01|HA|4||EPI_ISL_17760618,1990.4.a
A/swine/North_Carolina/A02711812/2022|A_/_H3N2|unassigned|2022-04-27|HA|4||EPI_ISL_14224149,1990.4.a
A/swine/Iowa/A02751012/2022|A_/_H3N2|3C.3a|2022-10-12|HA|4||EPI_ISL_16854607,1990.4.a
"Influenza A virus (A/swine/North Carolina/A01785857/2019(H3N2)) segment 4 hemagglutinin (HA) gene, complete cds |Alphainfluenzavirus influenzae|H3N2|USA: North Carolina|Sus scrofa|2019-01-18|MK551229.1",2010.1
A/swine/Minnesota/A01672420/2017|A_/_H3N2|unassigned|2017-01-19|HA|4||EPI_ISL_256551,2010.1
"Influenza A virus (A/swine/Indiana/A01260466/2014(H3N2)) segment 4 hemagglutinin (HA) gene, complete cds |Alphainfluenzavirus influenzae|H3N2|USA: Indiana|Sus scrofa|2014-01-13|KJ579980.1",1990.4.a
A/swine/Missouri/ISU-A02861803/2023|A_/_H3N2|unassigned|2023-09-13|HA|4||EPI_ISL_18363570,2010.1
A/swine/IA/32152/2018|A_/_H3N2|unassigned|2018-05-03|HA|4||EPI_ISL_389809,1990.1
A/swine/Missouri/A02525199/2021|A_/_H3N2|unassigned|2021-02-22|HA|4||EPI_ISL_4082057,2010.1
A/swine/Iowa/A02751203/2022|A_/_H3N2|3C.3a|2022-11-08|HA|4||EPI_ISL_16925103,1990.4.a
A/swine/North_Carolina/USDA-A02978676/2023|A_/_H3N2|unassigned|2023-12-19|HA|4||EPI_ISL_18911159,1990.4.b1
A/swine/USA/101769/2017|A_/_H3|3C.3a|2017-12-28|HA|4||EPI_ISL_19278675,1990.1
A/swine/Minnesota/A01678514/2017|A_/_H3N2|unassigned|2017-10-10|HA|4||EPI_ISL_285505,2010.1
A/swine/Illinois/A01894510/2016|A_/_H3N2|unassigned|2016-03-29|HA|4||EPI_ISL_222495,1990.4.e
A/swine/Ohio/23-16455/2023|A_/_H3N2|unassigned|2023-07-06|HA|4||EPI_ISL_20186020,2010.2
A/swine/Iowa/ISU-A02861907/2023|A_/_H3N2|3C.2|2023-10-10|HA|4||EPI_ISL_18758299,2010.1
A/swine/Iowa/A01476471/2014|A_/_H3N1|unassigned|2014-01-15|HA|4||EPI_ISL_171023,2010.1
A/swine/Iowa/A01202906/2011|A_/_H3N2|unassigned|2011-11-21|HA|4||EPI_ISL_127873,1990.4.b2
A/swine/Indiana/A02636368/2022|A_/_H3N2|unassigned|2022-01-10|HA|4||EPI_ISL_14775279,1990.4.a
A/swine/Missouri/A01672522/2017|A_/_H3N2|unassigned|2017-01-19|HA|4||EPI_ISL_257036,2010.1
A/swine/Iowa/A02636147/2021|A_/_H3N2|unassigned|2021-09-17|HA|4||EPI_ISL_6795283,1990.4.a
"Influenza A virus (A/swine/Indiana/23TOSU2932/2023(H3N2)) segment 4 hemagglutinin (HA) gene, complete cds |Alphainfluenzavirus influenzae|H3N2|USA|Sus scrofa scrofa|2023-07-28|PP445482.1",1990.4.a
"Influenza A virus (A/swine/Minnesota/A02979313/2024(H3N2)) segment 4 hemagglutinin (HA) gene, complete cds |Alphainfluenzavirus influenzae|H3N2|USA|Sus scrofa|2024-10-29|PQ851077.1",1990.4.i
A/swine/North_Carolina/A01841712/2015|A_/_H3N2|unassigned|2015-03-19|HA|4||EPI_ISL_179607,1990.4.a
A/swine/Iowa/A02215100/2017|A_/_H3N2|unassigned|2017-05-03|HA|4||EPI_ISL_271770,2010.1
A/swine/Ohio/14TOSU21818/2014|A_/_H3N2|unassigned|2014-01-01|HA|4||EPI_ISL_200871,1990.4.b1
A/swine/Wisconsin/R7c/2001|A_/_H3N2|unassigned|2001-06-01|HA|4||EPI_ISL_65849,1990.4
A/swine/Ohio/A01364406/2013|A_/_H3N2|unassigned|2013-08-27|HA|4||EPI_ISL_149662,1990.4.a
A/Swine/Iowa/569/99|A_/_H3N2|unassigned|1999-01-01|HA|4||EPI_ISL_1718,1990.1
A/swine/Kansas/ISU-A02861978/2023|A_/_H3N2|unassigned|2023-11-02|HA|4||EPI_ISL_18777047,2010.1
A/swine/Ohio/10SW126/2010|A_/_H3N2|unassigned|2010-08-12|HA|4||EPI_ISL_133835,1990.4.a
A/swine/North_Carolina/A01840289/2015|A_/_H3N2|unassigned|2015-01-07|HA|4||EPI_ISL_174582,1990.4.a
A/swine/Minnesota/A02245180/2019|A_/_H3N2|unassigned|2019-06-19|HA|4||EPI_ISL_372554,2010.1
A/swine/Iowa/A02979365/2024|A_/_H3N2|unassigned|2024-11-05|HA|4||EPI_ISL_19820124,1990.4.a
A/swine/Iowa/A02751392/2022|A_/_H3N2|3C.3a|2022-12-08|HA|4||EPI_ISL_17061064,1990.4.a
A/swine/Michigan/16TOSU5235/2016|A_/_H3N2|unassigned|2016-08-06|HA|4||EPI_ISL_243721,1990.4.a
A/swine/Michigan/100453/2017|A_/_H3|3C.2a2|2017-11-29|HA|4||EPI_ISL_19278704,Other-Human-2010-like
A/swine/Missouri/A02479196/2020|A_/_H3N2|unassigned|2020-04-02|HA|4||EPI_ISL_502572,2010.1
A/swine/Nebraska/A01378048/2021|A_/_H3N2|unassigned|2021-07-19|HA|4||EPI_ISL_4089893,2010.1
A/swine/Ohio/OH-1033/2021|A_/_H3N2|3C.3a|2021-01-15|HA|4||EPI_ISL_17471722,1990.4.a
A/swine/Iowa/A01778878/2016|A_/_H3N2|unassigned|2016-08-22|HA|4||EPI_ISL_237035,1990.4.a
A/swine/Iowa/A01202613/2011|A_/_H3N2|unassigned|2011-09-27|HA|4||EPI_ISL_124248,1990.4.d
A/swine/Indiana/A02479025/2020|A_/_H3N2|unassigned|2020-01-21|HA|4||EPI_ISL_503439,1990.4.a
A/swine/Iowa/A01432770/2013|A_/_H3N2|unassigned|2013-06-01|HA|4||EPI_ISL_144540,1990.4.b1
A/swine/Kansas/A02858375/2025|A_/_H3N2|unassigned|2025-02-14|HA|4||EPI_ISL_19790148,2010.1
A/swine/Illinois/A02861584/2023|A_/_H3N2|unassigned|2023-06-13|HA|4||EPI_ISL_18042985,2010.1
A/swine/North_Carolina/A02245413/2020|A_/_H3N2|unassigned|2020-02-06|HA|4||EPI_ISL_503717,2010.1
A/swine/Iowa/092515_02858804/2025|A_/_H3N2|unassigned|2025-09-02|HA|4||EPI_ISL_20187394,1990.4.a
A/swine/Iowa/MT_12_07_4306/2012|A_/_H3N2|unassigned|2012-08-31|HA|4||EPI_ISL_271044,1990.4.b1
A/swine/Illinois/A01503899/2014|A_/_H3N2|unassigned|2014-08-27|HA|4||EPI_ISL_167154,1990.4.a
A/swine/Ohio/OH-18-5253/2018|A_/_H3N2|unassigned|2018-03-09|HA|4||EPI_ISL_329653,2010.1
"Influenza A virus (A/swine/Iowa/A02861289/2023(H3N2)) segment 4 hemagglutinin (HA) gene, complete cds |Alphainfluenzavirus influenzae|H3N2|USA: Iowa|Sus scrofa|2023-03-13|OQ836508.1",2010.1
A/swine/Iowa/16TOSU2289/2016|A_/_H3N2|unassigned|2016-06-09|HA|4||EPI_ISL_253983,1990.4.a
A/swine/Indiana/A01260479/2014|A_/_H3N2|unassigned|2014-01-28|HA|4||EPI_ISL_161718,1990.4.a
A/swine/North_Carolina/A01476974/2014|A_/_H3N2|unassigned|2014-11-11|HA|4||EPI_ISL_182313,1990.4.a
A/swine/Iowa/A02979379/2025|A_/_H3N2|unassigned|2025-02-11|HA|4||EPI_ISL_19848732,2010.1
A/swine/North_Carolina/A02978856/2024|A_/_H3N2|unassigned|2024-03-19|HA|4||EPI_ISL_19134606,1990.4.b1
A/swine/Kansas/A02978470/2023|A_/_H3N2|unassigned|2023-04-07|HA|4||EPI_ISL_17809154,1990.4.b1
A/swine/Minnesota/004657_02859132/2025|A_/_H3N2|unassigned|2025-12-11|HA|4||EPI_ISL_20389162,Other-Human-2020
A/swine/North_Carolina/A01476954/2014|A_/_H3N2|unassigned|2014-11-11|HA|4||EPI_ISL_182285,1990.4.a
A/swine/Ohio/16TOSU5399/2016|A_/_H3N2|unassigned|2016-08-01|HA|4||EPI_ISL_280251,2010.1
A/swine/North_Carolina/A01202768/2011|A_/_H3N2|unassigned|2011-10-20|HA|4||EPI_ISL_107086,1990.4.k
A/swine/Nebraska/I119140/2023|A_/_H3N1|unassigned|2023-12-20|HA|4||EPI_ISL_19268424,1990.4.i
A/swine/Minnesota/A01410096/2014|A_/_H3N2|unassigned|2014-01-01|HA|4||EPI_ISL_157189,1990.4.b1
A/swine/Nebraska/A02478852/2019|A_/_H3N2|unassigned|2019-11-06|HA|4||EPI_ISL_503390,2010.1
A/swine/Ohio/A02862533/2024|A_/_H3N2|3C.2|2024-04-03|HA|4||EPI_ISL_19139949,2010.1
A/swine/Kansas/A02478669/2019|A_/_H3N2|unassigned|2019-09-12|HA|4||EPI_ISL_396144,1990.1
A/swine/Iowa/A01202879/2011|A_/_H3N2|unassigned|2011-11-17|HA|4||EPI_ISL_124319,1990.4.a
A/swine/Kansas/A02245011/2019|A_/_H3N2|unassigned|2019-03-18|HA|4||EPI_ISL_370044,1990.4.a
A/swine/Iowa/20TOSU1848/2020|A_/_H3N2|unassigned|2020-07-09|HA|4||EPI_ISL_14224392,1990.4.a
A/swine/Iowa/A01932044/2017|A_/_H3N2|unassigned|2017-02-08|HA|4||EPI_ISL_258649,1990.4.a
A/swine/Iowa/A02861343/2023|A_/_H3N2|3C.2|2023-03-28|HA|4||EPI_ISL_17587091,2010.1
"Influenza A virus (A/swine/Kansas/2014-111/2014(H3N2)) segment 4 hemagglutinin (HA) gene, complete cds |Alphainfluenzavirus influenzae|H3N2|USA|Sus scrofa|2014-10-10|KP892982.1",1990.4.b1
A/swine/Indiana/A01812244/2016|A_/_H3N2|unassigned|2016-07-08|HA|4||EPI_ISL_243810,2010.1
A/swine/Indiana/A01840253/2014|A_/_H3N2|unassigned|2014-12-09|HA|4||EPI_ISL_174499,1990.4.a
A/swine/Ohio/OH20-11715/2020|A_/_H3N2|3C.3a|2020-06-09|HA|4||EPI_ISL_17373091,1990.4.a
A/swine/Oklahoma/A02862769/2024|A_/_H3N2|unassigned|2024-07-19|HA|4||EPI_ISL_20347471,2010.2
A/swine/Iowa/A01941549/2015|A_/_H3N2|unassigned|2015-12-14|HA|4||EPI_ISL_209345,2010.1
A/swine/Iowa/ISU-A02861838/2023|A_/_H3N2|3C.2|2023-09-26|HA|4||EPI_ISL_18699085,2010.1
A/swine/Illinois/A01462810/2015|A_/_H3N2|unassigned|2015-02-16|HA|4||EPI_ISL_177879,1990.4.b2
A/swine/Iowa/A02525040/2021|A_/_H3N2|unassigned|2021-01-05|HA|4||EPI_ISL_4081937,2010.1
A/swine/Indiana/21TOSU1817/2021|A_/_H3N2|unassigned|2021-06-25|HA|4||EPI_ISL_14872401,1990.4.a
A/swine/Minnesota/A01785723/2018|A_/_H3N2|unassigned|2018-10-28|HA|4||EPI_ISL_379464,2010.1
A/swine/Utah/A02478641/2019|A_/_H3N2|unassigned|2019-09-03|HA|4||EPI_ISL_393541,2010.1
A/swine/North_Carolina/A02979222/2024|A_/_H3N1|unassigned|2024-08-06|HA|4||EPI_ISL_19483733,2010.1
"Influenza A virus (A/swine/Iowa/A02862866/2024(H3N2)) segment 4 hemagglutinin (HA) gene, complete cds |Alphainfluenzavirus influenzae|H3N2|USA: Iowa|Sus scrofa|2024-09-10|PX918251.1",2010.1
A/swine/Missouri/15808/2008|A_/_H3N2|unassigned|2008-06-01|HA|4||EPI_ISL_142720,1990.4
"Influenza A virus (A/swine/Iowa/CD81015/2015(H3N1)) clone 4 segment 4 hemagglutinin (HA) gene, partial cds |Alphainfluenzavirus influenzae|H3N1|USA|Sus scrofa|2015-08-17|MW839760.1",
"Influenza A Virus (A/swine/Illinois/02940/2010(H3N2)) segment 4 hemagglutinin (HA) gene, partial cds |Alphainfluenzavirus influenzae|H3N2|USA|Sus scrofa|2010-01-05|GU565035.2",1990.4.b2
A/swine/Minnesota/A01270872/2012|A_/_H3N2|unassigned|2012-10-01|HA|4||EPI_ISL_132375,1990.4.b2
A/swine/North_Carolina/004599_02859078/2025|A_/_H3N2|unassigned|2025-11-19|HA|4||EPI_ISL_20389327,2010.1
A/swine/USA/12/2017|A_/_H3N2|3C.2a1|2017-07-10|HA|4||EPI_ISL_505847,2010.2
A/swine/Dakota_Superior/MT_12_07_411/2012|A_/_H3N2|unassigned|2012-01-04|HA|4||EPI_ISL_271718,1990.4
A/swine/Iowa/A02219544/2017|A_/_H3N2|unassigned|2017-08-08|HA|4||EPI_ISL_281990,2010.1
A/swine/Ohio/23-19034/2023|A_/_H3N2|unassigned|2023-08-09|HA|4||EPI_ISL_20186018,2010.1
A/swine/North_Carolina/A01945112/2015|A_/_H3N2|unassigned|2015-09-15|HA|4||EPI_ISL_201848,1990.4.a
A/swine/Iowa/A01290302/2013|A_/_H3N2|unassigned|2013-08-01|HA|4||EPI_ISL_147732,1990.4.a
A/swine/Iowa/A02858555/2025|A_/_H3N2|unassigned|2025-04-21|HA|4||EPI_ISL_19885002,2010.1
A/swine/Illinois/A01820840/2015|A_/_H3N2|unassigned|2015-06-02|HA|4||EPI_ISL_195337,1990.4.e
A/swine/Indiana/A02267494/2018|A_/_H3N2|3C.2a1|2018-10-11|HA|4||EPI_ISL_379392,2010.2
A/swine/North_Carolina/A01796260/2015|A_/_H3N2|unassigned|2015-11-06|HA|4||EPI_ISL_206007,1990.4.a
A/swine/Arkansas/A01797067/2015|A_/_H3N2|unassigned|2015-10-29|HA|4||EPI_ISL_205319,2010.1
A/swine/Kansas/A02248034/2021|A_/_H3N2|unassigned|2021-03-24|HA|4||EPI_ISL_4089873,2010.1
A/swine/Nebraska/A01781042/2016|A_/_H3N2|unassigned|2016-08-30|HA|4||EPI_ISL_237033,1990.4.a
A/swine/Iowa/A02635788/2021|A_/_H3N2|unassigned|2021-05-05|HA|4||EPI_ISL_4083657,2010.1
A/swine/Ohio/A02863122/2024|A_/_H3N2|unassigned|2024-11-06|HA|4||EPI_ISL_19603474,2010.1
"Influenza A virus (A/swine/Iowa/A02750797/2022(H3N2)) segment 4 hemagglutinin (HA) gene, complete cds |Alphainfluenzavirus influenzae|H3N2|USA: Iowa|Sus scrofa|2022-08-18|OP454920.1",1990.4.a
A/swine/Oklahoma/A022455605/2020|A_/_H3N2|unassigned|2020-04-29|HA|4||EPI_ISL_502915,1990.4.a
A/swine/Indiana/21TOSU0915/2021|A_/_H3N2|3C.3a|2021-06-17|HA|4||EPI_ISL_18005762,1990.4.a
A/swine/Minnesota/A01328451/2012|A_/_H3N2|unassigned|2012-04-12|HA|4||EPI_ISL_130102,1990.4.b1
A/swine/Indiana/17TOSU1833/2017|A_/_H3N2|unassigned|2017-07-01|HA|4||EPI_ISL_328758,2010.1
A/swine/Iowa/A02137141/2017|A_/_H3N2|unassigned|2017-11-29|HA|4||EPI_ISL_297212,2010.1
A/swine/Indiana/14TOSU0226/2014|A_/_H3N2|unassigned|2014-01-01|HA|4||EPI_ISL_200891,1990.4.b1
"Influenza A virus (A/swine/Minnesota/A02980492/2025(H3N2)) segment 4 hemagglutinin (HA) gene, complete cds |Alphainfluenzavirus influenzae|H3N2|USA|Sus scrofa|2025-05-30|PX060476.1",2010.1
"Influenza A virus (A/swine/Minnesota/A02979396/2025(H3N2)) segment 4 hemagglutinin (HA) gene, complete cds |Alphainfluenzavirus influenzae|H3N2|USA|Sus scrofa|2025-02-17|PV648386.1",1990.4.a
A/swine/Minnesota/A02245699/2020|A_/_H3N2|unassigned|2020-08-26|HA|4||EPI_ISL_707265,1990.4.i
A/swine/Minnesota/A02712620/2022|A_/_H3N2|3C.3a|2022-11-11|HA|4||EPI_ISL_16891398,1990.4.a
A/swine/North_Carolina/A02862272/2024|A_/_H3N2|3C.2|2024-02-01|HA|4||EPI_ISL_18939724,2010.1
A/swine/North_Carolina/1026/2007|A_/_H3N2|unassigned|2007-06-01|HA|4||EPI_ISL_142728,1990.4
A/swine/North_Carolina/004507_02858996/2025|A_/_H3N2|unassigned|2025-10-13|HA|4||EPI_ISL_20389366,2010.1
A/swine/Nebraska/A02750644/2022|A_/_H3N2|unassigned|2022-06-13|HA|4||EPI_ISL_14875290,2010.1
A/swine/Indiana/A01104029/2012|A_/_H3N2|unassigned|2012-08-01|HA|4||EPI_ISL_129291,1990.4.a
A/swine/North_Carolina/A01732564/2016|A_/_H3N2|unassigned|2016-02-26|HA|4||EPI_ISL_235750,1990.4.b2
"Influenza A virus (A/swine/Iowa/A02257201/2018(H3N2)) segment 4 hemagglutinin (HA) gene, complete cds |Alphainfluenzavirus influenzae|H3N2|USA: Iowa|Sus scrofa|2018-09-04|MH992698.1",1990.4.i
A/swine/Indiana/13TOSU5669/2013|A_/_H3N2|unassigned|2013-08-31|HA|4||EPI_ISL_168310,1990.4.a
A/swine/Indiana/14TOSU0364/2014|A_/_H3N2|unassigned|2014-01-01|HA|4||EPI_ISL_200840,1990.4.b1
"Influenza A virus (A/swine/Iowa/18Tosu0394/2018(H3N2)) segment 4 hemagglutinin (HA) gene, complete cds |Alphainfluenzavirus influenzae|H3N2|USA: Iowa|Sus scrofa|2018-06-07|MK705389.1",2010.1
A/swine/North_Carolina/A02750868/2022|A_/_H3N2|unassigned|2022-09-07|HA|4||EPI_ISL_15620415,1990.4.a
"Influenza A virus (A/swine/North Carolina/A01410354/2014(H3N2)) segment 4 hemagglutinin (HA) gene, complete cds |Alphainfluenzavirus influenzae|H3N2|USA: North Carolina|Sus scrofa|2014-03|KJ605000.1",1990.4.a
A/swine/Iowa/A02862266/2024|A_/_H3N2|unassigned|2024-02-01|HA|4||EPI_ISL_18939711,2010.1
A/swine/North_Carolina/A02245701/2020|A_/_H3N2|unassigned|2020-08-25|HA|4||EPI_ISL_707331,1990.4.a
A/swine/Iowa/A01410995/2014|A_/_H3N2|unassigned|2014-06-19|HA|4||EPI_ISL_168475,1990.4.a
A/swine/Illinois/A01201077/2011|A_/_H3N2|unassigned|2011-04-07|HA|4||EPI_ISL_124418,1990.4.f
A/swine/Minnesota/A01301665/2012|A_/_H3N2|unassigned|2012-09-04|HA|4||EPI_ISL_129872,1990.4.b1
A/swine/North_Carolina/A01945244/2015|A_/_H3N2|unassigned|2015-09-24|HA|4||EPI_ISL_201869,1990.4.b2
A/swine/Nebraska/I021156/2025|A_/_H3N1|unassigned|2025-03-20|HA|4||EPI_ISL_20080717,1990.4.i
A/swine/Iowa/A02215198/2017|A_/_H3N2|unassigned|2017-05-02|HA|4||EPI_ISL_271764,2010.1
A/Swine/Minnesota/9088-2/98|A_/_H3N2|unassigned|1998-01-01|HA|4||EPI_ISL_1261,1990.1
A/swine/Nebraska/A01509963/2014|A_/_H3N2|unassigned|2014-05-07|HA|4||EPI_ISL_165086,1990.4.a
A/Swine/Texas/4199-2/98|A_/_H3N2|unassigned|1998-01-01|HA|4||EPI_ISL_1260,1990.1
A/swine/Iowa/A02431988/2019|A_/_H3N2|unassigned|2019-04-04|HA|4||EPI_ISL_366319,2010.1
A/swine/Indiana/A00968386/2012|A_/_H3N2|unassigned|2012-07-26|HA|4||EPI_ISL_129293,1990.4.a
A/swine/Indiana/A02256610/2018|A_/_H3N2|3C.2a1|2018-08-21|HA|4||EPI_ISL_381349,2010.2
A/swine/Indiana/13TOSU5869/2013|A_/_H3N2|unassigned|2013-08-31|HA|4||EPI_ISL_168295,1990.4.a
A/swine/Iowa/ISU-A02861764/2023|A_/_H3N2|unassigned|2023-08-28|HA|4||EPI_ISL_18338520,2010.1
A/swine/Kentucky/15TOSU1910/2015|A_/_H3N2|unassigned|2015-11-08|HA|4||EPI_ISL_245804,1990.4.b1
A/swine/Missouri/A02636459/2022|A_/_H3N2|unassigned|2022-02-02|HA|4||EPI_ISL_14775847,2010.1
A/swine/Oklahoma/A02978502/2023|A_/_H3N2|unassigned|2023-05-04|HA|4||EPI_ISL_17809137,2010.1
A/swine/Indiana/A01260252/2013|A_/_H3N2|unassigned|2013-03-19|HA|4||EPI_ISL_143502,1990.4.a
"Influenza A virus (A/swine/Minnesota/A02980472/2025(H3N2)) segment 4 hemagglutinin (HA) gene, complete cds |Alphainfluenzavirus influenzae|H3N2|USA|Sus scrofa|2025-04-07|PV702733.1",2010.1
A/swine/Minnesota/A02979241/2024|A_/_H3N2|unassigned|2024-09-11|HA|4||EPI_ISL_19556797,1990.4.a
A/swine/Pennsylvania/A02858666/2025|A_/_H3N2|unassigned|2025-06-11|HA|4||EPI_ISL_20061834,1990.4.a
A/swine/Illinois/A01076768/2010|A_/_H3N2|unassigned|2010-10-26|HA|4||EPI_ISL_124337,1990.4.b2
A/swine/Nebraska/I016437/2025|A_/_H3N1|unassigned|2025-02-13|HA|4||EPI_ISL_19801889,1990.4.i
A/swine/Iowa/077894_A02862779/2024|A_/_H3N2|unassigned|2024-07-29|HA|4||EPI_ISL_19367310,2010.1
A/swine/Illinois/A01462268/2014|A_/_H3N2|unassigned|2014-12-11|HA|4||EPI_ISL_173652,1990.4.e
A/swine/Iowa/A02858258/2024|A_/_H3N2|3C.2|2024-12-31|HA|4||EPI_ISL_19696070,2010.1
A/swine/Minnesota/A02862309/2024|A_/_H3N2|unassigned|2024-02-17|HA|4||EPI_ISL_19219649,2010.1
A/swine/Nebraska/CEIRR-I109401/2023|A_/_H3N2|unassigned|2023-11-21|HA|4||EPI_ISL_18911150,1990.4.i
A/swine/North_Carolina/A01410118/2014|A_/_H3N2|unassigned|2014-01-01|HA|4||EPI_ISL_157209,1990.4.a
"Influenza A virus (A/swine/Iowa/A02750974/2022(H3N2)) segment 4 hemagglutinin (HA) gene, complete cds |Alphainfluenzavirus influenzae|H3N2|USA: Iowa|Sus scrofa|2022-10-06|OP903593.1",1990.4.a
A/swine/North_Carolina/A02478628/2019|A_/_H3N2|unassigned|2019-08-28|HA|4||EPI_ISL_393515,2010.1
A/swine/Kansas/A02978469/2023|A_/_H3N2|unassigned|2023-04-07|HA|4||EPI_ISL_17809155,1990.4.b1
A/swine/Missouri/ISU-A02861751/2023|A_/_H3N2|unassigned|2023-09-01|HA|4||EPI_ISL_18338470,1990.4.a
A/swine/Illinois/A01729658/2016|A_/_H3N2|unassigned|2016-01-14|HA|4||EPI_ISL_213786,1990.4.a
A/swine/Iowa/A02170162/2018|A_/_H3N2|unassigned|2018-06-13|HA|4||EPI_ISL_328172,2010.1
A/swine/Illinois/100425/2019|A_/_H3|unassigned|2019-11-07|HA|4||EPI_ISL_19278283,2010.1
A/swine/Ohio/24-9849-1/2024|A_/_H3N2|unassigned|2024-04-12|HA|4||EPI_ISL_20187738,2010.1
A/swine/Iowa/ISU-A02861602/2023|A_/_H3N2|unassigned|2023-06-22|HA|4||EPI_ISL_18228700,2010.1
A/swine/Iowa/A01944877/2015|A_/_H3N2|unassigned|2015-10-28|HA|4||EPI_ISL_205321,1990.4.a
A/swine/Ohio/24-30160-2/2024|A_/_H3N2|unassigned|2024-11-12|HA|4||EPI_ISL_20187719,2010.1
A/swine/Iowa/A02478601/2019|A_/_H3N2|unassigned|2019-07-30|HA|4||EPI_ISL_388672,2010.1
"Influenza A virus (A/swine/Michigan/A01678583/2018(H3N2)) segment 4 hemagglutinin (HA) gene, complete cds |Alphainfluenzavirus influenzae|H3N2|USA: Michigan|Sus scrofa|2018-09-05|MH976803.1",2010.1
A/swine/Missouri/A02478497/2019|A_/_H3N2|unassigned|2019-05-16|HA|4||EPI_ISL_368848,1990.1
A/swine/North_Carolina/A02862610/2024|A_/_H3N2|unassigned|2024-05-21|HA|4||EPI_ISL_19215556,2010.1
A/swine/Iowa/A02478553/2019|A_/_H3N2|unassigned|2019-06-07|HA|4||EPI_ISL_372908,1990.4.a
A/swine/Illinois/100270/2017|A_/_H3|unassigned|2017-02-03|HA|4||EPI_ISL_19278847,1990.4.a
A/swine/California/A01104142/2020|A_/_H3N2|unassigned|2020-08-25|HA|4||EPI_ISL_707338,1990.4.a
A/swine/North_Carolina/A01476078/2014|A_/_H3N2|unassigned|2014-07-07|HA|4||EPI_ISL_166582,1990.4.a
"Influenza A virus (A/swine/Minnesota/A02980725/2025(H3N2)) segment 4 hemagglutinin (HA) gene, partial cds |Alphainfluenzavirus influenzae|H3N2|USA|Sus scrofa|2025-10-29|PX698763.1",2010.1
A/swine/Iowa/A02432383/2019|A_/_H3N2|unassigned|2019-04-16|HA|4||EPI_ISL_366626,2010.1
A/swine/Michigan/A02216465/2017|A_/_H3N2|unassigned|2017-05-26|HA|4||EPI_ISL_273346,1990.4.b2
A/swine/Texas/A02246991/2021|A_/_H3N2|unassigned|2021-11-11|HA|4||EPI_ISL_14770028,2010.1
"Influenza A virus (A/swine/Iowa/A02221870/2017(H3N2)) segment 4 hemagglutinin (HA) gene, complete cds |Alphainfluenzavirus influenzae|H3N2|USA: Iowa|Sus scrofa|2017-09-18|MG279534.1",2010.1
A/swine/Wisconsin/A01104099/2017|A_/_H3N2|unassigned|2017-07-15|HA|4||EPI_ISL_279421,2010.1
A/swine/North_Carolina/A02750890/2022|A_/_H3N2|unassigned|2022-09-13|HA|4||EPI_ISL_15620559,1990.4.a
"Influenza A virus (A/swine/Illinois/A01749100/2015(H3N2)) segment 4 hemagglutinin (HA) gene, complete cds |Alphainfluenzavirus influenzae|H3N2|USA|Sus scrofa|2015-10-20|KU171028.1",1990.4.a
A/swine/Nebraska/A02157995/2018|A_/_H3N2|unassigned|2018-04-24|HA|4||EPI_ISL_329069,1990.4.a
A/swine/Illinois/100407/2019|A_/_H3|3C.3a|2019-06-06|HA|4||EPI_ISL_19278368,1990.1
A/swine/Iowa/101871/2015|A_/_H3|3C.3a|2015-09-08|HA|4||EPI_ISL_19279169,1990.4.a
A/swine/Illinois/63607-36/2008|A_/_H3N2|unassigned|2008-01-01|HA|4||EPI_ISL_30293,1990.4
A/swine/Ohio/23-4556/2023|A_/_H3N2|unassigned|2023-03-01|HA|4||EPI_ISL_20185914,2010.1
"Influenza A virus (A/swine/Ohio/23TOSU3532/2023(H3N2)) segment 4 hemagglutinin (HA) gene, complete cds |Alphainfluenzavirus influenzae|H3N2|USA|Sus scrofa scrofa|2023-08-09|PP445836.1",1990.4.a
A/swine/North_Carolina/A02219753/2017|A_/_H3N2|unassigned|2017-08-24|HA|4||EPI_ISL_282400,1990.4.b2
A/swine/Ohio/OH20-23834/2020|A_/_H3N2|3C.3a|2020-11-05|HA|4||EPI_ISL_17373106,1990.4.a
A/swine/Iowa/A02750756/2022|A_/_H3N2|unassigned|2022-08-02|HA|4||EPI_ISL_15215289,2010.1
A/swine/Minnesota/A01366992/2014|A_/_H3N2|unassigned|2014-02-05|HA|4||EPI_ISL_157615,1990.4.a
A/swine/Iowa/004532_02859018/2025|A_/_H3N2|unassigned|2025-10-21|HA|4||EPI_ISL_20389411,1990.4.a
A/swine/Nebraska/A01785383/2017|A_/_H3N2|unassigned|2017-12-11|HA|4||EPI_ISL_297149,1990.4.a
A/swine/Indiana/A01812306/2020|A_/_H3N2|unassigned|2020-05-19|HA|4||EPI_ISL_499215,1990.4.a
A/swine/Ohio/OH18-27220-4.4/2018|A_/_H3N2|unassigned|2018-12-13|HA|4||EPI_ISL_373349,2010.1
A/swine/North_Carolina/A02750954/2022|A_/_H3N2|unassigned|2022-10-04|HA|4||EPI_ISL_16854473,1990.4.a
A/swine/Illinois/A02751274/2022|A_/_H3N2|3C.3a|2022-11-22|HA|4||EPI_ISL_16840834,1990.4.a
A/swine/Iowa/A02862437/2024|A_/_H3N2|3C.3a|2024-03-20|HA|4||EPI_ISL_19064620,1990.4.a
A/swine/North_Carolina/A02478552/2019|A_/_H3N2|unassigned|2019-06-06|HA|4||EPI_ISL_372900,2010.1
A/swine/North_Carolina/A01785579/2018|A_/_H3N2|unassigned|2018-06-21|HA|4||EPI_ISL_327793,2010.1
A/swine/Illinois/A02525270/2021|A_/_H3N2|unassigned|2021-03-17|HA|4||EPI_ISL_4082179,1990.4.a
A/swine/Indiana/114203_02858936/2025|A_/_H3N2|unassigned|2025-11-06|HA|4||EPI_ISL_20286397,2010.2
"Influenza A virus (A/swine/Iowa/A02862294/2024(H3N2)) segment 4 hemagglutinin (HA) gene, complete cds |Alphainfluenzavirus influenzae|H3N2|USA: Iowa|Sus scrofa|2024-02-14|PP467080.1",1990.4.a
A/swine/North_Carolina/A02215437/2017|A_/_H3N2|unassigned|2017-05-16|HA|4||EPI_ISL_271771,1990.4.b2
A/swine/Iowa/ISU-A02861948/2023|A_/_H3N2|3C.2|2023-10-25|HA|4||EPI_ISL_18777088,2010.1
A/swine/Minnesota/A01201424/2010|A_/_H3N2|unassigned|2010-11-09|HA|4||EPI_ISL_124343,1990.4.b2
A/swine/Missouri/A01240016/2011|A_/_H3N2|unassigned|2011-11-15|HA|4||EPI_ISL_119608,1990.4.d
A/swine/Iowa/A02636674/2022|A_/_H3N2|unassigned|2022-05-09|HA|4||EPI_ISL_14224161,2010.1
A/swine/North_Carolina/A02525218/2021|A_/_H3N2|unassigned|2021-02-24|HA|4||EPI_ISL_4082071,1990.4.a
A/swine/Iowa/A02134994/2017|A_/_H3N2|unassigned|2017-10-24|HA|4||EPI_ISL_297066,2010.1
A/swine/North_Carolina/A02245894/2021|A_/_H3N2|unassigned|2021-04-30|HA|4||EPI_ISL_4089872,1990.4.a
A/swine/Minnesota/A02861661/2023|A_/_H3N2|unassigned|2023-07-14|HA|4||EPI_ISL_18211312,1990.4.a
A/swine/Missouri/A01047969/2010|A_/_H3N2|unassigned|2010-12-14|HA|4||EPI_ISL_109894,1990.4.d
A/swine/Iowa/MT_12_07_1912/2012|A_/_H3N2|unassigned|2012-02-27|HA|4||EPI_ISL_271646,1990.4.f
A/swine/North_Carolina/A01781579/2016|A_/_H3N2|unassigned|2016-09-20|HA|4||EPI_ISL_243371,1990.4.a
A/swine/Missouri/A02432296/2019|A_/_H3N2|unassigned|2019-04-16|HA|4||EPI_ISL_366616,2010.1
A/swine/Iowa/A02750916/2022|A_/_H3N2|unassigned|2022-09-23|HA|4||EPI_ISL_16215598,1990.4.a
A/swine/South_Dakota/A01777894/2016|A_/_H3N2|unassigned|2016-07-21|HA|4||EPI_ISL_234674,1990.4.a
A/swine/Iowa/100829/2018|A_/_H3|3C.2|2018-03-23|HA|4||EPI_ISL_19278621,2010.1
A/swine/Oklahoma/011506/2007|A_/_H3N2|unassigned|2007-01-01|HA|4||EPI_ISL_63633,1990.4
A/swine/Illinois/100321/2017|A_/_H3|3C.3a|2017-11-29|HA|4||EPI_ISL_19278700,1990.1
A/swine/Nebraska/A01567868/2015|A_/_H3N2|unassigned|2015-01-23|HA|4||EPI_ISL_180661,1990.4.a
A/swine/Iowa/A01432529/2013|A_/_H3N2|unassigned|2013-03-01|HA|4||EPI_ISL_140699,1990.4.a
A/swine/Illinois/53612-2/2009|A_/_H3N2|unassigned|2009-08-20|HA|4||EPI_ISL_86215,1990.4
A/swine/Iowa/100816/2017|A_/_H3|unassigned|2017-12-01|HA|4||EPI_ISL_19278697,2010.1
A/swine/Iowa/A02215034/2017|A_/_H3N2|unassigned|2017-04-20|HA|4||EPI_ISL_267147,2010.1
A/swine/Ohio/24-30539-1/2024|A_/_H3N2|unassigned|2024-11-13|HA|4||EPI_ISL_20187746,2010.1
A/swine/Minnesota/A02214234/2017|A_/_H3N2|unassigned|2017-03-17|HA|4||EPI_ISL_264201,2010.1
A/swine/Nebraska/A01241171/2012|A_/_H3N2|unassigned|2012-01-16|HA|4||EPI_ISL_130101,1990.4.f
A/swine/Ohio/23-28034/2023|A_/_H3N2|unassigned|2023-11-16|HA|4||EPI_ISL_20186022,2010.1
"Influenza A virus (A/swine/Minnesota/A02979333/2024(H3N2)) segment 4 hemagglutinin (HA) gene, complete cds |Alphainfluenzavirus influenzae|H3N2|USA|Sus scrofa|2024-11-09|PQ851073.1",1990.4.a
A/swine/Indiana/92746/2019|A_/_H3N2|3C.2a1|2019-12-09|HA|4||EPI_ISL_4081726,2010.2
A/swine/Iowa/A02858574/2025|A_/_H3N2|unassigned|2025-04-25|HA|4||EPI_ISL_19885010,2010.1
A/swine/Ilinois/A02090378/2015|A_/_H3N2|unassigned|2015-07-28|HA|4||EPI_ISL_198207,1990.4.a
A/swine/North_Carolina/SG1197/2004|A_/_H3N2|unassigned|2004-12-30|HA|4||EPI_ISL_150704,1990.4
A/swine/Iowa/A01678527/2017|A_/_H3N2|unassigned|2017-12-14|HA|4||EPI_ISL_296712,2010.1
A/swine/Ohio/20TOSU3229/2020|A_/_H3N2|unassigned|2020-08-28|HA|4||EPI_ISL_14224208,1990.4.a
A/swine/Ohio/A01203624/2012|A_/_H3N2|unassigned|2012-07-12|HA|4||EPI_ISL_128300,1990.4.a
A/swine/Iowa/A02751136/2022|A_/_H3N2|3C.3a|2022-10-28|HA|4||EPI_ISL_16854585,2010.1
A/swine/Iowa/ISU-A02862034/2023|A_/_H3N2|unassigned|2023-11-14|HA|4||EPI_ISL_18702056,2010.1
A/swine/Iowa/A02635903/2021|A_/_H3N2|unassigned|2021-06-17|HA|4||EPI_ISL_4084593,1990.4.a
A/swine/Iowa/A01796466/2015|A_/_H3N2|unassigned|2015-11-19|HA|4||EPI_ISL_208959,1990.4.a
A/swine/Kentucky/15TOSU18783/2015|A_/_H3N2|unassigned|2015-08-30|HA|4||EPI_ISL_243776,1990.4.b1
A/swine/Kentucky/14TOSU23883/2014|A_/_H3N2|unassigned|2014-01-01|HA|4||EPI_ISL_200873,1990.4.b1
A/swine/Indiana/16TOSU6758/2016|A_/_H3N2|unassigned|2016-06-24|HA|4||EPI_ISL_254023,1990.4.a
A/swine/Nebraska/A02524799/2020|A_/_H3N2|unassigned|2020-10-27|HA|4||EPI_ISL_4081697,2010.1
A/swine/Ohio/24-30524-4/2024|A_/_H3N2|unassigned|2024-11-13|HA|4||EPI_ISL_20187736,2010.1
A/swine/Iowa/A02158151/2018|A_/_H3N2|unassigned|2018-04-24|HA|4||EPI_ISL_329068,2010.1
A/swine/North_Carolina/A02479327/2020|A_/_H3N2|unassigned|2020-05-14|HA|4||EPI_ISL_501743,1990.4.a
A/swine/Kentucky/17TOSU6438/2017|A_/_H3N2|unassigned|2017-07-01|HA|4||EPI_ISL_373651,2010.1
A/swine/North_Carolina/ISU-A02862112/2023|A_/_H3N2|unassigned|2023-12-06|HA|4||EPI_ISL_18737871,1990.4.a
A/swine/Ohio/A01857766/2015|A_/_H3N2|unassigned|2015-10-14|HA|4||EPI_ISL_203118,1990.4.a
A/swine/Arkansas/A01671574/2016|A_/_H3N2|unassigned|2016-12-21|HA|4||EPI_ISL_253725,1990.4.a
A/swine/Kansas/A02245216/2019|A_/_H3N2|unassigned|2019-08-16|HA|4||EPI_ISL_393509,2010.1
A/swine/North_Carolina/A02636571/2022|A_/_H3N2|unassigned|2022-03-16|HA|4||EPI_ISL_14779636,1990.4.a
A/swine/Iowa/A01410971/2014|A_/_H3N2|unassigned|2014-06-16|HA|4||EPI_ISL_168474,1990.4.a
A/swine/Minnesota/A02863140/2024|A_/_H3N2|unassigned|2024-11-13|HA|4||EPI_ISL_19633289,1990.4.a
A/swine/Iowa/A02524878/2020|A_/_H3N2|unassigned|2020-11-09|HA|4||EPI_ISL_4081716,1990.4.a
A/swine/Ohio/12TOSU522/2012|A_/_H3N2|unassigned|2012-08-15|HA|4||EPI_ISL_131256,1990.4.a
A/swine/Minnesota/A02524484/2020|A_/_H3N2|unassigned|2020-07-09|HA|4||EPI_ISL_700970,1990.4.a
A/swine/Nebraska/A02137140/2017|A_/_H3N2|unassigned|2017-11-28|HA|4||EPI_ISL_296326,2010.1
A/swine/Iowa/A02858271/2025|A_/_H3N2|unassigned|2025-01-07|HA|4||EPI_ISL_19740030,1990.4.i
A/swine/Iowa/A02978754/2024|A_/_H3N2|unassigned|2024-02-06|HA|4||EPI_ISL_19134589,2010.1
A/swine/North_Carolina/01312/2006|A_/_H3N2|unassigned|2006-11-16|HA|4||EPI_ISL_150841,1990.4
A/swine/North_Carolina/A02245567/2020|A_/_H3N2|unassigned|2020-03-27|HA|4||EPI_ISL_504161,1990.4.a
A/swine/Illinois/A01820128/2015|A_/_H3N2|unassigned|2015-03-20|HA|4||EPI_ISL_179574,1990.4.a
A/swine/Iowa/ISU-A02861925/2023|A_/_H3N2|3C.3a|2023-10-18|HA|4||EPI_ISL_18758265,1990.4.a
A/swine/Pennsylvania/A02862515/2024|A_/_H3N2|3C.2|2024-04-04|HA|4||EPI_ISL_19095227,2010.1
A/swine/Minnesota/02782/2009|A_/_H3N2|unassigned|2009-05-07|HA|4||EPI_ISL_96918,1990.4
A/swine/Ohio/OH-1059/2021|A_/_H3N2|unassigned|2021-01-15|HA|4||EPI_ISL_17471794,1990.4.a
A/swine/Iowa/A02478817/2019|A_/_H3N2|unassigned|2019-10-29|HA|4||EPI_ISL_503395,1990.4.a
A/swine/North_Carolina/A01732197/2016|A_/_H3N2|unassigned|2016-02-15|HA|4||EPI_ISL_219945,1990.4.a
A/swine/Missouri/A01476459/2012|A_/_H3N2|unassigned|2012-11-15|HA|4||EPI_ISL_171050,2010.1
A/swine/Iowa/A02257387/2018|A_/_H3N2|unassigned|2018-09-10|HA|4||EPI_ISL_379801,2010.1
A/swine/Iowa/A01668207/2016|A_/_H3N2|unassigned|2016-11-10|HA|4||EPI_ISL_246081,1990.4.a
A/swine/Ohio/A01349305/2013|A_/_H3N2|unassigned|2013-03-12|HA|4||EPI_ISL_139682,1990.4.a
A/swine/Iowa/A01932253/2017|A_/_H3N2|unassigned|2017-02-15|HA|4||EPI_ISL_260808,2010.1
"Influenza A virus (A/swine/Alabama/SG1224/2005(H3N2)) hemagglutinin (HA) gene, complete cds |Alphainfluenzavirus influenzae|H3N2|USA: Alabama|Sus scrofa|2005-04-26|CY159769.1",1990.4
A/swine/North_Carolina/A02034333/2015|A_/_H3N2|unassigned|2015-07-07|HA|4||EPI_ISL_205514,1990.4.a
A/swine/North_Carolina/A02245239/2019|A_/_H3N2|unassigned|2019-09-10|HA|4||EPI_ISL_396976,2010.1
A/swine/Missouri/A02169142/2018|A_/_H3N2|unassigned|2018-05-18|HA|4||EPI_ISL_328480,2010.1
A/swine/Kansas/A02245371/2019|A_/_H3N2|unassigned|2019-12-27|HA|4||EPI_ISL_503341,1990.4.a
A/swine/Minnesota/A02862505/2024|A_/_H3N2|3C.2|2024-04-02|HA|4||EPI_ISL_19095215,2010.1
A/swine/Ohio/17TOSU4320/2017|A_/_H3N2|unassigned|2017-08-01|HA|4||EPI_ISL_379281,2010.1
A/swine/North_Carolina/A02750694/2022|A_/_H3N2|unassigned|2022-06-30|HA|4||EPI_ISL_14931860,1990.4.a
A/swine/Iowa/A02218162/2017|A_/_H3N2|unassigned|2017-06-19|HA|4||EPI_ISL_279503,2010.1
"Influenza A virus (A/swine/Oklahoma/00606/2005(H3N2)) hemagglutinin (HA) gene, partial cds |Alphainfluenzavirus influenzae|H3N2|USA: Oklahoma|Sus scrofa|2005-05-04|CY159724.1",1990.4
A/swine/Illinois/100785/2021|A_/_H3|3C.3a|2021-11-09|HA|4||EPI_ISL_19277989,1990.4.a
A/swine/Indiana/A02479085/2020|A_/_H3N2|unassigned|2020-02-26|HA|4||EPI_ISL_503911,1990.4.a
A/swine/Maryland/A01444460/2013|A_/_H3N2|unassigned|2013-01-03|HA|4||EPI_ISL_136652,1990.4.a
A/swine/Illinois/100729/2020|A_/_H3|3C.3a|2020-12-02|HA|4||EPI_ISL_19278085,1990.4.a
A/swine/Iowa/A02862992/2024|A_/_H3N2|unassigned|2024-10-17|HA|4||EPI_ISL_19554463,2010.2
A/swine/Iowa/A02524734/2020|A_/_H3N2|unassigned|2020-04-09|HA|4||EPI_ISL_697760,2010.1
"Influenza A virus (A/swine/Nebraska/A02524769/2020(H3N2)) segment 4 hemagglutinin (HA) gene, complete cds |Alphainfluenzavirus influenzae|H3N2|USA: Nebraska|Sus scrofa|2020-10-22|MW266899.1",1990.4.a
A/swine/North_Carolina/01506/2006|A_/_H3N2|unassigned|2006-10-31|HA|4||EPI_ISL_151272,1990.4
A/swine/Iowa/13C020/2013|A_/_H3N2|unassigned|2013-03-26|HA|4||EPI_ISL_151135,1990.4.b2
A/swine/Kansas/A01377649/2015|A_/_H3N2|unassigned|2015-12-07|HA|4||EPI_ISL_208930,1990.4.a
A/swine/Oklahoma/A01785514/2018|A_/_H3N2|unassigned|2018-04-19|HA|4||EPI_ISL_329076,2010.1
A/swine/Ohio/A02858383/2025|A_/_H3N2|3C.2|2025-02-17|HA|4||EPI_ISL_19790171,2010.1
A/swine/Minnesota/A01785268/2017|A_/_H3N2|unassigned|2017-05-22|HA|4||EPI_ISL_278202,2010.1
A/swine/Iowa/A02636296/2021|A_/_H3N2|unassigned|2021-09-30|HA|4||EPI_ISL_14770776,1990.4.a
"Influenza A virus (A/swine/Ohio/A02862373/2024(H3N2)) segment 4 hemagglutinin (HA) gene, complete cds |Alphainfluenzavirus influenzae|H3N2|USA: Ohio|Sus scrofa|2024-03-08|PP620651.1",2010.1
A/swine/Indiana/A02862814/2024|A_/_H3N2|unassigned|2024-08-13|HA|4||EPI_ISL_19418484,2010.1
A/swine/South_Dakota/A01300602/2012|A_/_H3N2|unassigned|2012-01-01|HA|4||EPI_ISL_130179,1990.4
A/swine/Kansas/A02858355/2025|A_/_H3N2|unassigned|2025-02-04|HA|4||EPI_ISL_19769015,2010.1
A/swine/Iowa/ISU-A02862219/2024|A_/_H3N2|unassigned|2024-01-11|HA|4||EPI_ISL_18898142,2010.1
A/swine/Ohio/A01783007/2016|A_/_H3N2|unassigned|2016-11-03|HA|4||EPI_ISL_245588,2010.1
A/swine/North_Carolina/A01476354/2014|A_/_H3N2|unassigned|2014-09-05|HA|4||EPI_ISL_167428,1990.4.a
A/swine/Illinois/22TOSU2095/2022|A_/_H3N2|3C.2|2022-06-30|HA|4||EPI_ISL_17409537,2010.1
"Influenza A virus (A/swine/Iowa/A02524770/2020(H3N2)) segment 4 hemagglutinin (HA) gene, complete cds |Alphainfluenzavirus influenzae|H3N2|USA: Iowa|Sus scrofa|2020-10-20|MW266897.1",1990.4.a
A/swine/Iowa/A02750861/2022|A_/_H3N2|unassigned|2022-09-01|HA|4||EPI_ISL_15620413,1990.4.a
A/swine/Iowa/A02751309/2022|A_/_H3N2|3C.2|2022-11-23|HA|4||EPI_ISL_16840844,2010.1
A/swine/Minnesota/A02978902/2024|A_/_H3N2|unassigned|2024-05-03|HA|4||EPI_ISL_19328777,2010.1
A/swine/Kansas/ISU-A02862030/2023|A_/_H3N2|unassigned|2023-11-10|HA|4||EPI_ISL_18777046,2010.1
A/swine/North_Carolina/A02245817/2020|A_/_H3N2|unassigned|2020-11-23|HA|4||EPI_ISL_4081837,1990.4.a
A/swine/Nebraska/A01327747/2012|A_/_H3N2|unassigned|2012-04-26|HA|4||EPI_ISL_130087,1990.4.f
A/swine/Iowa/A01778106/2016|A_/_H3N2|unassigned|2016-07-20|HA|4||EPI_ISL_234528,2010.1
A/swine/Missouri/A01668196/2016|A_/_H3N2|unassigned|2016-11-10|HA|4||EPI_ISL_246031,2010.1
A/swine/Texas/4199-2/1998|A_/_H3N2|unassigned|1998-01-01|HA|4||EPI_ISL_94059,1990.1
A/swine/Iowa/A02862569/2024|A_/_H3N2|unassigned|2024-04-17|HA|4||EPI_ISL_19141098,2010.1
A/swine/Illinois/101197/2010|A_/_H3|unassigned|2010-01-13|HA|4||EPI_ISL_19279429,1990.4
A/swine/Minnesota/A01271443/2012|A_/_H3N2|unassigned|2012-10-15|HA|4||EPI_ISL_133008,1990.4.b1
A/swine/Illinois/A02636173/2021|A_/_H3N2|unassigned|2021-09-21|HA|4||EPI_ISL_6795351,2010.1
A/swine/North_Carolina/A02524744/2020|A_/_H3N2|unassigned|2020-10-12|HA|4||EPI_ISL_697764,1990.4.a
A/swine/Nebraska/I038468/2024|A_/_H3N2|unassigned|2024-04-11|HA|4||EPI_ISL_19283988,1990.4.i
A/swine/Iowa/A02751427/2022|A_/_H3N2|unassigned|2022-12-20|HA|4||EPI_ISL_17086457,2010.1
A/swine/North_Carolina/A01555273/2015|A_/_H3N2|unassigned|2015-01-02|HA|4||EPI_ISL_173662,1990.4.a
"Influenza A virus (A/swine/Indiana/A01260462/2014(H3N2)) segment 4 hemagglutinin (HA) gene, complete cds |Alphainfluenzavirus influenzae|H3N2|USA: Indiana|Sus scrofa|2014-01-02|KJ579977.1",1990.4.a
A/swine/Illinois/A02479027/2020|A_/_H3N2|unassigned|2020-01-23|HA|4||EPI_ISL_503431,2010.1
A/swine/Arkansas/A01797066/2015|A_/_H3N2|unassigned|2015-10-29|HA|4||EPI_ISL_205326,2010.1
A/swine/North_Carolina/A02245786/2020|A_/_H3N2|unassigned|2020-11-17|HA|4||EPI_ISL_4081836,1990.4.a
A/swine/Iowa/A01476223/2014|A_/_H3N2|unassigned|2014-08-15|HA|4||EPI_ISL_167326,1990.4.a
A/swine/Minnesota/A01677360/2016|A_/_H3N2|unassigned|2016-05-04|HA|4||EPI_ISL_225484,2010.1
A/swine/North_Carolina/A02524603/2020|A_/_H3N2|unassigned|2020-09-08|HA|4||EPI_ISL_707308,1990.4.a
A/swine/Illinois/A01393671/2013|A_/_H3N2|unassigned|2013-12-12|HA|4||EPI_ISL_156309,1990.4.b2
A/swine/Minnesota/A01483010/2014|A_/_H3N2|unassigned|2014-09-17|HA|4||EPI_ISL_167456,1990.4.a
A/swine/North_Carolina/01930/2007|A_/_H3N2|unassigned|2007-07-27|HA|4||EPI_ISL_150878,1990.4
A/swine/Iowa/A02524807/2020|A_/_H3N2|unassigned|2020-10-24|HA|4||EPI_ISL_4081588,2010.1
A/swine/Iowa/A02479047/2020|A_/_H3N2|unassigned|2020-02-03|HA|4||EPI_ISL_503614,1990.4.a
A/swine/Minnesota/A01116200/2011|A_/_H3N2|unassigned|2011-08-29|HA|4||EPI_ISL_116355,1990.4.b2
A/swine/Minnesota/A01409450/2013|A_/_H3N2|unassigned|2013-11-01|HA|4||EPI_ISL_154600,1990.4.a
A/swine/Ohio/OH20-15002/2020|A_/_H3N2|3C.3a|2020-07-14|HA|4||EPI_ISL_17373094,1990.4.a
A/swine/Pennsylvania/A01047912/2010|A_/_H3N2|unassigned|2010-11-29|HA|4||EPI_ISL_116281,1990.4.k
"Influenza A virus (A/swine/Iowa/A02750995/2022(H3N2)) segment 4 hemagglutinin (HA) gene, complete cds |Alphainfluenzavirus influenzae|H3N2|USA: Iowa|Sus scrofa|2022-10-10|OP903625.1",2010.1
A/swine/Ohio/A02858604/2025|A_/_H3N2|unassigned|2025-05-07|HA|4||EPI_ISL_19890478,2010.1
A/swine/Illinois/100351/2018|A_/_H3|3C.3a|2018-05-21|HA|4||EPI_ISL_19278585,1990.1
A/swine/Minnesota/A01300999/2012|A_/_H3N2|unassigned|2012-05-03|HA|4||EPI_ISL_130171,1990.4.f
A/swine/Iowa/A02430051/2019|A_/_H3N2|unassigned|2019-01-31|HA|4||EPI_ISL_370473,1990.1
"Influenza A virus (A/swine/Ohio/OH22-27726/2022(H3N2)) segment 4 hemagglutinin (HA) gene, complete cds |Alphainfluenzavirus influenzae|H3N2|USA: Ohio|Sus scrofa|2022-11-21|OQ750024.1",2010.1
"Influenza A virus (A/swine/Illinois/23TOSU3846/2023(H3N2)) segment 4 hemagglutinin (HA) gene, complete cds |Alphainfluenzavirus influenzae|H3N2|USA|Sus scrofa scrofa|2023-08-12|PP445952.1",1990.4.a
A/swine/Wisconsin/H03HO7/2003|A_/_H3N2|unassigned|2003-01-01|HA|4||EPI_ISL_15041,1990.4
A/swine/Indiana/A00968325/2010|A_/_H3N2|unassigned|2010-12-17|HA|4||EPI_ISL_150397,1990.4
A/swine/Illinois/101060/2006|A_/_H3|unassigned|2006-05-05|HA|4||EPI_ISL_19279559,1990.4
A/swine/Iowa/A01243311/2012|A_/_H3N2|unassigned|2012-04-23|HA|4||EPI_ISL_127727,1990.4.b1
A/swine/Missouri/A02863120/2024|A_/_H3N2|unassigned|2024-11-02|HA|4||EPI_ISL_19603477,2010.1
A/swine/Indiana/A01327234/2010|A_/_H3N2|unassigned|2010-10-27|HA|4||EPI_ISL_128455,1990.4
A/swine/Indiana/A02524785/2020|A_/_H3N2|unassigned|2020-10-27|HA|4||EPI_ISL_4081578,2010.1
A/swine/Minnesota/A01940148/2015|A_/_H3N2|unassigned|2015-08-24|HA|4||EPI_ISL_200990,1990.4.a
A/swine/Iowa/A01057188/2010|A_/_H3N2|unassigned|2010-05-24|HA|4||EPI_ISL_87553,1990.4
A/swine/South_Dakota/A01785988/2019|A_/_H3N2|unassigned|2019-02-21|HA|4||EPI_ISL_372256,1990.4.a
"Influenza A virus (A/swine/Ohio/OH20-3284/2020(H3N1)) segment 4 hemagglutinin (HA) gene, complete cds |Alphainfluenzavirus influenzae|H3N1|USA: Ohio|Sus scrofa|2020-02-18|OQ759638.1",2010.1
A/swine/Minnesota/A02245583/2020|A_/_H3N2|unassigned|2020-04-07|HA|4||EPI_ISL_504163,1990.4.b2
A/swine/Gainesville/1/2017|A_/_H3N2|3C.2a2|2017-10-30|HA|4||EPI_ISL_299584,Other-Human-2010-like
A/swine/Illinois/100413/2019|A_/_H3|unassigned|2019-08-16|HA|4||EPI_ISL_19278338,2010.1
A/swine/Missouri/ISU-A02862230/2024|A_/_H3N2|unassigned|2024-01-18|HA|4||EPI_ISL_18898103,2010.1
A/swine/Indiana/22TOSU1726/2022|A_/_H3N2|3C.2|2022-07-14|HA|4||EPI_ISL_17409681,2010.1
A/swine/Nebraska/A02479150/2020|A_/_H3N2|unassigned|2020-03-19|HA|4||EPI_ISL_504071,2010.1
A/swine/Illinois/A02751201/2022|A_/_H3N2|3C.2|2022-11-07|HA|4||EPI_ISL_16925104,2010.1
A/swine/Utah/A02267294/2018|A_/_H3N2|unassigned|2018-10-10|HA|4||EPI_ISL_379397,2010.1
A/swine/Iowa/A02077538/2015|A_/_H3N2|unassigned|2015-05-07|HA|4||EPI_ISL_190488,1990.4.a
"Influenza A virus (A/swine/Ohio/OH-17-26330/2017(H3N2)) segment 4 hemagglutinin (HA) gene, complete cds |Alphainfluenzavirus influenzae|H3N2|USA: Ohio|Sus scrofa|2017-11-22|MG982507.1",2010.1
A/swine/Minnesota/A02858536/2025|A_/_H3N2|3C.2|2025-04-16|HA|4||EPI_ISL_19870992,2010.1
A/swine/Indiana/21TOSU0955/2021|A_/_H3N2|unassigned|2021-06-17|HA|4||EPI_ISL_14872423,1990.4.a
A/swine/Iowa/A02525037/2021|A_/_H3N2|unassigned|2021-01-04|HA|4||EPI_ISL_4081931,2010.1
A/swine/Arkansas/A01678575/2018|A_/_H3N2|3C.2a1|2018-08-06|HA|4||EPI_ISL_327255,2010.2
A/swine/Missouri/A02751055/2022|A_/_H3N2|3C.2|2022-10-19|HA|4||EPI_ISL_16854550,2010.1
A/swine/Iowa/A02479339/2020|A_/_H3N2|unassigned|2020-05-11|HA|4||EPI_ISL_501753,1990.4.a
"Influenza A virus (A/swine/Iowa/A02750965/2022(H3N2)) segment 4 hemagglutinin (HA) gene, complete cds |Alphainfluenzavirus influenzae|H3N2|USA: Iowa|Sus scrofa|2022-10-05|OP903597.1",2010.1
A/swine/North_Carolina/225-7/2008|A_/_H3N2|unassigned|2008-01-01|HA|4||EPI_ISL_30326,1990.4
A/swine/North_Carolina/38715/2005|A_/_H3N2|unassigned|2005-01-01|HA|4||EPI_ISL_30364,1990.4
A/swine/Iowa/A02077646/2015|A_/_H3N2|unassigned|2015-05-19|HA|4||EPI_ISL_191504,2010.1
A/swine/Ohio/ISU-A02862237/2024|A_/_H3N2|unassigned|2024-01-22|HA|4||EPI_ISL_18934818,2010.1
A/swine/Pennsylvania/A02524832/2020|A_/_H3N2|unassigned|2020-10-29|HA|4||EPI_ISL_4081586,1990.4.a
A/swine/Minnesota/A02248074/2021|A_/_H3N2|unassigned|2021-04-27|HA|4||EPI_ISL_4089922,2010.1
A/swine/Iowa/A02635700/2021|A_/_H3N2|unassigned|2021-04-15|HA|4||EPI_ISL_4083612,2010.1
A/swine/Iowa/004642_02859118/2025|A_/_H3N2|unassigned|2025-12-05|HA|4||EPI_ISL_20389170,2010.1
A/swine/Indiana/A02750704/2022|A_/_H3N2|3C.2a1|2022-07-07|HA|4||EPI_ISL_14931850,2010.2
A/swine/Indiana/A02525280/2021|A_/_H3N2|unassigned|2021-03-23|HA|4||EPI_ISL_4082620,1990.4.a
"Influenza A virus (A/swine/Indiana/23TOSU2413/2023(H3N2)) segment 4 hemagglutinin (HA) gene, complete cds |Alphainfluenzavirus influenzae|H3N2|USA|Sus scrofa scrofa|2023-07-13|PP461377.1",1990.4.a
"Influenza A virus (A/swine/Indiana/004646_(A02859122)_H3/2025(H3N2)) segment 4 hemagglutinin (HA) gene, complete cds |Alphainfluenzavirus influenzae|H3N2|USA: Indiana|Sus scrofa|2025-12-08|PZ106101.1",2010.2
A/swine/Iowa/A02479100/2020|A_/_H3N2|unassigned|2020-02-25|HA|4||EPI_ISL_503918,1990.4.a
A/swine/Missouri/A01770005/2015|A_/_H3N2|unassigned|2015-08-03|HA|4||EPI_ISL_198365,2010.1
A/swine/Ohio/OH20-22800/2020|A_/_H3N2|3C.3a|2020-10-22|HA|4||EPI_ISL_17373102,1990.4.a
A/swine/Iowa/16TOSU2772/2016|A_/_H3N2|unassigned|2016-06-01|HA|4||EPI_ISL_327831,2010.1
A/swine/Illinois/101902/2015|A_/_H3|3C.3a|2015-01-12|HA|4||EPI_ISL_19279243,1990.4.a
A/swine/Iowa/100950/2019|A_/_H3|3C.2|2019-10-18|HA|4||EPI_ISL_19278301,2010.1
A/swine/Ohio/OH-18-7969/2018|A_/_H3N2|unassigned|2018-04-06|HA|4||EPI_ISL_311326,2010.1
A/swine/Ohio/SJCEIRR-SU0496/2023|A_/_H3N2|unassigned|2023-02-04|HA|4||EPI_ISL_18755228,2010.1
A/swine/North_Carolina/A01945243/2015|A_/_H3N2|unassigned|2015-09-24|HA|4||EPI_ISL_201870,1990.4.a
A/swine/Ilinois/A02090306/2015|A_/_H3N2|unassigned|2015-07-21|HA|4||EPI_ISL_198208,1990.4.a
A/swine/North_Carolina/A01409048/2013|A_/_H3N2|unassigned|2013-11-01|HA|4||EPI_ISL_153733,1990.4.a
A/swine/Illinois/34642/2005|A_/_H3N2|unassigned|2005-01-01|HA|4||EPI_ISL_30345,1990.4
A/swine/North_Carolina/A02751517/2023|A_/_H3N2|unassigned|2023-01-23|HA|4||EPI_ISL_17373161,1990.4.a
"Influenza A virus (A/swine/Indiana/A02636646/2022(H3N2)) segment 4 hemagglutinin (HA) gene, complete cds |Alphainfluenzavirus influenzae|H3N2|USA: Indiana|Sus scrofa|2022-04-19|ON529323.1",2010.1
"Influenza A virus (A/swine/North Carolina/A02979347/2024(H3N1)) segment 4 hemagglutinin (HA) gene, complete cds |Alphainfluenzavirus influenzae|H3N1|USA|Sus scrofa|2024-11-26|PQ851376.1",2010.1
A/swine/Iowa/A01478820/2015|A_/_H3N2|unassigned|2015-02-12|HA|4||EPI_ISL_177902,1990.4.a
A/swine/North_Carolina/A01478000/2014|A_/_H3N2|unassigned|2014-08-29|HA|4||EPI_ISL_167339,1990.4.a
A/swine/Minnesota/18/2012|A_/_H3N2|unassigned|2012-09-10|HA|4||EPI_ISL_129973,1990.4.e
A/swine/Iowa/MT_12_07_1931/2012|A_/_H3N2|unassigned|2012-02-27|HA|4||EPI_ISL_271043,1990.4.f
A/swine/Illinois/101156/2009|A_/_H3|unassigned|2009-03-05|HA|4||EPI_ISL_19279471,1990.4
A/swine/Minnesota/USDA-A029786081/2023|A_/_H3N2|3C.2|2023-11-10|HA|4||EPI_ISL_18746635,2010.1
A/swine/Iowa/A02862394/2024|A_/_H3N2|unassigned|2024-03-12|HA|4||EPI_ISL_19072326,2010.1
A/swine/Nebraska/097155_02858838/2025|A_/_H3N2|unassigned|2025-09-12|HA|4||EPI_ISL_20220052,2010.1
A/swine/Iowa/100884/2019|A_/_H3|3C.3a|2019-01-16|HA|4||EPI_ISL_19278457,1990.1
A/swine/Minnesota/A01942325/2016|A_/_H3N2|unassigned|2016-02-10|HA|4||EPI_ISL_235739,1990.4.a
A/swine/Iowa/ISU-A02861900/2023|A_/_H3N2|3C.2|2023-10-09|HA|4||EPI_ISL_18758301,2010.1
A/swine/Iowa/A02636493/2022|A_/_H3N2|unassigned|2022-02-15|HA|4||EPI_ISL_14777887,1990.4.a
A/swine/Iowa/A02750697/2022|A_/_H3N2|unassigned|2022-07-07|HA|4||EPI_ISL_14931863,2010.1
A/swine/Indiana/A01260015/2012|A_/_H3N2|unassigned|2012-09-06|HA|4||EPI_ISL_136671,1990.4.a
A/swine/Illinois/100380/2018|A_/_H3|3C.3a|2018-11-20|HA|4||EPI_ISL_19278490,1990.1
A/swine/Minnesota/A02158518/2018|A_/_H3N2|unassigned|2018-05-10|HA|4||EPI_ISL_328743,2010.1
A/swine/Indiana/A01260093/2012|A_/_H3N2|unassigned|2012-10-30|HA|4||EPI_ISL_132939,1990.4.a
A/swine/Iowa/ISU-A02861691/2023|A_/_H3N2|unassigned|2023-07-31|HA|4||EPI_ISL_18228683,1990.4.a
A/swine/Iowa/A02636538/2022|A_/_H3N2|unassigned|2022-02-25|HA|4||EPI_ISL_14778035,1990.4.a
A/swine/Iowa/A02524952/2020|A_/_H3N2|unassigned|2020-12-02|HA|4||EPI_ISL_4081853,1990.4.a
A/swine/Minnesota/A02636470/2022|A_/_H3N2|unassigned|2022-02-04|HA|4||EPI_ISL_14775849,1990.4.a
A/swine/Nebraska/I058198/2025|A_/_H3N1|unassigned|2025-06-03|HA|4||EPI_ISL_20327337,1990.4.i
A/swine/Nebraska/A02635916/2021|A_/_H3N2|unassigned|2021-06-24|HA|4||EPI_ISL_4084499,2010.1
A/swine/Iowa/A02524684/2020|A_/_H3N2|unassigned|2020-10-01|HA|4||EPI_ISL_697635,1990.4.a
A/swine/South_Dakota/A01280095/2013|A_/_H3N2|unassigned|2013-01-03|HA|4||EPI_ISL_136561,1990.4.f
"Influenza A virus (A/swine/Nebraska/A02861376/2023(H3N2)) segment 4 hemagglutinin (HA) gene, complete cds |Alphainfluenzavirus influenzae|H3N2|USA: Nebraska|Sus scrofa|2023-04-12|OQ954457.1",2010.1
A/swine/Iowa/A01785918/2019|A_/_H3N2|unassigned|2019-01-31|HA|4||EPI_ISL_374111,2010.1
A/swine/Kansas/A02978479/2023|A_/_H3N2|unassigned|2023-04-24|HA|4||EPI_ISL_17809151,2010.1
A/swine/Iowa/A02479012/2020|A_/_H3N2|unassigned|2020-01-24|HA|4||EPI_ISL_503444,2010.1
A/swine/Iowa/A02636448/2022|A_/_H3N2|unassigned|2022-01-28|HA|4||EPI_ISL_14775592,2010.1
A/swine/Minnesota/A01280462/2013|A_/_H3N2|unassigned|2013-01-23|HA|4||EPI_ISL_137546,1990.4.a
A/swine/North_Carolina/A02025402/2015|A_/_H3N2|unassigned|2015-07-27|HA|4||EPI_ISL_197239,1990.4.a
A/swine/Ohio/28128/2019|A_/_H3N2|3C.3a|2019-12-30|HA|4||EPI_ISL_17204310,1990.4.a
A/swine/North_Carolina/A02751330/2022|A_/_H3N2|3C.2a1b.2a.2b|2022-12-07|HA|4||EPI_ISL_16891306,Other-Human-2020
A/swine/Missouri/A02137143/2017|A_/_H3N2|unassigned|2017-11-30|HA|4||EPI_ISL_297228,2010.1
"Influenza A virus (A/swine/Kansas/A02245675/2020(H3N2)) segment 4 hemagglutinin (HA) gene, complete cds |Alphainfluenzavirus influenzae|H3N2|USA: Kansas|Sus scrofa|2020-06-24|MT792676.1",2010.1
A/swine/Minnesota/A01785953/2019|A_/_H3N2|unassigned|2019-02-13|HA|4||EPI_ISL_370649,1990.4.a
A/swine/Illinois/101661/2022|A_/_H3|3C.2|2022-01-31|HA|4||EPI_ISL_19277943,2010.1
"Influenza A virus (A/swine/Illinois/A02427656/2018(H3N2)) segment 4 hemagglutinin (HA) gene, complete cds |Alphainfluenzavirus influenzae|H3N2|USA: Illinois|Sus scrofa|2018-12-10|MK391664.1",1990.4.a
A/swine/Iowa/A02863168/2024|A_/_H3N2|unassigned|2024-11-19|HA|4||EPI_ISL_19633299,2010.1
A/swine/USA/23/2018|A_/_H3N2|3C.2a1|2018-10-09|HA|4||EPI_ISL_505856,2010.2
A/swine/North_Carolina/A01049436/2011|A_/_H3N2|unassigned|2011-01-19|HA|4||EPI_ISL_93364,1990.4.a
A/swine/North_Carolina/A01770059/2015|A_/_H3N2|unassigned|2015-08-03|HA|4||EPI_ISL_200082,1990.4.a
A/swine/Pennsylvania/A02751451/2023|A_/_H3N2|3C.3a|2023-01-05|HA|4||EPI_ISL_17184142,1990.4.a
A/swine/Kansas/A02478876/2019|A_/_H3N2|unassigned|2019-11-13|HA|4||EPI_ISL_503380,2010.1
A/swine/Iowa/A01476878/2014|A_/_H3N2|unassigned|2014-10-31|HA|4||EPI_ISL_181262,1990.4.a
A/swine/Illinois/A02758601/2023|A_/_H3N2|3C.2a1b.2a.2a.1|2023-01-26|HA|4||EPI_ISL_17061079,Other-Human-2020
A/swine/Minnesota/A01785468/2018|A_/_H3N2|unassigned|2018-03-15|HA|4||EPI_ISL_329629,2010.1
A/swine/Iowa/A02478586/2019|A_/_H3N2|unassigned|2019-07-17|HA|4||EPI_ISL_388618,2010.1
A/swine/Indiana/16TOSU7773/2016|A_/_H3N2|unassigned|2016-08-01|HA|4||EPI_ISL_280235,2010.1
A/swine/South_Dakota/A01481392/2014|A_/_H3N2|unassigned|2014-05-13|HA|4||EPI_ISL_163637,1990.4.a
A/swine/Minnesota/A02245638/2020|A_/_H3N2|unassigned|2020-05-06|HA|4||EPI_ISL_501773,2010.1
A/swine/Illinois/100684/2020|A_/_H3|3C.3a|2020-05-21|HA|4||EPI_ISL_19278158,1990.4.a
A/swine/Ohio/10SW130/2010|A_/_H3N2|unassigned|2010-06-01|HA|4||EPI_ISL_142726,1990.4.a
A/swine/Kansas/A01785429/2018|A_/_H3N2|unassigned|2018-01-29|HA|4||EPI_ISL_388932,1990.4.a
A/swine/Iowa/B116479/2022|A_/_H3N2|3C.2|2022-12-12|HA|4||EPI_ISL_17185974,2010.1
A/swine/Illinois/100718/2020|A_/_H3|unassigned|2020-11-10|HA|4||EPI_ISL_19278098,2010.1
A/swine/California/A01104167/2024|A_/_H3N2|unassigned|2024-05-07|HA|4||EPI_ISL_19301142,1990.4.i
A/swine/Minnesota/A02978866/2024|A_/_H3N2|3C.2|2024-03-27|HA|4||EPI_ISL_19159720,2010.1
A/swine/Iowa/A01476914/2014|A_/_H3N2|unassigned|2014-11-05|HA|4||EPI_ISL_182303,2010.1
A/swine/Iowa/A02524450/2020|A_/_H3N2|unassigned|2020-06-25|HA|4||EPI_ISL_499265,2010.1
A/swine/Illinois/100634/2019|A_/_H3|unassigned|2019-12-27|HA|4||EPI_ISL_19278243,1990.4.a
A/swine/Nebraska/A01477775/2014|A_/_H3N2|unassigned|2014-10-16|HA|4||EPI_ISL_170820,1990.4.a
A/swine/Indiana/A01203521/2012|A_/_H3N2|unassigned|2012-05-15|HA|4||EPI_ISL_124051,1990.4.a
A/swine/Ohio/OH18-25268-5.4/2018|A_/_H3N2|unassigned|2018-11-14|HA|4||EPI_ISL_373301,2010.1
A/swine/North_Carolina/A01410622/2014|A_/_H3N2|unassigned|2014-04-01|HA|4||EPI_ISL_162315,1990.4.a
A/swine/Iowa/A02245753/2020|A_/_H3N2|unassigned|2020-10-19|HA|4||EPI_ISL_697742,1990.4.a
A/swine/Minnesota/A01785422/2018|A_/_H3N2|unassigned|2018-01-18|HA|4||EPI_ISL_299574,2010.1
"Influenza A virus (A/swine/Minnesota/A01785592/2018(H3N2)) segment 4 hemagglutinin (HA) gene, complete cds |Alphainfluenzavirus influenzae|H3N2|USA: Minnesota|Sus scrofa|2018-08-07|MH814933.1",1990.1
A/swine/Iowa/A02428126/2018|A_/_H3N2|unassigned|2018-12-26|HA|4||EPI_ISL_376872,2010.1
A/swine/Minnesota/A01678475/2016|A_/_H3N2|unassigned|2016-12-05|HA|4||EPI_ISL_246098,2010.1
A/swine/Minnesota/A01785326/2017|A_/_H3N2|unassigned|2017-10-23|HA|4||EPI_ISL_290286,2010.1
A/swine/South_Dakota/A01366205/2013|A_/_H3N2|unassigned|2013-12-05|HA|4||EPI_ISL_154596,1990.4.b1
A/swine/Pennsylvania/A02751476/2023|A_/_H3N2|3C.3a|2023-01-17|HA|4||EPI_ISL_17184152,1990.4.a
A/swine/Iowa/092519_02858808/2025|A_/_H3N2|unassigned|2025-09-02|HA|4||EPI_ISL_20187397,2010.1
A/swine/Kentucky/17TOSU6368/2017|A_/_H3N2|unassigned|2017-07-01|HA|4||EPI_ISL_373646,2010.1
A/swine/Colorado/00294/2004|A_/_H3N2|unassigned|2004-01-01|HA|4||EPI_ISL_190002,1990.4-like
A/swine/South_Dakota/A01785471/2018|A_/_H3N2|unassigned|2018-03-15|HA|4||EPI_ISL_388948,1990.4.a
A/swine/Kansas/A02858350/2025|A_/_H3N2|unassigned|2025-02-04|HA|4||EPI_ISL_19769014,1990.4.b1
A/swine/Missouri/A02636089/2021|A_/_H3N2|unassigned|2021-09-01|HA|4||EPI_ISL_6785518,2010.1
A/swine/North_Carolina/A01410687/2014|A_/_H3N2|unassigned|2014-04-01|HA|4||EPI_ISL_162888,1990.4.a
A/swine/Wyoming/A01445305/2013|A_/_H3N2|unassigned|2013-02-08|HA|4||EPI_ISL_138865,1990.4.a
A/swine/Minnesota/A01785476/2018|A_/_H3N2|unassigned|2018-03-20|HA|4||EPI_ISL_311220,1990.4.b1
A/swine/Indiana/A02636520/2022|A_/_H3N2|unassigned|2022-02-22|HA|4||EPI_ISL_14778344,1990.4.a
A/swine/Iowa/A01364803/2013|A_/_H3N2|unassigned|2013-09-13|HA|4||EPI_ISL_151728,1990.4.a
A/swine/Indiana/A02478925/2019|A_/_H3N2|unassigned|2019-11-26|HA|4||EPI_ISL_505922,1990.4.a
A/swine/Illinois/A02136719/2017|A_/_H3N2|unassigned|2017-11-20|HA|4||EPI_ISL_297124,2010.1
A/swine/Iowa/A01432207/2012|A_/_H3N2|unassigned|2012-12-01|HA|4||EPI_ISL_134284,1990.4.k
A/swine/North_Carolina/A02979468/2025|A_/_H3N2|unassigned|2025-03-14|HA|4||EPI_ISL_19890497,2010.1
A/swine/North_Carolina/A02431888/2019|A_/_H3N2|unassigned|2019-03-25|HA|4||EPI_ISL_370350,2010.1
A/swine/Nebraska/A01116980/2011|A_/_H3N2|unassigned|2011-11-02|HA|4||EPI_ISL_116356,1990.4
A/swine/Iowa/A01797994/2019|A_/_H3N2|unassigned|2019-04-26|HA|4||EPI_ISL_387819,2010.1
A/swine/Minnesota/A02245640/2020|A_/_H3N2|unassigned|2020-05-11|HA|4||EPI_ISL_502050,2010.1
A/swine/Iowa/A02524447/2020|A_/_H3N2|unassigned|2020-06-26|HA|4||EPI_ISL_499263,1990.4.a
"Influenza A virus (A/swine/Kentucky/23TOSU2040/2023(H3Nx)) segment 4 hemagglutinin (HA) gene, complete cds |Alphainfluenzavirus influenzae|H3Nx|USA|Sus scrofa scrofa|2023-07-05|PP445297.1",1990.4.a
A/swine/Iowa/A02863138/2024|A_/_H3N2|unassigned|2024-11-06|HA|4||EPI_ISL_19633308,2010.1
A/swine/Minnesota/A02978934/2025|A_/_H3N2|unassigned|2025-07-28|HA|4||EPI_ISL_20196457,2010.1
A/swine/Iowa/A01727249/2015|A_/_H3N2|unassigned|2015-12-09|HA|4||EPI_ISL_209376,2010.1
A/swine/Iowa/A02524645/2020|A_/_H3N2|unassigned|2020-09-22|HA|4||EPI_ISL_697539,2010.1
A/swine/Iowa/A02134998/2017|A_/_H3N2|unassigned|2017-10-25|HA|4||EPI_ISL_296389,2010.1
A/swine/Iowa/A02478674/2019|A_/_H3N2|unassigned|2019-09-09|HA|4||EPI_ISL_396137,2010.1
A/swine/Ohio/14TOSU21805/2014|A_/_H3N2|unassigned|2014-01-01|HA|4||EPI_ISL_200896,1990.4.b1
A/swine/Illinois/A01847805/2015|A_/_H3N2|unassigned|2015-04-24|HA|4||EPI_ISL_188955,1990.4.a
A/swine/Iowa/A01671473/2016|A_/_H3N2|unassigned|2016-12-09|HA|4||EPI_ISL_253698,2010.1
A/swine/Indiana/A01840146/2014|A_/_H3N2|unassigned|2014-12-12|HA|4||EPI_ISL_173674,1990.4.a
A/swine/Iowa/ISU-A02862080/2023|A_/_H3N2|unassigned|2023-11-28|HA|4||EPI_ISL_18701692,2010.1
A/swine/Iowa/CEIRR-L97476/2023|A_/_H3N2|unassigned|2023-10-12|HA|4||EPI_ISL_18847098,2010.1
A/swine/Indiana/14TOSU8019/2014|A_/_H3N2|unassigned|2014-01-01|HA|4||EPI_ISL_200846,1990.4.b1
A/swine/Iowa/A02525023/2020|A_/_H3N2|unassigned|2020-12-29|HA|4||EPI_ISL_4081913,1990.4.a
"Influenza A virus (A/swine/Iowa/A02862678/2024(H3N2)) segment 4 hemagglutinin (HA) gene, complete cds |Alphainfluenzavirus influenzae|H3N2|USA: Iowa|Sus scrofa|2024-06-10|PX917843.1",2010.1
A/swine/Minnesota/001332/2006|A_/_H3N2|unassigned|2006-11-17|HA|4||EPI_ISL_96934,1990.4
A/swine/Iowa/A02140874/2018|A_/_H3N2|unassigned|2018-01-19|HA|4||EPI_ISL_299568,1990.4.b1
A/swine/Iowa/A02478654/2019|A_/_H3N2|unassigned|2019-09-03|HA|4||EPI_ISL_393539,2010.1
A/swine/Indiana/A0109091/2010|A_/_H3N2|unassigned|2010-11-18|HA|4||EPI_ISL_90122,1990.4.a
A/swine/Iowa/A02076179/2015|A_/_H3N2|unassigned|2015-04-07|HA|4||EPI_ISL_188931,1990.4.a
A/swine/Iowa/100918/2019|A_/_H3|3C.2|2019-05-24|HA|4||EPI_ISL_19278373,2010.1
A/swine/Minnesota/A02862544/2024|A_/_H3N2|3C.3a|2024-04-09|HA|4||EPI_ISL_19139957,1990.4.a
A/swine/Oklahoma/A02712150/2022|A_/_H3N2|unassigned|2022-09-09|HA|4||EPI_ISL_16212275,2010.1
A/swine/Illinois/100212/2016|A_/_H3|unassigned|2016-07-14|HA|4||EPI_ISL_19278922,1990.4.a
A/swine/Kansas/A02751115/2022|A_/_H3N2|unassigned|2022-10-28|HA|4||EPI_ISL_16854555,1990.4.b1
A/swine/Nebraska/A02266075/2018|A_/_H3N2|unassigned|2018-10-02|HA|4||EPI_ISL_379367,2010.1
A/swine/Indiana/A02524839/2020|A_/_H3N2|unassigned|2020-11-03|HA|4||EPI_ISL_4081684,1990.4.a
A/swine/Oklahoma/A01785992/2019|A_/_H3N2|unassigned|2019-02-27|HA|4||EPI_ISL_372193,1990.4.a
A/swine/Minnesota/00269/2004|A_/_H3N2|unassigned|2004-01-01|HA|4||EPI_ISL_190012,1990.4-like
A/swine/Indiana/A02750649/2022|A_/_H3N2|unassigned|2022-06-10|HA|4||EPI_ISL_14875171,2010.1
A/swine/Iowa/A02214239/2017|A_/_H3N2|unassigned|2017-03-22|HA|4||EPI_ISL_264199,2010.1
A/swine/Iowa/A02861646/2023|A_/_H3N2|unassigned|2023-07-14|HA|4||EPI_ISL_18211294,2010.1
A/swine/Indiana/A01260976/2015|A_/_H3N2|unassigned|2015-09-01|HA|4||EPI_ISL_206672,1990.4.a
A/swine/Ohio/A02134225/2017|A_/_H3N2|unassigned|2017-10-17|HA|4||EPI_ISL_296547,1990.4.a
A/swine/Wyoming/A01379354/2013|A_/_H3N2|unassigned|2013-03-29|HA|4||EPI_ISL_142018,1990.4.a
A/swine/Indiana/16TOSU4426/2016|A_/_H3N2|unassigned|2016-07-01|HA|4||EPI_ISL_280254,1990.4.a
A/swine/Indiana/A01476743/2014|A_/_H3N2|unassigned|2014-10-14|HA|4||EPI_ISL_170570,1990.4.a
A/swine/Iowa/A01894589/2016|A_/_H3N2|unassigned|2016-04-01|HA|4||EPI_ISL_222509,1990.4.a
A/swine/Iowa/A01782264/2016|A_/_H3N2|unassigned|2016-10-12|HA|4||EPI_ISL_245054,2010.1
A/swine/Nebraska/A02862639/2024|A_/_H3N2|3C.2a1b.2a.2a.3a.1|2024-07-25|HA|4||EPI_ISL_19301224,Other-Human-2020
A/swine/SouthDakota/A01267894/2012|A_/_H3N2|unassigned|2012-10-22|HA|4||EPI_ISL_132323,1990.4
A/swine/Colorado/ISU-A02758609/2023|A_/_H3N2|3C.2a1b.2a.2a.1|2023-05-11|HA|4||EPI_ISL_18216807,Other-Human-2020
A/swine/Iowa/63607-13/2008|A_/_H3N2|unassigned|2008-01-01|HA|4||EPI_ISL_30297,1990.4
"Influenza A virus (A/swine/Iowa/20TOSU2108/2020(H3N2)) segment 4 hemagglutinin (HA) gene, complete cds |Alphainfluenzavirus influenzae|H3N2|USA|Sus scrofa scrofa|2020-07-10|OP655052.1",1990.4.a
A/swine/Minnesota/A02478920/2019|A_/_H3N2|unassigned|2019-11-25|HA|4||EPI_ISL_505925,1990.4.a
A/swine/Indiana/A01260280/2013|A_/_H3N2|unassigned|2013-04-19|HA|4||EPI_ISL_143498,1990.4.a
A/swine/Minnesota/A01671761/2016|A_/_H3N2|unassigned|2016-12-22|HA|4||EPI_ISL_253927,2010.1
A/swine/Iowa/A022642/2020|A_/_H3N2|unassigned|2020-05-11|HA|4||EPI_ISL_502054,2010.1
A/swine/Iowa/A01672514/2017|A_/_H3N2|unassigned|2017-01-10|HA|4||EPI_ISL_257037,2010.1
A/swine/Indiana/A01260185/2013|A_/_H3N2|unassigned|2013-01-03|HA|4||EPI_ISL_138218,1990.4.c
A/swine/Nebraska/CEIRS-I80401/2023|A_/_H3N2|unassigned|2023-08-27|HA|4||EPI_ISL_18750847,1990.4.i
A/swine/Ohio/24-10174-5/2024|A_/_H3N2|unassigned|2024-04-16|HA|4||EPI_ISL_20187772,2010.1
A/swine/Illinois/21TOSU2026/2021|A_/_H3N2|unassigned|2021-06-25|HA|4||EPI_ISL_14872736,2010.1
A/swine/Pennsylvania/A02524956/2020|A_/_H3N2|unassigned|2020-12-02|HA|4||EPI_ISL_4081848,1990.4.a
A/swine/Illinois/101600/2023|A_/_H3|unassigned|2023-03-15|HA|4||EPI_ISL_19277787,2010.1
A/swine/Iowa/A02478673/2019|A_/_H3N2|unassigned|2019-09-05|HA|4||EPI_ISL_396138,2010.1
A/swine/Iowa/A02858565/2025|A_/_H3N2|unassigned|2025-04-24|HA|4||EPI_ISL_19885009,2010.1
A/swine/Indiana/100759/2021|A_/_H3|3C.3a|2021-03-30|HA|4||EPI_ISL_19278047,1990.4.a
A/swine/Iowa/A02267871/2018|A_/_H3N2|unassigned|2018-10-19|HA|4||EPI_ISL_379406,2010.1
A/swine/Iowa/A01733626/2016|A_/_H3N2|unassigned|2016-03-16|HA|4||EPI_ISL_221732,1990.4.a
A/swine/Minnesota/A01941515/2015|A_/_H3N2|unassigned|2015-12-15|HA|4||EPI_ISL_209347,1990.4.a
A/swine/North_Carolina/A01785537/2018|A_/_H3N2|unassigned|2018-05-09|HA|4||EPI_ISL_328766,2010.1
A/swine/Indiana/A02524539/2020|A_/_H3N2|unassigned|2020-08-07|HA|4||EPI_ISL_707226,1990.4.a
A/swine/USA/21/2018|A_/_H3N2|3C.2a1|2018-07-27|HA|4||EPI_ISL_505854,2010.2
A/swine/South_Dakota/A01481811/2014|A_/_H3N2|unassigned|2014-06-17|HA|4||EPI_ISL_165171,1990.4.a
A/swine/Minnesota/USDA-A02978669/2023|A_/_H3N2|unassigned|2023-12-19|HA|4||EPI_ISL_18746622,2010.1
A/swine/Minnesota/239105/2009|A_/_H3N2|unassigned|2009-11-24|HA|4||EPI_ISL_88842,1990.4
A/swine/Texas/A01049556/2011|A_/_H3N2|unassigned|2011-02-14|HA|4||EPI_ISL_97086,1990.4.f
A/swine/Iowa/A02863170/2024|A_/_H3N2|unassigned|2024-11-19|HA|4||EPI_ISL_19633296,2010.1
A/swine/Kansas/UCHI-A02978536/2023|A_/_H3N2|unassigned|2023-06-22|HA|4||EPI_ISL_18388382,2010.1
A/swine/Minnesota/A02478822/2019|A_/_H3N2|unassigned|2019-10-30|HA|4||EPI_ISL_503404,2010.1
A/swine/Virginia/A01290329/2013|A_/_H3N2|unassigned|2013-08-01|HA|4||EPI_ISL_148312,1990.4.a
A/swine/Iowa/A02635816/2021|A_/_H3N2|unassigned|2021-05-10|HA|4||EPI_ISL_4083683,2010.1
"Influenza A virus (A/swine/Indiana/22TOSU0505/2022(H3N2)) segment 4 hemagglutinin (HA) gene, complete cds |Alphainfluenzavirus influenzae|H3N2|USA|Sus scrofa scrofa|2022-06-23|OP870990.1",2010.1
A/swine/Pennsylvania/A02479139/2020|A_/_H3N2|unassigned|2020-03-19|HA|4||EPI_ISL_504067,1990.4.a
"Influenza A virus (A/swine/Iowa/A02750980/2022(H3N2)) segment 4 hemagglutinin (HA) gene, complete cds |Alphainfluenzavirus influenzae|H3N2|USA: Iowa|Sus scrofa|2022-10-07|OP903599.1",2010.1
A/swine/Iowa/A02525036/2020|A_/_H3N2|unassigned|2020-12-30|HA|4||EPI_ISL_4081925,2010.1
A/swine/Colorado/A01775092/2016|A_/_H3N2|unassigned|2016-05-11|HA|4||EPI_ISL_226067,1990.4.a
"Influenza A virus (A/swine/Ohio/A02861299/2023(H3N2)) segment 4 hemagglutinin (HA) gene, complete cds |Alphainfluenzavirus influenzae|H3N2|USA: Ohio|Sus scrofa|2023-03-16|OQ836528.1",2010.1
A/swine/Ohio/11TOSU559/2011|A_/_H3N2|unassigned|2011-10-28|HA|4||EPI_ISL_245790,1990.4.a
A/swine/Illinois/A01820165/2015|A_/_H3N2|unassigned|2015-03-24|HA|4||EPI_ISL_190548,1990.4.e
A/swine/Minnesota/A01940427/2015|A_/_H3N2|unassigned|2015-09-21|HA|4||EPI_ISL_201896,1990.4.a
A/swine/Wyoming/A01444566/2013|A_/_H3N2|unassigned|2013-01-13|HA|4||EPI_ISL_137560,1990.4.a
A/swine/Iowa/A02478782/2019|A_/_H3N2|unassigned|2019-10-15|HA|4||EPI_ISL_399716,1990.4.a
A/swine/Illinois/100318/2017|A_/_H3|3C.3a|2017-11-27|HA|4||EPI_ISL_19278709,1990.1
A/swine/Iowa/USDA-A02978734/2024|A_/_H3N2|3C.2|2024-01-02|HA|4||EPI_ISL_18921495,2010.1
A/swine/Oklahoma/A01778144/2016|A_/_H3N2|unassigned|2016-08-01|HA|4||EPI_ISL_234580,2010.1
"Influenza A virus (A/swine/Indiana/23TOSU2941/2023(H3N2)) segment 4 hemagglutinin (HA) gene, complete cds |Alphainfluenzavirus influenzae|H3N2|USA|Sus scrofa scrofa|2023-07-28|PP461293.1",1990.4.a
A/swine/Iowa/A02862975/2024|A_/_H3N2|unassigned|2024-10-04|HA|4||EPI_ISL_19548132,2010.1
A/swine/Indiana/A00968321/2010|A_/_H3N2|unassigned|2010-10-18|HA|4||EPI_ISL_102546,1990.4.a
A/swine/North_Carolina/A02979483/2025|A_/_H3N2|unassigned|2025-04-18|HA|4||EPI_ISL_19890498,2010.1
"Influenza A virus (A/swine/Minnesota/A02245657/2020(H3N2)) segment 4 hemagglutinin (HA) gene, complete cds |Alphainfluenzavirus influenzae|H3N2|USA: Minnesota|Sus scrofa|2020-05-21|MT780910.1",2010.1
A/swine/Minnesota/A02979243/2024|A_/_H3N2|3C.2|2024-09-11|HA|4||EPI_ISL_19556781,2010.1
A/swine/Illinois/100430/2019|A_/_H3|unassigned|2019-11-15|HA|4||EPI_ISL_19278272,2010.1
A/swine/Iowa/19TOSU3065/2019|A_/_H3N2|unassigned|2019-06-07|HA|4||EPI_ISL_707101,2010.1
"Influenza A virus (A/swine/Kentucky/23TOSU2288/2023(H3Nx)) segment 4 hemagglutinin (HA) gene, complete cds |Alphainfluenzavirus influenzae|H3Nx|USA|Sus scrofa scrofa|2023-07-05|PP461319.1",1990.4.a
A/swine/Illinois/A01728756/2015|A_/_H3N2|unassigned|2015-12-29|HA|4||EPI_ISL_211822,1990.4.a
A/swine/Iowa/A02750695/2022|A_/_H3N2|unassigned|2022-07-06|HA|4||EPI_ISL_14931856,2010.1
A/swine/North_Carolina/A02979301/2024|A_/_H3N2|unassigned|2024-10-22|HA|4||EPI_ISL_19556777,1990.4.b1
A/swine/North_Carolina/157671/2015|A_/_H3N2|unassigned|2015-09-01|HA|4||EPI_ISL_4082003,1990.4.a
A/swine/Iowa/72078/2020|A_/_H3|3C.2a1|2020-09-15|HA|4||EPI_ISL_4081730,2010.2
A/swine/Indiana/A00968308/2012|A_/_H3N2|unassigned|2012-08-09|HA|4||EPI_ISL_130420,1990.4.a
A/swine/USA/2013028053/2013|A_/_H3N1|3C.3a|2013-05-01|HA|4||EPI_ISL_163908,2010.1
A/swine/North_Carolina/A01840071/2014|A_/_H3N2|unassigned|2014-12-03|HA|4||EPI_ISL_174301,1990.4.a
A/swine/Minnesota/A02245422/2020|A_/_H3N2|unassigned|2020-02-24|HA|4||EPI_ISL_503908,2010.1
A/swine/Maryland/A01764024/2017|A_/_H3N2|unassigned|2017-09-23|HA|4||EPI_ISL_284721,2010.1
A/swine/Ohio/10SW134/2010|A_/_H3N2|unassigned|2010-08-12|HA|4||EPI_ISL_133841,1990.4.a
A/swine/NE/A01101010/2011|A_/_H3N2|unassigned|2011-12-05|HA|4||EPI_ISL_109913,1990.4.f
A/swine/North_Carolina/A01781199/2016|A_/_H3N2|unassigned|2016-09-08|HA|4||EPI_ISL_243373,1990.4.b2
A/swine/North_Carolina/A02750710/2022|A_/_H3N2|unassigned|2022-07-11|HA|4||EPI_ISL_14931871,1990.4.a
A/swine/Minnesota/A02245724/2020|A_/_H3N2|unassigned|2020-09-30|HA|4||EPI_ISL_697666,1990.4.a
A/swine/Iowa/A01778368/2016|A_/_H3N2|unassigned|2016-08-03|HA|4||EPI_ISL_234578,2010.1
A/swine/Indiana/25TOSU1570/2025|A_/_H3N2|unassigned|2025-06-11|HA|4||EPI_ISL_20191313,2010.1
A/swine/Indiana/A02862935/2024|A_/_H3N2|unassigned|2024-10-01|HA|4||EPI_ISL_19521824,2010.2
A/swine/Arkansas/A01555074/2014|A_/_H3N2|unassigned|2014-11-24|HA|4||EPI_ISL_174304,1990.4.a
A/swine/Iowa/03734/2011|A_/_H3N2|unassigned|2011-01-24|HA|4||EPI_ISL_151000,1990.4
A/swine/Indiana/A02758602/2023|A_/_H3N2|unassigned|2023-02-02|HA|4||EPI_ISL_17184164,2010.2
A/swine/Iowa/16TOSU2418/2016|A_/_H3N2|unassigned|2016-06-09|HA|4||EPI_ISL_253987,2010.1
A/Swine/Colorado/23619/99|A_/_H3N2|unassigned|1999-01-01|HA|4||EPI_ISL_1751,
A/swine/Minnesota/A02245776/2020|A_/_H3N2|unassigned|2020-11-02|HA|4||EPI_ISL_4081675,1990.4.a
A/swine/Kansas/A02245241/2019|A_/_H3N2|unassigned|2019-09-13|HA|4||EPI_ISL_396133,1990.4.a
A/swine/Nebraska/101596/2023|A_/_H3|unassigned|2023-04-05|HA|4||EPI_ISL_19277748,2010.1
A/swine/Minnesota/A01300160/2012|A_/_H3N2|unassigned|2012-06-01|HA|4||EPI_ISL_130121,1990.4.b1
A/swine/Indiana/17TOSU2865/2017|A_/_H3N2|unassigned|2017-06-01|HA|4||EPI_ISL_373575,2010.1
A/swine/Indiana/101567/2019|A_/_H3|unassigned|2019-04-02|HA|4||EPI_ISL_19278411,2010.1
A/swine/Wisconsin/A02862481/2024|A_/_H3N2|3C.2|2024-04-01|HA|4||EPI_ISL_19072936,2010.1
A/swine/Iowa/A02154072/2018|A_/_H3N2|unassigned|2018-02-22|HA|4||EPI_ISL_305770,1990.4.a
A/swine/Minnesota/A01392044/2013|A_/_H3N2|unassigned|2013-09-10|HA|4||EPI_ISL_151705,1990.4.b1
A/swine/Iowa/A02154076/2018|A_/_H3N2|unassigned|2018-02-22|HA|4||EPI_ISL_305778,2010.1
A/swine/Illinois/25TOSU1814/2025|A_/_H3N2|unassigned|2025-06-25|HA|4||EPI_ISL_20191319,2010.1
A/swine/Iowa/101725/2019|A_/_H3|3C.2|2019-04-16|HA|4||EPI_ISL_19278405,2010.1
A/swine/North_Carolina/A02858654/2025|A_/_H3N2|unassigned|2025-05-30|HA|4||EPI_ISL_20051673,2010.1
A/swine/Kentucky/14TOSU24012/2014|A_/_H3N2|unassigned|2014-01-01|HA|4||EPI_ISL_200861,1990.4.b1
"Influenza A virus (A/swine/North Carolina/A02750800/2022(H3N2)) segment 4 hemagglutinin (HA) gene, complete cds |Alphainfluenzavirus influenzae|H3N2|USA: North Carolina|Sus scrofa|2022-08-16|OP454957.1",1990.4.a
"Influenza A virus (A/swine/Minnesota/A02245670/2020(H3N2)) segment 4 hemagglutinin (HA) gene, complete cds |Alphainfluenzavirus influenzae|H3N2|USA: Minnesota|Sus scrofa|2020-06-10|MT792682.1",1990.4.a
A/swine/Illinois/101032/2005|A_/_H3|unassigned|2005-03-04|HA|4||EPI_ISL_19279582,1990.4
A/swine/North_Carolina/A02978872/2024|A_/_H3N2|unassigned|2024-03-29|HA|4||EPI_ISL_19159714,2010.1
"Influenza A virus (A/swine/Texas/A01785616/2018(H3N2)) segment 4 hemagglutinin (HA) gene, complete cds |Alphainfluenzavirus influenzae|H3N2|USA: Texas|Sus scrofa|2018-09-11|MK024145.1",1990.4.a
A/swine/Iowa/13A016/2013|A_/_H3N2|unassigned|2013-01-28|HA|4||EPI_ISL_147198,1990.4.b2
A/swine/Minnesota/ISU-A02862174/2023|A_/_H3N2|3C.2|2023-12-20|HA|4||EPI_ISL_18847120,2010.1
A/swine/Nebraska/A01785381/2017|A_/_H3N2|unassigned|2017-12-07|HA|4||EPI_ISL_297148,1990.4.b2
A/swine/Iowa/A01941182/2015|A_/_H3N2|unassigned|2015-11-19|HA|4||EPI_ISL_205996,2010.1
A/swine/North_Carolina/A01300820/2012|A_/_H3N2|unassigned|2012-07-19|HA|4||EPI_ISL_130143,1990.4.a
"Influenza A virus (A/swine/Minnesota/A02245665/2020(H3N2)) segment 4 hemagglutinin (HA) gene, partial cds |Alphainfluenzavirus influenzae|H3N2|USA: Minnesota|Sus scrofa|2020-06-01|MT780908.1",2010.1
A/swine/Iowa/A01409518/2013|A_/_H3N2|unassigned|2013-12-01|HA|4||EPI_ISL_155803,1990.4.a
A/swine/Kentucky/15TOSU2007/2015|A_/_H3N2|unassigned|2015-11-08|HA|4||EPI_ISL_245772,1990.4.b1
A/swine/Missouri/A02751448/2023|A_/_H3N2|unassigned|2023-01-03|HA|4||EPI_ISL_17184135,2010.1
A/swine/Nebraska/101918/2014|A_/_H3|3C.3a|2014-10-17|HA|4||EPI_ISL_19279264,1990.4.a
A/swine/Oklahoma/075901_A02862767/2024|A_/_H3N2|unassigned|2024-07-19|HA|4||EPI_ISL_19367265,2010.2
A/swine/Oklahoma/A02711828/2022|A_/_H3N2|unassigned|2022-05-06|HA|4||EPI_ISL_14224057,2010.1
A/swine/Missouri/A02636066/2021|A_/_H3N2|unassigned|2021-08-17|HA|4||EPI_ISL_6781462,2010.1
A/swine/Minnesota/A01785496/2018|A_/_H3N2|unassigned|2018-04-05|HA|4||EPI_ISL_329619,2010.1
A/swine/Ohio/A02635702/2021|A_/_H3N2|unassigned|2021-04-19|HA|4||EPI_ISL_4083623,1990.4.a
A/swine/Minnesota/A01678498/2017|A_/_H3N2|unassigned|2017-06-29|HA|4||EPI_ISL_278763,2010.1
A/swine/North_Carolina/A01945976/2015|A_/_H3N2|unassigned|2015-10-27|HA|4||EPI_ISL_205327,1990.4.a
A/swine/Iowa/17TOSU7821/2017|A_/_H3N2|unassigned|2017-08-01|HA|4||EPI_ISL_379302,2010.1
A/swine/Minnesota/A01667099/2017|A_/_H3N2|unassigned|2017-03-09|HA|4||EPI_ISL_262590,2010.1
"Influenza A virus (A/swine/Nebraska/A02269997/2018(H3N2)) segment 4 hemagglutinin (HA) gene, complete cds |Alphainfluenzavirus influenzae|H3N2|USA: Nebraska|Sus scrofa|2018-11-13|MK358900.1",2010.1
A/swine/Ohio/A02636432/2022|A_/_H3N2|3C.2a1|2022-01-20|HA|4||EPI_ISL_14775852,2010.2
A/swine/Minnesota/ISU-A02862066/2023|A_/_H3N2|3C.3a|2023-11-21|HA|4||EPI_ISL_18701685,1990.4.a
A/swine/Nebraska/A01476165/2014|A_/_H3N2|unassigned|2014-07-28|HA|4||EPI_ISL_166548,1990.4.a
A/swine/North_Carolina/A01076178/2009|A_/_H3N2|unassigned|2009-12-06|HA|4||EPI_ISL_104647,1990.4
A/swine/Oklahoma/00518/2005|A_/_H3N2|unassigned|2005-03-01|HA|4||EPI_ISL_151216,1990.4
A/swine/USA/A01291038/2013|A_/_H3N2|unassigned|2013-10-01|HA|4||EPI_ISL_150672,1990.4.a
"Influenza A virus (A/swine/Minnesota/A01785860/2019(H3N2)) segment 4 hemagglutinin (HA) gene, complete cds |Alphainfluenzavirus influenzae|H3N2|USA: Minnesota|Sus scrofa|2019-01-21|MK512717.1",1990.4.i
A/swine/Nebraska/4B-0114-P25/2014|A_/_H3N2|unassigned|2014-01-01|HA|4||EPI_ISL_16705321,1990.4.a
A/swine/Minnesota/MT_12_07_525/2012|A_/_H3N2|unassigned|2012-01-04|HA|4||EPI_ISL_271074,1990.4.b2
A/swine/Ohio/A02685047/2023|A_/_H3N2|unassigned|2023-02-27|HA|4||EPI_ISL_17806006,2010.2
A/swine/Iowa/A02254778/2018|A_/_H3N2|unassigned|2018-08-03|HA|4||EPI_ISL_326822,2010.1
A/swine/Iowa/A02862513/2024|A_/_H3N2|3C.3a|2024-04-03|HA|4||EPI_ISL_19139966,1990.4.a
A/swine/Michigan/A02635708/2021|A_/_H3N2|unassigned|2021-04-20|HA|4||EPI_ISL_4083624,1990.4.a
A/swine/Iowa/A02525184/2021|A_/_H3N2|unassigned|2021-02-15|HA|4||EPI_ISL_4082023,1990.4.a
A/swine/Illinois/A01555570/2015|A_/_H3N2|unassigned|2015-02-19|HA|4||EPI_ISL_177894,1990.4.a
A/swine/Oklahoma/A02478660/2019|A_/_H3N2|unassigned|2019-09-04|HA|4||EPI_ISL_393557,2010.1
A/swine/Iowa/100702/2020|A_/_H3|unassigned|2020-10-14|HA|4||EPI_ISL_19278116,1990.4.b2
A/swine/Iowa/A02861511/2023|A_/_H3N2|unassigned|2023-05-17|HA|4||EPI_ISL_18042960,2010.1
A/swine/Iowa/20TOSU1811/2020|A_/_H3N2|unassigned|2020-07-09|HA|4||EPI_ISL_14224391,1990.4.a
A/swine/Iowa/101213/2010|A_/_H3|unassigned|2010-06-22|HA|4||EPI_ISL_19279418,1990.4
A/swine/Indiana/A02525066/2021|A_/_H3N2|unassigned|2021-01-14|HA|4||EPI_ISL_4081953,1990.4.a
A/swine/Ohio/A02862816/2024|A_/_H3N2|unassigned|2024-08-14|HA|4||EPI_ISL_19418470,2010.2
A/swine/Illinois/100517/2018|A_/_H3|3C.2|2018-09-14|HA|4||EPI_ISL_19278556,2010.1
A/swine/Missouri/ISU-A02861950/2023|A_/_H3N2|unassigned|2023-10-25|HA|4||EPI_ISL_18777080,2010.1
A/swine/Nebraska/A02635893/2021|A_/_H3N2|unassigned|2021-06-14|HA|4||EPI_ISL_4084482,1990.4.a
A/swine/Iowa/A01785594/2018|A_/_H3N2|unassigned|2018-08-03|HA|4||EPI_ISL_381144,2010.1
A/swine/Michigan/A01104095/2016|A_/_H3N2|unassigned|2016-07-28|HA|4||EPI_ISL_234573,2010.1
A/swine/Missouri/100755/2021|A_/_H3|unassigned|2021-03-12|HA|4||EPI_ISL_19278052,2010.1
A/swine/Oklahoma/A01678529/2017|A_/_H3N2|unassigned|2017-12-15|HA|4||EPI_ISL_296291,2010.2
A/swine/Indiana/A02861251/2023|A_/_H3N2|3C.2a1|2023-03-01|HA|4||EPI_ISL_17530179,2010.2
A/swine/Kansas/2015-14/2015|A_/_H3N2|unassigned|2015-12-18|HA|4||EPI_ISL_4083649,1990.4.a
A/swine/North_Carolina/A02138712/2017|A_/_H3N2|unassigned|2017-12-13|HA|4||EPI_ISL_295689,2010.1
"Influenza A virus (A/swine/Ohio/23TOSU4177/2023(H3N2)) segment 4 hemagglutinin (HA) gene, complete cds |Alphainfluenzavirus influenzae|H3N2|USA|Sus scrofa scrofa|2023-08-01|PP461281.1",1990.4.a
A/swine/North_Carolina/A01785542/2018|A_/_H3N2|unassigned|2018-05-21|HA|4||EPI_ISL_328626,2010.1
A/swine/Indiana/22TOSU1728/2022|A_/_H3N2|3C.2|2022-07-14|HA|4||EPI_ISL_17409657,2010.1
A/swine/Iowa/100885/2019|A_/_H3|3C.3a|2019-01-16|HA|4||EPI_ISL_19278458,1990.1
A/swine/Illinois/101107/2008|A_/_H3|unassigned|2008-05-19|HA|4||EPI_ISL_19279517,1990.4
A/swine/Illinois/A01493469/2014|A_/_H3N2|unassigned|2014-03-26|HA|4||EPI_ISL_162044,1990.4.e
A/swine/Ohio/23-1920/2023|A_/_H3N2|unassigned|2023-01-30|HA|4||EPI_ISL_20186017,2010.2
A/swine/Indiana/A02245887/2021|A_/_H3N2|unassigned|2021-03-26|HA|4||EPI_ISL_4083251,1990.4.a
A/swine/Nebraska/I037452/2025|A_/_H3N1|unassigned|2025-04-10|HA|4||EPI_ISL_19890476,1990.4.i
A/swine/Minnesota/A02245092/2019|A_/_H3N2|unassigned|2019-03-27|HA|4||EPI_ISL_366386,2010.1
A/swine/Iowa/A01300194/2012|A_/_H3N2|unassigned|2012-06-21|HA|4||EPI_ISL_130131,1990.4.b1
A/swine/Indiana/100786/2021|A_/_H3|3C.2|2021-11-09|HA|4||EPI_ISL_19277988,2010.1
A/swine/Indiana/24TOSU0896/2024|A_/_H3N2|3C.3a|2024-06-13|HA|4||EPI_ISL_19332121,1990.4.a
A/swine/Minnesota/A02245255/2019|A_/_H3N2|unassigned|2019-09-24|HA|4||EPI_ISL_396975,1990.4.a
A/swine/North_Dakota/004676_02859151/2025|A_/_H3N2|unassigned|2025-12-29|HA|4||EPI_ISL_20389284,2010.1
A/swine/Ohio/23-20587-2/2023|A_/_H3N2|unassigned|2023-08-29|HA|4||EPI_ISL_20186014,2010.2
A/swine/Nebraska/A01785951/2019|A_/_H3N2|unassigned|2019-02-07|HA|4||EPI_ISL_370650,1990.4.a
A/swine/Minnesota/A02979230/2024|A_/_H3N2|3C.2|2024-08-30|HA|4||EPI_ISL_19483718,2010.1
"Influenza A virus (A/swine/Minnesota/A02980496/2025(H3N2)) segment 4 hemagglutinin (HA) gene, complete cds |Alphainfluenzavirus influenzae|H3N2|USA|Sus scrofa|2025-06-18|PX060483.1",1990.4.a
A/swine/Nebraska/A01493501/2014|A_/_H3N2|unassigned|2014-03-27|HA|4||EPI_ISL_162045,1990.4.a
A/swine/USA/17/2017|A_/_H3N2|3C.2a1|2017-10-20|HA|4||EPI_ISL_505850,2010.2
"Influenza A virus (A/swine/Nebraska/A02862417/2024(H3N2)) segment 4 hemagglutinin (HA) gene, complete cds |Alphainfluenzavirus influenzae|H3N2|USA: Nebraska|Sus scrofa|2024-03-14|PP657368.1",1990.4.a
A/swine/Missouri/A02525068/2021|A_/_H3N2|unassigned|2021-01-07|HA|4||EPI_ISL_4081952,1990.4.a
A/swine/Illinois/101656/2022|A_/_H3|unassigned|2022-02-23|HA|4||EPI_ISL_19277938,2010.1
A/swine/Iowa/A02479018/2020|A_/_H3N2|unassigned|2020-01-22|HA|4||EPI_ISL_503434,2010.1
A/swine/Minnesota/A02979179/2024|A_/_H3N2|unassigned|2024-07-25|HA|4||EPI_ISL_19483726,1990.4.a
"Influenza A virus (A/swine/South Dakota/A01480341/2014(H3N2)) segment 4 hemagglutinin (HA) gene, complete cds |Alphainfluenzavirus influenzae|H3N2|USA|Sus scrofa|2014-02-27|KJ588371.1",1990.4.a
A/swine/Minnesota/A01442410/2012|A_/_H3N2|unassigned|2012-03-26|HA|4||EPI_ISL_134291,1990.4.b1
A/swine/Minnesota/A02525137/2021|A_/_H3N2|unassigned|2021-02-02|HA|4||EPI_ISL_4082016,2010.1
A/swine/North_Carolina/A01785581/2018|A_/_H3N2|unassigned|2018-07-05|HA|4||EPI_ISL_327583,2010.1
A/swine/Minnesota/A01785393/2017|A_/_H3N2|unassigned|2017-12-20|HA|4||EPI_ISL_295649,2010.1
A/swine/Iowa/A02218427/2017|A_/_H3N2|unassigned|2017-07-13|HA|4||EPI_ISL_279726,2010.1
A/swine/Nebraska/A02524965/2020|A_/_H3N2|unassigned|2020-12-07|HA|4||EPI_ISL_4081854,2010.1
"Influenza A virus (A/swine/Nebraska/A01395831/2013(H3N2)) segment 4 hemagglutinin (HA) gene, complete cds |Alphainfluenzavirus influenzae|H3N2|USA: Nebraska|Sus scrofa|2013-12-06|KJ013282.1",1990.4.a
A/swine/Minnesota/A02245584/2020|A_/_H3N2|unassigned|2020-04-07|HA|4||EPI_ISL_504151,1990.4.a
A/swine/Iowa/004520_02859008/2025|A_/_H3N2|unassigned|2025-10-21|HA|4||EPI_ISL_20389422,2010.1
A/swine/Iowa/A01049036/2010|A_/_H3N2|unassigned|2010-11-16|HA|4||EPI_ISL_109912,1990.4.e
A/swine/Iowa/13C040/2013|A_/_H3N2|unassigned|2013-03-26|HA|4||EPI_ISL_151132,1990.4.b2
"Influenza A virus (A/swine/Kentucky/23TOSU2156/2023(H3N2)) segment 4 hemagglutinin (HA) gene, complete cds |Alphainfluenzavirus influenzae|H3N2|USA|Sus scrofa scrofa|2023-07-05|PP461339.1",1990.4.a
A/swine/Iowa/A02525063/2021|A_/_H3N2|unassigned|2021-01-13|HA|4||EPI_ISL_4081982,1990.4.a
A/swine/Iowa/A02862887/2024|A_/_H3N2|3C.3a|2024-09-16|HA|4||EPI_ISL_19501191,1990.4.a
A/swine/Iowa/A02863144/2024|A_/_H3N2|3C.2|2024-11-14|HA|4||EPI_ISL_19633305,2010.1
A/swine/Kentucky/14TOSU23816/2014|A_/_H3N2|unassigned|2014-01-01|HA|4||EPI_ISL_200878,1990.4.b1
A/swine/Michigan/A02246908/2021|A_/_H3N2|unassigned|2021-12-30|HA|4||EPI_ISL_14769992,1990.4.a
A/swine/Ohio/A01797012/2015|A_/_H3N2|unassigned|2015-11-02|HA|4||EPI_ISL_205320,1990.4.a
A/swine/Michigan/A02254615/2018|A_/_H3N2|unassigned|2018-07-25|HA|4||EPI_ISL_326807,1990.4.b2
A/swine/Minnesota/01546/2007|A_/_H3N2|unassigned|2007-06-01|HA|4||EPI_ISL_190216,1990.4
A/swine/Texas/01822/2007|A_/_H3N1|unassigned|2007-10-25|HA|4||EPI_ISL_150871,1990.4.f
A/swine/North_Carolina/A01785849/2019|A_/_H3N2|unassigned|2019-01-11|HA|4||EPI_ISL_373531,2010.1
A/swine/Iowa/A02751151/2022|A_/_H3N2|3C.2|2022-10-31|HA|4||EPI_ISL_16925108,2010.1
A/swine/Nebraska/A02245526/2020|A_/_H3N2|unassigned|2020-03-05|HA|4||EPI_ISL_504044,2010.1
A/swine/North_Carolina/A02712155/2022|A_/_H3N2|unassigned|2022-09-27|HA|4||EPI_ISL_16212280,1990.4.a
A/swine/Michigan/100446/2017|A_/_H3|3C.2a2|2017-11-21|HA|4||EPI_ISL_19278711,Other-Human-2010-like
"Influenza A virus (A/swine/Texas/A02710697/2022(H3N?)) segment 4 hemagglutinin (HA) gene, complete cds |Alphainfluenzavirus influenzae|H3N?|USA: Texas|Sus scrofa|2022-01-21|ON427065.1",2010.1
A/swine/Iowa/ISU-A02862158/2023|A_/_H3N2|3C.2|2023-12-18|HA|4||EPI_ISL_18847093,2010.1
A/swine/Iowa/A02862905/2024|A_/_H3N2|3C.2|2024-09-23|HA|4||EPI_ISL_19521823,2010.1
A/swine/Minnesota/2/2012|A_/_H3N2|unassigned|2012-06-01|HA|4||EPI_ISL_122068,1990.4.e
A/swine/Iowa/101713/2019|A_/_H3|3C.3a|2019-10-09|HA|4||EPI_ISL_19278310,1990.4.a
A/swine/Iowa/A02636181/2021|A_/_H3N2|unassigned|2021-09-22|HA|4||EPI_ISL_6795333,1990.4.a
A/swine/Minnesota/761/2007|A_/_H3N2|unassigned|2007-01-01|HA|4||EPI_ISL_29807,1990.4
A/swine/Indiana/A00968344/2011|A_/_H3N2|unassigned|2011-09-08|HA|4||EPI_ISL_162014,1990.4.d
A/swine/Minnesota/01862/2007|A_/_H3N2|unassigned|2007-11-20|HA|4||EPI_ISL_96919,1990.4
A/swine/North_Carolina/A02248022/2021|A_/_H3N2|unassigned|2021-06-23|HA|4||EPI_ISL_4089865,1990.4.a
A/swine/Pennsylvania/A01076501/2010|A_/_H3N2|unassigned|2010-09-01|HA|4||EPI_ISL_123131,1990.4
A/swine/Minnesota/A01501738/2014|A_/_H3N2|unassigned|2014-06-10|HA|4||EPI_ISL_165151,1990.4.b1
A/swine/Oklahoma/004663_02859138/2025|A_/_H3N2|unassigned|2025-12-17|HA|4||EPI_ISL_20389198,2010.1
A/swine/Indiana/15TOSU0348/2015|A_/_H3N2|unassigned|2015-07-17|HA|4||EPI_ISL_243777,1990.4.a
A/swine/Michigan/22TOSU3731/2022|A_/_H3N2|3C.2|2022-08-06|HA|4||EPI_ISL_17409614,2010.1
A/swine/Iowa/A02478584/2019|A_/_H3N2|unassigned|2019-07-10|HA|4||EPI_ISL_381685,1990.4.a
A/swine/Iowa/ISU-A02862090/2023|A_/_H3N2|3C.3a|2023-11-29|HA|4||EPI_ISL_18737888,1990.4.a
A/swine/Minnesota/A01300213/2012|A_/_H3N2|unassigned|2012-06-15|HA|4||EPI_ISL_130140,1990.4.b1
A/swine/Indiana/A02245886/2021|A_/_H3N2|unassigned|2021-03-17|HA|4||EPI_ISL_4083267,1990.4.a
A/swine/Nebraska/4F-1113-P5/2013|A_/_H3N2|unassigned|2013-01-01|HA|4||EPI_ISL_16702404,1990.4.a
"Influenza A virus (A/swine/Texas/A02246911/2022(H3N?)) segment 4 hemagglutinin (HA) gene, complete cds |Alphainfluenzavirus influenzae|H3N?|USA: Texas|Sus scrofa|2022-01-06|OM654391.1",2010.1
A/swine/Minnesota/A01785237/2016|A_/_H3N1|unassigned|2016-10-24|HA|4||EPI_ISL_252546,2010.1
A/swine/North_Carolina/A02478740/2019|A_/_H3N2|unassigned|2019-10-11|HA|4||EPI_ISL_399606,2010.1
A/swine/Iowa/A01476428/2014|A_/_H3N2|unassigned|2014-09-16|HA|4||EPI_ISL_167978,1990.4.a
A/swine/Texas/A02711846/2022|A_/_H3N2|unassigned|2022-06-09|HA|4||EPI_ISL_14937250,2010.1
"Influenza A virus (A/swine/Iowa/A02636022/2021(H3N2)) segment 4 hemagglutinin (HA) gene, complete cds |Alphainfluenzavirus influenzae|H3N2|USA: Iowa|Sus scrofa|2021-08-03|OK064060.1",2010.1
A/swine/Oklahoma/A01776961/2016|A_/_H3N2|unassigned|2016-06-20|HA|4||EPI_ISL_234304,1990.4.a
A/swine/Iowa/A02219545/2017|A_/_H3N2|unassigned|2017-08-09|HA|4||EPI_ISL_281993,2010.1
A/swine/Minnesota/A02245357/2019|A_/_H3N2|unassigned|2019-12-12|HA|4||EPI_ISL_503340,1990.4.a
A/swine/Iowa/A02430278/2019|A_/_H3N2|unassigned|2019-02-08|HA|4||EPI_ISL_370659,1990.4.a
A/swine/Iowa/A01203121/2012|A_/_H3N2|unassigned|2012-01-05|HA|4||EPI_ISL_127882,1990.4.f
"Influenza A virus (A/swine/Iowa/A02524773/2020(H3N2)) segment 4 hemagglutinin (HA) gene, complete cds |Alphainfluenzavirus influenzae|H3N2|USA: Iowa|Sus scrofa|2020-10-21|MW266875.1",1990.4.a
A/swine/Minnesota/A01940153/2015|A_/_H3N2|unassigned|2015-08-17|HA|4||EPI_ISL_200989,1990.4.a
A/swine/North_Carolina/A02479052/2020|A_/_H3N2|unassigned|2020-02-06|HA|4||EPI_ISL_503616,1990.4.a
A/swine/Nebraska/A02169069/2018|A_/_H3N2|unassigned|2018-05-16|HA|4||EPI_ISL_328483,1990.4.a
A/swine/North_Carolina/A02245215/2019|A_/_H3N2|unassigned|2019-08-15|HA|4||EPI_ISL_393500,2010.1
A/swine/Indiana/A02750638/2022|A_/_H3N2|unassigned|2022-06-08|HA|4||EPI_ISL_14871359,1990.4.a
A/swine/Kansas/UCHI-A02978545/2023|A_/_H3N2|unassigned|2023-08-17|HA|4||EPI_ISL_18388384,2010.1
A/swine/Missouri/A01840324/2015|A_/_H3N2|unassigned|2015-01-08|HA|4||EPI_ISL_180673,2010.1
A/swine/Utah/A02268698/2018|A_/_H3N2|unassigned|2018-11-02|HA|4||EPI_ISL_378870,2010.1
A/swine/Ohio/OH-18-7965/2018|A_/_H3N2|unassigned|2018-04-09|HA|4||EPI_ISL_311325,1990.4.a
A/swine/Missouri/A02635727/2021|A_/_H3N2|unassigned|2021-04-21|HA|4||EPI_ISL_4083601,2010.1
A/swine/Ohio/A02858318/2025|A_/_H3N2|unassigned|2025-01-22|HA|4||EPI_ISL_19764707,2010.2
A/swine/Illinois/A01840991/2015|A_/_H3N2|unassigned|2015-03-11|HA|4||EPI_ISL_181109,1990.4.a
A/swine/Iowa/A02478700/2019|A_/_H3N2|unassigned|2019-09-24|HA|4||EPI_ISL_399372,1990.4.a
A/swine/Wyoming/A01381202/2013|A_/_H3N2|unassigned|2013-05-21|HA|4||EPI_ISL_143876,1990.4.a
A/swine/Ohio/A02862316/2024|A_/_H3N2|unassigned|2024-02-20|HA|4||EPI_ISL_19219654,2010.1
A/swine/Missouri/A02524505/2020|A_/_H3N2|unassigned|2020-07-27|HA|4||EPI_ISL_707119,1990.4.a
A/swine/Illinois/A01462759/2015|A_/_H3N2|unassigned|2015-02-02|HA|4||EPI_ISL_177878,1990.4.b2
A/swine/Minnesota/A01785491/2018|A_/_H3N2|unassigned|2018-03-30|HA|4||EPI_ISL_311224,2010.1
A/swine/Iowa/A02479059/2020|A_/_H3N2|unassigned|2020-02-06|HA|4||EPI_ISL_503729,1990.4.a
A/swine/Illinois/A01820084/2015|A_/_H3N2|unassigned|2015-03-17|HA|4||EPI_ISL_179573,1990.4.e
A/swine/Iowa/A02862812/2024|A_/_H3N2|3C.2|2024-08-13|HA|4||EPI_ISL_19418483,2010.1
A/swine/Nebraska/A02158807/2018|A_/_H3N2|unassigned|2018-05-23|HA|4||EPI_ISL_328731,1990.4.a
"Influenza A virus (A/swine/Ohio/20TOSU3245/2020(H3N2)) segment 4 hemagglutinin (HA) gene, complete cds |Alphainfluenzavirus influenzae|H3N2|USA|Sus scrofa scrofa|2020-08-28|OP655058.1",1990.4.a
A/swine/Illinois/101625/2022|A_/_H3|3C.3a|2022-09-28|HA|4||EPI_ISL_19277906,1990.4.a
"Influenza A virus (A/swine/Ohio/OH20-889/2020(H3N1)) segment 4 hemagglutinin (HA) gene, complete cds |Alphainfluenzavirus influenzae|H3N1|USA: Ohio|Sus scrofa|2020-01-14|OQ759646.1",2010.1
A/swine/Illinois/A01841768/2015|A_/_H3N2|unassigned|2015-03-26|HA|4||EPI_ISL_179605,1990.4.a
A/swine/Colorado/ISU-A02758606/2023|A_/_H3N2|3C.2a1b.2a.2a.1|2023-04-26|HA|4||EPI_ISL_18216805,Other-Human-2020
A/swine/Iowa/A02636096/2021|A_/_H3N2|unassigned|2021-08-30|HA|4||EPI_ISL_6785527,2010.1
A/swine/Ohio/OH-17-25426/2017|A_/_H3N2|unassigned|2017-11-10|HA|4||EPI_ISL_388920,2010.1
A/swine/Iowa/A01202657/2011|A_/_H3N2|unassigned|2011-10-04|HA|4||EPI_ISL_124310,1990.4.f
A/swine/North_Carolina/A02525198/2021|A_/_H3N2|unassigned|2021-02-22|HA|4||EPI_ISL_4082052,1990.4.a
A/swine/Oklahoma/A02246451/2021|A_/_H3N1|unassigned|2021-05-26|HA|4||EPI_ISL_4089874,2010.1
A/swine/Minnesota/A02980708/2025|A_/_H3N2|unassigned|2025-09-18|HA|4||EPI_ISL_20258463,1990.4.i
A/swine/North_Carolina/A01785410/2018|A_/_H3N2|unassigned|2018-01-05|HA|4||EPI_ISL_299189,2010.1
A/swine/Iowa/A01432886/2013|A_/_H3N2|unassigned|2013-07-01|HA|4||EPI_ISL_145752,1990.4.a
A/swine/Iowa/MT_12_07_3836/2012|A_/_H3N2|unassigned|2012-07-09|HA|4||EPI_ISL_271738,1990.4.f
A/swine/Iowa/A01203612/2012|A_/_H3N2|unassigned|2012-06-30|HA|4||EPI_ISL_128299,1990.4.b1
A/swine/North_Carolina/A02978894/2024|A_/_H3N2|unassigned|2024-04-24|HA|4||EPI_ISL_19159711,2010.1
"Influenza A virus (A/swine/Missouri/A02862356/2024(H3N2)) segment 4 hemagglutinin (HA) gene, complete cds |Alphainfluenzavirus influenzae|H3N2|USA: Missouri|Sus scrofa|2024-03-05|PP620649.1",2010.1
A/swine/Ohio/10SW133/2010|A_/_H3N2|unassigned|2010-08-12|HA|4||EPI_ISL_133840,1990.4.a
A/swine/Iowa/A02138970/2017|A_/_H3N2|unassigned|2017-12-21|HA|4||EPI_ISL_295660,2010.1
A/swine/North_Carolina/A02135886/2017|A_/_H3N2|unassigned|2017-11-07|HA|4||EPI_ISL_296261,1990.4.a
A/swine/Minnesota/MT_12_07_1667/2012|A_/_H3N2|unassigned|2012-10-31|HA|4||EPI_ISL_271743,1990.4.b2
A/swine/Kansas/19-009921/2019|A_/_H3N2|unassigned|2019-02-21|HA|4||EPI_ISL_4083646,2010.1
A/swine/Minnesota/A01365586/2013|A_/_H3N2|unassigned|2013-10-30|HA|4||EPI_ISL_151906,1990.4.b2
A/swine/North_Carolina/004645_02859121/2025|A_/_H3N2|unassigned|2025-12-08|HA|4||EPI_ISL_20389320,2010.1
A/swine/Nebraska/A02254607/2018|A_/_H3N2|unassigned|2018-07-19|HA|4||EPI_ISL_326805,1990.4.a
A/swine/Iowa/A01202639/2011|A_/_H3N2|unassigned|2011-09-30|HA|4||EPI_ISL_124312,1990.4.a
A/swine/Colorado/A02978445/2023|A_/_H3N2|unassigned|2023-03-08|HA|4||EPI_ISL_17986907,1990.4.b1
A/swine/Oklahoma/A02858301/2025|A_/_H3N2|unassigned|2025-01-14|HA|4||EPI_ISL_19764680,2010.1
A/swine/Iowa/A02525173/2021|A_/_H3N2|unassigned|2021-02-10|HA|4||EPI_ISL_4082024,2010.1
A/swine/Minnesota/A02245564/2020|A_/_H3N2|unassigned|2020-03-24|HA|4||EPI_ISL_504152,2010.1
A/swine/Minnesota/A02248073/2021|A_/_H3N2|unassigned|2021-04-22|HA|4||EPI_ISL_4089933,2010.1
A/swine/Nebraska/A02245377/2020(H3N2)|A_/_H3N2|unassigned|2020-01-08|HA|4||EPI_ISL_503422,2010.1
A/swine/Indiana/A02751046/2022|A_/_H3N2|3C.2|2022-10-18|HA|4||EPI_ISL_16854560,2010.1
A/swine/Minnesota/A02979236/2024|A_/_H3N2|3C.2|2024-09-06|HA|4||EPI_ISL_19483715,2010.1
"Influenza A virus (A/swine/North Carolina/A01555533/2015(H3N2)) segment 4 hemagglutinin (HA) gene, complete cds |Alphainfluenzavirus influenzae|H3N2|USA: North Carolina|Sus scrofa|2015-02-03|KP901324.1",1990.4.a
A/swine/Minnesota/A02636078/2021|A_/_H3N2|unassigned|2021-08-25|HA|4||EPI_ISL_6781668,2010.1
A/swine/Iowa/A02215195/2017|A_/_H3N2|unassigned|2017-04-28|HA|4||EPI_ISL_272847,1990.4.b2
A/swine/Minnesota/A01240557/2011|A_/_H3N2|unassigned|2011-12-13|HA|4||EPI_ISL_117504,1990.4.f
A/swine/Ohio/9753/2007|A_/_H3N2|unassigned|2007-06-01|HA|4||EPI_ISL_142717,1990.4
A/swine/Arkansas/A01678590/2018|A_/_H3N2|3C.2a1|2018-10-17|HA|4||EPI_ISL_379254,2010.2
A/swine/Iowa/A01668924/2016|A_/_H3N2|unassigned|2016-11-30|HA|4||EPI_ISL_252801,2010.1
"Influenza A virus (A/swine/USA/A018123424_HA/2024(H3N2)) segment 4 hemagglutinin (HA) gene, complete cds |Alphainfluenzavirus influenzae|H3N2|USA|Sus scrofa|2024-03-06|PP748589.1",2010.1
A/swine/Iowa/A02751036/2022|A_/_H3N2|3C.2|2022-10-14|HA|4||EPI_ISL_16854616,2010.1
A/swine/Indiana/A02858826/2025|A_/_H3N2|unassigned|2025-09-11|HA|4||EPI_ISL_20196503,2010.1
A/swine/Illinois/100551/2019|A_/_H3|3C.3a|2019-01-23|HA|4||EPI_ISL_19278448,1990.1
A/swine/Iowa/083992_02858767/2025|A_/_H3N2|unassigned|2025-08-12|HA|4||EPI_ISL_20170552,2010.1
A/swine/Texas/A01104013/2012|A_/_H3N2|unassigned|2012-02-15|HA|4||EPI_ISL_124250,1990.4.a
A/swine/South_Dakota/A02858465/2025|A_/_H3N2|unassigned|2025-03-20|HA|4||EPI_ISL_19824142,1990.4.i
A/swine/Indiana/A01049744/2011|A_/_H3N2|unassigned|2011-03-23|HA|4||EPI_ISL_97119,1990.4.a
A/swine/Ohio/OH-25591/2021|A_/_H3N2|unassigned|2021-11-02|HA|4||EPI_ISL_17471893,1990.4.a
A/swine/Indiana/A01076191/2010|A_/_H3N2|unassigned|2010-02-07|HA|4||EPI_ISL_104802,1990.4
A/swine/Indiana/14TOSU3013/2014|A_/_H3N2|unassigned|2014-01-01|HA|4||EPI_ISL_200887,1990.4.b1
A/swine/Iowa/A02751065/2022|A_/_H3N2|unassigned|2022-10-20|HA|4||EPI_ISL_16854566,2010.1
A/swine/Iowa/A02135705/2017|A_/_H3N2|unassigned|2017-11-06|HA|4||EPI_ISL_297074,2010.1
A/swine/Minnesota/A02245736/2020|A_/_H3N2|unassigned|2020-10-08|HA|4||EPI_ISL_697741,1990.4.a
"Influenza A virus (A/swine/Texas/A01785781/2018(H3N2)) segment 4 hemagglutinin (HA) gene, complete cds |Alphainfluenzavirus influenzae|H3N2|USA: Texas|Sus scrofa|2018-12-05|MK388528.1",2010.1
A/swine/North_Carolina/A02216061/2017|A_/_H3N2|unassigned|2017-05-22|HA|4||EPI_ISL_274193,2010.1
A/swine/Illinois/101863/2015|A_/_H3|3C.3a|2015-10-14|HA|4||EPI_ISL_19279156,1990.4.a
A/swine/North_Carolina/A01410511/2014|A_/_H3N2|unassigned|2014-03-01|HA|4||EPI_ISL_162320,1990.4.a
A/swine/Ohio/OH20-25292/2020|A_/_H3N2|3C.3a|2020-12-01|HA|4||EPI_ISL_17373121,1990.4.a
A/swine/Minnesota/A02245709/2020|A_/_H3N2|unassigned|2020-09-03|HA|4||EPI_ISL_707323,1990.4.a
A/swine/Minnesota/A02751160/2022|A_/_H3N2|3C.3a|2022-11-01|HA|4||EPI_ISL_16925085,2010.1
A/swine/Iowa/071803_A02862747/2024|A_/_H3N2|unassigned|2024-07-10|HA|4||EPI_ISL_19367469,2010.1
A/swine/Illinois/101670/2021|A_/_H3|3C.3a|2021-12-22|HA|4||EPI_ISL_19277958,1990.4.a
A/swine/North_Carolina/A02863225/2024|A_/_H3N2|unassigned|2024-12-12|HA|4||EPI_ISL_19678840,2010.1
A/swine/Indiana/A02525383/2021|A_/_H3N2|unassigned|2021-04-13|HA|4||EPI_ISL_4083579,1990.4.a
A/swine/Indiana/A02478890/2019|A_/_H3N2|unassigned|2019-11-19|HA|4||EPI_ISL_503966,1990.4.a
A/swine/Ohio/OH-18-7450/2018|A_/_H3N2|unassigned|2018-04-02|HA|4||EPI_ISL_311323,1990.4.a
A/swine/North_Carolina/A01476177/2014|A_/_H3N2|unassigned|2014-08-01|HA|4||EPI_ISL_166578,1990.4.a
A/swine/North_Carolina/A01785585/2018|A_/_H3N2|unassigned|2018-07-23|HA|4||EPI_ISL_327456,2010.1
A/swine/Minnesota/A01785363/2017|A_/_H3N2|unassigned|2017-11-24|HA|4||EPI_ISL_297147,2010.1
A/swine/Kentucky/25TOSU2321/2025|A_/_H3N2|unassigned|2025-07-01|HA|4||EPI_ISL_20191246,2010.1
A/swine/North_Carolina/A02635904/2021|A_/_H3N2|unassigned|2021-06-22|HA|4||EPI_ISL_4084583,1990.4.a
A/swine/North_Carolina/A01785340/2017|A_/_H3N2|unassigned|2017-11-02|HA|4||EPI_ISL_296247,2010.1
A/swine/Ohio/A02524675/2020|A_/_H3N2|unassigned|2020-09-28|HA|4||EPI_ISL_697654,1990.4.a
A/swine/North_Carolina/A02862862/2024|A_/_H3N2|unassigned|2024-09-10|HA|4||EPI_ISL_19451749,1990.4.a
A/swine/Iowa/A02524696/2020|A_/_H3N2|unassigned|2020-10-05|HA|4||EPI_ISL_697707,1990.4.a
A/swine/Illinois/101132/2008|A_/_H3|3C.2|2008-11-06|HA|4||EPI_ISL_19279494,1990.4
A/swine/Minnesota/A02980758/2025|A_/_H3N2|unassigned|2025-11-26|HA|4||EPI_ISL_20348207,1990.4.a
A/swine/Ohio/15895/2019|A_/_H3N2|3C.3a1|2019-07-15|HA|4||EPI_ISL_17204295,Other-Human-2010
A/swine/South_Dakota/A01481928/2014|A_/_H3N2|unassigned|2014-06-25|HA|4||EPI_ISL_165237,1990.4.a
A/swine/Indiana/13TOSU4563/2013|A_/_H3N2|unassigned|2013-08-31|HA|4||EPI_ISL_168315,1990.4.a
A/swine/Indiana/13TOSU1122/2013|A_/_H3N2|unassigned|2013-07-25|HA|4||EPI_ISL_150110,1990.4.a
A/swine/Missouri/101885/2015|A_/_H3|3C.2|2015-03-26|HA|4||EPI_ISL_19279228,2010.1
A/swine/Iowa/A01782999/2016|A_/_H3N2|unassigned|2016-10-28|HA|4||EPI_ISL_245567,1990.4.i
"Influenza A virus (A/swine/North Carolina/A02269776/2018(H3N2)) segment 4 hemagglutinin (HA) gene, complete cds |Alphainfluenzavirus influenzae|H3N2|USA: North Carolina|Sus scrofa|2018-11-13|MK266780.1",2010.1
A/swine/North_Carolina/A01785846/2019|A_/_H3N2|unassigned|2019-01-10|HA|4||EPI_ISL_373519,2010.1
A/swine/Pennsylvania/A02751233/2022|A_/_H3N2|unassigned|2022-11-17|HA|4||EPI_ISL_16840769,2010.1
A/swine/Illinois/A01411761/2014|A_/_H3N2|unassigned|2014-04-01|HA|4||EPI_ISL_162892,1990.4.a
A/swine/Oklahoma/A02245760/2020|A_/_H3N2|unassigned|2020-10-23|HA|4||EPI_ISL_4081674,2010.1
A/swine/Iowa/ISU-A02862089/2023|A_/_H3N2|unassigned|2023-11-29|HA|4||EPI_ISL_18737869,2010.1
A/swine/Missouri/A02636364/2022|A_/_H3N2|unassigned|2022-01-06|HA|4||EPI_ISL_14775410,2010.1
A/swine/Missouri/A01785484/2018|A_/_H3N2|unassigned|2018-03-26|HA|4||EPI_ISL_311222,2010.1
A/swine/Iowa/100822/2018|A_/_H3|3C.2|2018-02-08|HA|4||EPI_ISL_19278636,2010.1
A/swine/Minnesota/A02524704/2020|A_/_H3N2|unassigned|2020-10-06|HA|4||EPI_ISL_697708,1990.4.a
A/swine/Iowa/101669/2022|A_/_H3|3C.3a|2022-01-03|HA|4||EPI_ISL_19277956,1990.4.a
A/swine/Iowa/A02858364/2025|A_/_H3N2|unassigned|2025-02-10|HA|4||EPI_ISL_19768885,2010.1
A/swine/Nebraska/A01399268/2013|A_/_H3N2|unassigned|2013-08-09|HA|4||EPI_ISL_149673,1990.4.f
A/swine/Nebraska/A02254616/2018|A_/_H3N2|unassigned|2018-07-25|HA|4||EPI_ISL_326808,1990.4.a
A/swine/Oklahoma/A02479098/2020|A_/_H3N2|unassigned|2020-02-04|HA|4||EPI_ISL_503910,2010.1
A/swine/Indiana/24TOSU2833/2024|A_/_H3N2|3C.3a|2024-07-18|HA|4||EPI_ISL_19815571,1990.4.a
A/swine/Kansas/11-109700/2011|A_/_H3N2|unassigned|2011-04-02|HA|4||EPI_ISL_100251,1990.4.f
A/swine/Illinois/100739/2021|A_/_H3|3C.3a|2021-01-14|HA|4||EPI_ISL_19278072,1990.4.a
A/swine/Iowa/A02025409/2015|A_/_H3N2|unassigned|2015-07-28|HA|4||EPI_ISL_198362,1990.4.b2
A/swine/Missouri/A01782797/2016|A_/_H3N2|unassigned|2016-10-24|HA|4||EPI_ISL_245323,2010.1
"Influenza A virus (A/swine/Iowa/A02861349/2023(H3N2)) segment 4 hemagglutinin (HA) gene, complete cds |Alphainfluenzavirus influenzae|H3N2|USA: Iowa|Sus scrofa|2023-03-29|OQ954406.1",2010.1
A/swine/Iowa/ISU-A02861705/2023|A_/_H3N2|3C.2|2023-08-08|HA|4||EPI_ISL_18228679,2010.1
A/swine/Illinois/101591/2023|A_/_H3|3C.2|2023-04-24|HA|4||EPI_ISL_19277701,2010.1
A/swine/USA/19/2018|A_/_H3N2|3C.2a1|2018-03-23|HA|4||EPI_ISL_505852,2010.2
A/swine/Iowa/A02524850/2020|A_/_H3N2|unassigned|2020-10-28|HA|4||EPI_ISL_4081693,2010.1
A/swine/Iowa/ISU-A02861919/2023|A_/_H3N2|3C.2|2023-10-17|HA|4||EPI_ISL_18758270,2010.1
A/swine/Minnesota/A02246902/2021|A_/_H3N2|unassigned|2021-12-15|HA|4||EPI_ISL_14769981,2010.1
A/swine/Nebraska/A02524731/2020|A_/_H3N2|unassigned|2020-10-13|HA|4||EPI_ISL_697769,2010.1
A/swine/Illinois/A01057087/2010|A_/_H3N2|unassigned|2010-04-28|HA|4||EPI_ISL_87554,1990.4
A/swine/Illinois/A01427136/2013|A_/_H3N2|unassigned|2013-11-04|HA|4||EPI_ISL_154555,1990.4.a
A/swine/Iowa/A02858530/2025|A_/_H3N2|unassigned|2025-04-16|HA|4||EPI_ISL_19870993,2010.1
A/swine/Texas/13TOSU0060/2013|A_/_H3N2|unassigned|2013-02-28|HA|4||EPI_ISL_168320,1990.4.a
A/swine/Iowa/A02862541/2024|A_/_H3N2|3C.2|2024-04-08|HA|4||EPI_ISL_19139962,2010.1
A/swine/Missouri/100756/2021|A_/_H3|unassigned|2021-03-12|HA|4||EPI_ISL_19278053,2010.1
A/swine/Illinois/A02524655/2020|A_/_H3N2|unassigned|2020-09-22|HA|4||EPI_ISL_697524,1990.4.a
A/swine/Indiana/A01812022/2015|A_/_H3N2|unassigned|2015-10-12|HA|4||EPI_ISL_206373,1990.4.b2
A/swine/Kansas/A02858535/2025|A_/_H3N2|unassigned|2025-04-16|HA|4||EPI_ISL_19870991,2010.1
A/swine/Minnesota/A01134337/2010|A_/_H3N2|unassigned|2010-11-17|HA|4||EPI_ISL_116233,1990.4.a
A/swine/North_Carolina/A01782800/2016|A_/_H3N2|unassigned|2016-10-27|HA|4||EPI_ISL_245328,1990.4.a
"Influenza A virus (A/swine/Iowa/23TOSU4101/2023(H3N2)) segment 4 hemagglutinin (HA) gene, complete cds |Alphainfluenzavirus influenzae|H3N2|USA|Sus scrofa scrofa|2023-08-15|PP445392.1",2010.1
A/swine/Iowa/A02750612/2022|A_/_H3N2|unassigned|2022-05-19|HA|4||EPI_ISL_14224641,2010.1
A/swine/South_Dakota/004522_02859010/2025|A_/_H3N2|unassigned|2025-10-21|HA|4||EPI_ISL_20389477,2010.1
A/swine/Illinois/A01290614/2013|A_/_H3N2|unassigned|2013-10-01|HA|4||EPI_ISL_150670,1990.4.c
A/swine/North_Carolina/A01840322/2015|A_/_H3N2|unassigned|2015-01-09|HA|4||EPI_ISL_173661,1990.4.a
A/swine/Iowa/ISU-A02862194/2023|A_/_H3N2|unassigned|2023-12-29|HA|4||EPI_ISL_18847079,1990.4
A/swine/Michigan/A01432375/2013|A_/_H3N2|unassigned|2013-01-03|HA|4||EPI_ISL_136563,1990.4.c
A/swine/Iowa/101109/2008|A_/_H3|3C.2|2008-06-11|HA|4||EPI_ISL_19279515,1990.4
A/swine/Kansas/A01378040/2018|A_/_H3N2|unassigned|2018-04-16|HA|4||EPI_ISL_329618,1990.4.a
A/swine/Utah/A02478591/2019|A_/_H3N2|unassigned|2019-07-12|HA|4||EPI_ISL_388626,2010.1
A/swine/Iowa/A02862653/2024|A_/_H3N2|3C.2|2024-07-25|HA|4||EPI_ISL_19301239,2010.1
A/swine/Minnesota/A01394278/2013|A_/_H3N2|unassigned|2013-09-19|HA|4||EPI_ISL_150651,1990.4.a
A/swine/North_Carolina/104689_02858891/2025|A_/_H3N2|unassigned|2025-10-03|HA|4||EPI_ISL_20247447,2010.1
A/swine/Iowa/13E045/2013|A_/_H3N2|unassigned|2013-05-29|HA|4||EPI_ISL_151996,1990.4.a
A/swine/Minnesota/A02751275/2022|A_/_H3N2|unassigned|2022-11-18|HA|4||EPI_ISL_16840830,2010.1
A/swine/Iowa/A02750729/2022|A_/_H3N2|unassigned|2022-07-19|HA|4||EPI_ISL_14937222,2010.1
A/swine/Ohio/12TOSU325/2012|A_/_H3N2|unassigned|2012-08-03|HA|4||EPI_ISL_139859,1990.4.a
A/swine/Nebraska/A01116984/2011|A_/_H3N2|unassigned|2011-11-03|HA|4||EPI_ISL_124472,1990.4.f
A/swine/Indiana/A02431993/2019|A_/_H3N2|unassigned|2019-04-01|HA|4||EPI_ISL_366312,2010.1
A/swine/Kansas/2015-29/2015|A_/_H3N2|unassigned|2015-12-20|HA|4||EPI_ISL_4083642,1990.4.a
A/swine/Illinois/101835/2015|A_/_H3|unassigned|2015-12-11|HA|4||EPI_ISL_19279022,1990.4.a
"Influenza A virus (A/swine/Iowa/20TOSU2235/2020(H3N2)) segment 4 hemagglutinin (HA) gene, complete cds |Alphainfluenzavirus influenzae|H3N2|USA|Sus scrofa scrofa|2020-07-10|OP654984.1",1990.4.a
A/swine/Oklahoma/A02525142/2021|A_/_H3N2|unassigned|2021-02-02|HA|4||EPI_ISL_4082017,2010.1
A/swine/Iowa/A02862321/2024|A_/_H3N2|3C.2|2024-02-23|HA|4||EPI_ISL_19219648,2010.1
A/swine/Iowa/A02858563/2025|A_/_H3N2|unassigned|2025-04-23|HA|4||EPI_ISL_19884998,2010.1
A/swine/Indiana/A01432300/2013|A_/_H3N2|unassigned|2013-01-01|HA|4||EPI_ISL_136568,1990.4.a
A/swine/North_Carolina/A02140665/2018|A_/_H3N2|unassigned|2018-01-11|HA|4||EPI_ISL_299539,2010.1
A/swine/Ohio/OH21-3206/2021|A_/_H3N2|3C.3a|2021-02-18|HA|4||EPI_ISL_17760627,1990.4.a
A/swine/Indiana/13TOSU5095/2013|A_/_H3N2|unassigned|2013-08-31|HA|4||EPI_ISL_168340,1990.4.a
A/swine/South_Dakota/A01483717/2014|A_/_H3N2|unassigned|2014-11-06|HA|4||EPI_ISL_170821,1990.4.d
A/swine/Nebraska/A02271062/2018|A_/_H3N2|unassigned|2018-11-30|HA|4||EPI_ISL_376395,2010.1
A/swine/Iowa/A02750722/2022|A_/_H3N2|unassigned|2022-07-14|HA|4||EPI_ISL_14937221,1990.4.a
"Influenza A virus (A/swine/Minnesota/A02979342/2024(H3N2)) segment 4 hemagglutinin (HA) gene, complete cds |Alphainfluenzavirus influenzae|H3N2|USA|Sus scrofa|2024-11-14|PQ851393.1",2010.1
A/swine/Iowa/A02858641/2025|A_/_H3N2|unassigned|2025-05-20|HA|4||EPI_ISL_19918017,2010.1
A/swine/North_Carolina/A02525368/2021|A_/_H3N2|unassigned|2021-04-13|HA|4||EPI_ISL_4083568,1990.4.a
A/swine/Illinois/A01489874/2014|A_/_H3N2|unassigned|2014-11-11|HA|4||EPI_ISL_177601,1990.4.a
A/swine/Illinois/A01502060/2014|A_/_H3N2|unassigned|2014-06-18|HA|4||EPI_ISL_165242,1990.4.a
A/swine/Iowa/A02861422/2023|A_/_H3N2|3C.2|2023-04-24|HA|4||EPI_ISL_17805966,2010.1
A/swine/Minnesota/A02245582/2020|A_/_H3N2|unassigned|2020-04-07|HA|4||EPI_ISL_504166,2010.1
A/swine/North_Carolina/USDA-A02978586/2023|A_/_H3N2|unassigned|2023-10-26|HA|4||EPI_ISL_18759455,2010.1
A/swine/Minnesota/A01941676/2015|A_/_H3N2|unassigned|2015-12-30|HA|4||EPI_ISL_212194,2010.1
A/swine/Ohio/10SW204/2010|A_/_H3N2|unassigned|2010-08-24|HA|4||EPI_ISL_133849,1990.4.a
A/swine/Florida/A01104089/2015|A_/_H3N2|unassigned|2015-11-17|HA|4||EPI_ISL_256258,1990.4.a
A/swine/Nebraska/A02862720/2024|A_/_H3N2|unassigned|2024-06-27|HA|4||EPI_ISL_19311119,2010.1
A/swine/Iowa/21TOSU0726/2021|A_/_H3N2|3C.2|2021-05-27|HA|4||EPI_ISL_18005793,2010.1
A/swine/North_Carolina/A02140660/2018|A_/_H3N2|unassigned|2018-01-11|HA|4||EPI_ISL_299523,2010.1
A/swine/Illinois/ISU-A02862083/2023|A_/_H3N2|unassigned|2023-11-28|HA|4||EPI_ISL_18701679,2010.1
A/swine/Iowa/MT_12_07_3840/2012|A_/_H3N2|unassigned|2012-07-09|HA|4||EPI_ISL_271049,1990.4.f
A/swine/Iowa/A02858528/2025|A_/_H3N2|unassigned|2025-04-15|HA|4||EPI_ISL_19870989,1990.4.i
A/swine/Illinois/100247/2017|A_/_H3|unassigned|2017-01-19|HA|4||EPI_ISL_19278887,1990.4.a
A/swine/Minnesota/A01328452/2012|A_/_H3N2|unassigned|2012-04-12|HA|4||EPI_ISL_130048,1990.4.b1
A/swine/North_Carolina/A02024129/2015|A_/_H3N2|unassigned|2015-05-20|HA|4||EPI_ISL_191493,1990.4.a
A/swine/Ohio/11SW208/2011|A_/_H3N2|unassigned|2011-08-31|HA|4||EPI_ISL_143871,1990.4.a
A/swine/Iowa/A01203571/2012|A_/_H3N2|unassigned|2012-05-31|HA|4||EPI_ISL_124212,1990.4.b2
A/swine/Iowa/ISU-A02861812/2023|A_/_H3N2|unassigned|2023-09-22|HA|4||EPI_ISL_18699090,2010.1
A/swine/Illinois/A01795739/2015|A_/_H3N2|unassigned|2015-11-02|HA|4||EPI_ISL_205035,2010.1
A/swine/Nebraska/A01271548/2012|A_/_H3N2|unassigned|2012-10-29|HA|4||EPI_ISL_133004,1990.4.f
A/swine/Missouri/A02635824/2021|A_/_H3N2|unassigned|2021-05-11|HA|4||EPI_ISL_4083697,1990.4.a
A/swine/Iowa/A01432731/2013|A_/_H3N2|unassigned|2013-05-01|HA|4||EPI_ISL_143208,1990.4.b1
A/swine/Ohio/24-28989-1/2024|A_/_H3N2|unassigned|2024-10-26|HA|4||EPI_ISL_20187734,2010.1
A/swine/Ohio/OH-11021/2021|A_/_H3N2|3C.3a|2021-05-10|HA|4||EPI_ISL_17471798,1990.4.a
A/swine/Ohio/A02751099/2022|A_/_H3N2|3C.2|2022-10-25|HA|4||EPI_ISL_16854582,2010.1
"Influenza A virus (A/swine/Iowa/A01475456/2014(H3N2)) segment 4 hemagglutinin (HA) gene, complete cds |Alphainfluenzavirus influenzae|H3N2|USA: Iowa|Sus scrofa|2014-05|KJ941371.1",1990.4.a
A/swine/Iowa/A01476697/2014|A_/_H3N1|unassigned|2014-10-13|HA|4||EPI_ISL_171021,2010.1
A/swine/North_Carolina/A02861306/2023|A_/_H3N2|unassigned|2023-03-21|HA|4||EPI_ISL_17559516,1990.4.a
A/swine/Ohio/A02685087/2022|A_/_H3N2|unassigned|2022-12-13|HA|4||EPI_ISL_17806004,2010.2
A/swine/Illinois/A01502079/2014|A_/_H3N2|unassigned|2014-06-18|HA|4||EPI_ISL_165244,1990.4.a
A/swine/Iowa/A02139351/2018|A_/_H3N2|unassigned|2018-01-03|HA|4||EPI_ISL_298618,1990.1
A/swine/Missouri/A02524996/2020|A_/_H3N2|unassigned|2020-12-17|HA|4||EPI_ISL_4081882,2010.1
A/swine/Ohio/579-6/2019|A_/_H3N2|3C.2|2019-01-11|HA|4||EPI_ISL_17204308,2010.1
A/swine/Iowa/A02478557/2019|A_/_H3N2|unassigned|2019-06-18|HA|4||EPI_ISL_372907,2010.1
A/swine/Illinois/21TOSU2153/2021|A_/_H3N2|unassigned|2021-06-25|HA|4||EPI_ISL_14872795,2010.1
A/swine/Missouri/A01822838/2015|A_/_H3N2|unassigned|2015-06-11|HA|4||EPI_ISL_195313,2010.1
A/swine/Missouri/A02861839/2023|A_/_H3N2|unassigned|2023-09-26|HA|4||EPI_ISL_18699111,2010.1
"Influenza A virus (A/swine/Iowa/A02636024/2021(H3N2)) segment 4 hemagglutinin (HA) gene, complete cds |Alphainfluenzavirus influenzae|H3N2|USA: Iowa|Sus scrofa|2021-08-04|OK064042.1",2010.1
A/swine/Missouri/100675/2020|A_/_H3|unassigned|2020-04-09|HA|4||EPI_ISL_19278169,2010.1
A/swine/Iowa/A02979258/2024|A_/_H3N2|3C.2|2024-09-24|HA|4||EPI_ISL_19556763,2010.1
A/swine/South_Dakota/A02861603/2023|A_/_H3N2|unassigned|2023-06-21|HA|4||EPI_ISL_18042979,2010.1
A/swine/Iowa/101732/2018|A_/_H3|3C.2a1|2018-11-05|HA|4||EPI_ISL_19278500,2010.2
A/swine/Nebraska/A01678580/2018|A_/_H3N2|unassigned|2018-08-24|HA|4||EPI_ISL_381343,1990.4.a
A/swine/Texas/A01785299/2017|A_/_H3N2|unassigned|2017-09-25|HA|4||EPI_ISL_284679,1990.4.a
A/swine/Illinois/A01409735/2014|A_/_H3N2|unassigned|2014-01-01|HA|4||EPI_ISL_155780,1990.4.a
A/swine/Iowa/A02636187/2021|A_/_H3N2|unassigned|2021-09-23|HA|4||EPI_ISL_6795355,1990.4.a
A/swine/North_Carolina/A02478615/2019|A_/_H3N2|unassigned|2019-08-13|HA|4||EPI_ISL_393492,2010.1
A/swine/Iowa/A01470314/2015|A_/_H3N2|unassigned|2015-03-09|HA|4||EPI_ISL_177920,1990.4.b1
"Influenza A virus (A/swine/Arkansas/A01678589/2018(H3N2)) segment 4 hemagglutinin (HA) gene, complete cds |Alphainfluenzavirus influenzae|H3N2|USA: Arkansas|Sus scrofa|2018-10-12|MK106025.1",2010.2
A/swine/Oklahoma/A02710704/2022|A_/_H3N2|unassigned|2022-06-08|HA|4||EPI_ISL_14937256,2010.1
"Influenza A virus (A/swine/Ohio/22TOSU0642/2022(H3N2)) segment 4 hemagglutinin (HA) gene, complete cds |Alphainfluenzavirus influenzae|H3N2|USA|Sus scrofa scrofa|2022-05-14|OP871169.1",2010.1
A/swine/Ohio/12TOSU52/2012|A_/_H3N2|unassigned|2012-06-22|HA|4||EPI_ISL_140919,1990.4.a
A/swine/Indiana/A01260254/2013|A_/_H3N2|unassigned|2013-03-20|HA|4||EPI_ISL_143503,1990.4.a
A/swine/North_Carolina/01216/2006|A_/_H3N2|unassigned|2006-08-16|HA|4||EPI_ISL_151290,1990.4
A/swine/Iowa/101070/2007|A_/_H3|unassigned|2007-03-23|HA|4||EPI_ISL_19279551,1990.4
A/swine/North_Carolina/A02858776/2025|A_/_H3N2|unassigned|2025-08-19|HA|4||EPI_ISL_20170551,2010.1
A/swine/North_Carolina/A01857097/2015|A_/_H3N2|unassigned|2015-09-02|HA|4||EPI_ISL_200977,1990.4.a
A/swine/Kansas/A02978504/2023|A_/_H3N2|unassigned|2023-05-05|HA|4||EPI_ISL_17809148,2010.1
A/swine/Iowa/A02478507/2019|A_/_H3N2|unassigned|2019-05-24|HA|4||EPI_ISL_369155,2010.1
A/swine/Ohio/13TOSU0726/2013|A_/_H3N2|unassigned|2013-07-31|HA|4||EPI_ISL_168312,1990.4.a
A/swine/Illinois/082317_02858758/2025|A_/_H3N2|unassigned|2025-08-07|HA|4||EPI_ISL_20153152,1990.4.a
A/swine/Kentucky/16TOSU5910/2016|A_/_H3N2|unassigned|2016-11-01|HA|4||EPI_ISL_280242,2010.1
A/swine/Illinois/A01076709/2010|A_/_H3N2|unassigned|2010-11-01|HA|4||EPI_ISL_124338,1990.4
A/swine/Iowa/A02169065/2018|A_/_H3N2|unassigned|2018-05-23|HA|4||EPI_ISL_328474,2010.1
A/swine/Missouri/100797/2021|A_/_H3|3C.3a|2021-12-15|HA|4||EPI_ISL_19277972,1990.4.a
A/swine/Iowa/ISU-A02862209/2024|A_/_H3N2|3C.3a|2024-01-05|HA|4||EPI_ISL_18921653,1990.4.a
A/swine/North_Carolina/A02076180/2015|A_/_H3N2|unassigned|2015-04-08|HA|4||EPI_ISL_188929,1990.4.a
A/swine/Minnesota/SG1238/2005|A_/_H3N2|unassigned|2005-06-02|HA|4||EPI_ISL_150833,1990.4
A/swine/Ohio/12TOSU483/2012|A_/_H3N2|unassigned|2012-08-10|HA|4||EPI_ISL_131254,1990.4.a
A/swine/Pennsylvania/077898_A02862783/2024|A_/_H3N2|unassigned|2024-07-29|HA|4||EPI_ISL_19367268,2010.1
A/swine/Iowa/A02478855/2019|A_/_H3N2|unassigned|2019-11-06|HA|4||EPI_ISL_505725,1990.4.a
A/swine/Indiana/24TOSU2844/2024|A_/_H3N2|3C.3a|2024-07-18|HA|4||EPI_ISL_19815569,1990.4.a
A/swine/Minnesota/A01785489/2018|A_/_H3N2|unassigned|2018-03-29|HA|4||EPI_ISL_329625,2010.1
A/swine/Illinois/A02525382/2021|A_/_H3N2|unassigned|2021-04-13|HA|4||EPI_ISL_4083575,1990.4.a
A/swine/Kansas/11-107824/2011|A_/_H3N2|unassigned|2011-03-18|HA|4||EPI_ISL_100250,1990.4.d
A/swine/Illinois/101027/2004|A_/_H3|unassigned|2004-08-24|HA|4||EPI_ISL_19279585,1990.4
A/swine/Minnesota/A01240088/2011|A_/_H3N2|unassigned|2011-11-21|HA|4||EPI_ISL_116237,1990.4.b2
A/swine/Minnesota/A02862733/2024|A_/_H3N2|3C.2|2024-07-02|HA|4||EPI_ISL_19310324,2010.1
A/swine/California/A01104141/2020|A_/_H3N2|unassigned|2020-02-12|HA|4||EPI_ISL_503967,1990.4.a
A/swine/Iowa/A02858356/2025|A_/_H3N2|unassigned|2025-02-06|HA|4||EPI_ISL_19769012,2010.2
"Influenza A virus (A/swine/Minnesota/A01785794/2018(H3N2)) segment 4 hemagglutinin (HA) gene, partial cds |Alphainfluenzavirus influenzae|H3N2|USA: Minnesota|Sus scrofa|2018-12-20|MK512699.1",2010.1
A/swine/Texas/A02711824/2022|A_/_H3N2|unassigned|2022-05-06|HA|4||EPI_ISL_14224152,2010.1
A/swine/Illinois/A01555638/2015|A_/_H3N2|unassigned|2015-02-26|HA|4||EPI_ISL_177561,1990.4.a
A/swine/Iowa/A02478522/2019|A_/_H3N2|unassigned|2019-05-28|HA|4||EPI_ISL_387852,2010.1
A/swine/Oklahoma/A01567185/2014|A_/_H3N2|unassigned|2014-12-17|HA|4||EPI_ISL_173620,1990.4.a
"Influenza A virus (A/swine/Oklahoma/02530/2009(H3N2)) hemagglutinin (HA) gene, partial cds |Alphainfluenzavirus influenzae|H3N2|USA: Oklahoma|Sus scrofa|2009-01-09|CY159923.1",1990.4
A/swine/Minnesota/A02266068/2018|A_/_H3N2|unassigned|2018-10-01|HA|4||EPI_ISL_379378,1990.4.a
A/swine/Minnesota/A01116381/2011|A_/_H3N2|unassigned|2011-10-11|HA|4||EPI_ISL_124296,1990.4.f
"Influenza A virus (A/swine/Iowa/A02524755/2020(H3N2)) segment 4 hemagglutinin (HA) gene, complete cds |Alphainfluenzavirus influenzae|H3N2|USA: Iowa|Sus scrofa|2020-10-15|MW266885.1",2010.1
A/swine/Iowa/A02858622/2025|A_/_H3N2|unassigned|2025-05-13|HA|4||EPI_ISL_19902450,2010.1
A/swine/Missouri/A02525202/2021|A_/_H3N2|unassigned|2021-02-23|HA|4||EPI_ISL_4082056,1990.4.a
A/swine/Ohio/OH20-10603/2020|A_/_H3N2|unassigned|2020-05-26|HA|4||EPI_ISL_17373084,1990.4.a
A/swine/Nebraska/A01823621/2015|A_/_H3N2|unassigned|2015-07-20|HA|4||EPI_ISL_197209,1990.4.a
A/swine/Texas/00376/2004|A_/_H3N2|unassigned|2004-07-22|HA|4||EPI_ISL_151326,1990.4-like
A/swine/South_Dakota/A01279279/2012|A_/_H3N2|unassigned|2012-11-13|HA|4||EPI_ISL_133014,1990.4.b1
A/swine/Indiana/24TOSU1942/2024|A_/_H3N2|3C.3a|2024-06-20|HA|4||EPI_ISL_19815614,1990.4.a
A/swine/Oklahoma/A01932045/2017|A_/_H3N2|unassigned|2017-02-08|HA|4||EPI_ISL_258645,2010.1
A/swine/Ohio/14TOSU0422/2014|A_/_H3N2|unassigned|2014-01-01|HA|4||EPI_ISL_200876,1990.4.b1
A/swine/Nebraska/I006807/2025|A_/_H3N1|unassigned|2025-01-15|HA|4||EPI_ISL_19740022,1990.4.i
A/swine/Illinois/A01240578/2011|A_/_H3N2|unassigned|2011-12-20|HA|4||EPI_ISL_124246,1990.4.f
A/swine/North_Carolina/A02245530/2020|A_/_H3N2|unassigned|2020-03-11|HA|4||EPI_ISL_504042,1990.4.a
A/swine/Kansas/13-152086/2013|A_/_H3N2|unassigned|2013-12-02|HA|4||EPI_ISL_158896,1990.4.a
A/swine/Iowa/A02525019/2020|A_/_H3N2|unassigned|2020-12-28|HA|4||EPI_ISL_4081914,1990.4.a
A/swine/Illinois/101857/2015|A_/_H3|3C.3a|2015-10-21|HA|4||EPI_ISL_19279150,1990.4.a
A/swine/Pennsylvania/A01076779/2010|A_/_H3N2|unassigned|2010-10-01|HA|4||EPI_ISL_123133,1990.4.k
A/swine/Nebraska/CEIRR-I109402/2023|A_/_H3N2|unassigned|2023-11-21|HA|4||EPI_ISL_18911151,1990.4.i
"Influenza A virus (A/swine/Ohio/23TOSU3562/2023(H3N2)) segment 4 hemagglutinin (HA) gene, complete cds |Alphainfluenzavirus influenzae|H3N2|USA|Sus scrofa scrofa|2023-08-08|PP445994.1",1990.4.a
A/swine/Iowa/A01049032/2010|A_/_H3N2|unassigned|2010-11-16|HA|4||EPI_ISL_90101,1990.4
A/swine/Iowa/A02478536/2019|A_/_H3N2|unassigned|2019-06-03|HA|4||EPI_ISL_372425,1990.4.a
A/swine/Iowa/A02858514/2025|A_/_H3N2|unassigned|2025-04-07|HA|4||EPI_ISL_19855220,2010.1
A/swine/Nebraska/101896/2015|A_/_H3|3C.3a|2015-02-03|HA|4||EPI_ISL_19279237,1990.4.a
A/swine/Minnesota/A01076193/2010|A_/_H3N2|unassigned|2010-02-14|HA|4||EPI_ISL_124005,1990.4.b2
A/swine/Indiana/OH-5789/2021|A_/_H3N2|3C.3a|2021-03-18|HA|4||EPI_ISL_17471718,1990.4.a
A/swine/Illinois/V104785/2025|A_/_H3N2|unassigned|2025-10-13|HA|4||EPI_ISL_20327331,2010.1
A/swine/Ohio/14TOSU21808/2014|A_/_H3N2|unassigned|2014-01-01|HA|4||EPI_ISL_200864,1990.4.b1
A/swine/Kansas/100724/2020|A_/_H3|3C.3a|2020-11-13|HA|4||EPI_ISL_19278092,1990.4.a
A/swine/Nebraska/A01785243/2016|A_/_H3N2|unassigned|2016-11-28|HA|4||EPI_ISL_252626,1990.4.a
A/swine/Iowa/A02858476/2025|A_/_H3N2|unassigned|2025-03-20|HA|4||EPI_ISL_19847192,2010.1
A/swine/Iowa/A02134239/2017|A_/_H3N2|unassigned|2017-10-20|HA|4||EPI_ISL_296552,2010.1
A/swine/South_Dakota/A01366093/2013|A_/_H3N2|unassigned|2013-12-03|HA|4||EPI_ISL_154594,1990.4.a
A/swine/Missouri/A02076058/2015|A_/_H3N2|unassigned|2015-04-01|HA|4||EPI_ISL_179625,2010.1
A/swine/Pennsylvania/A01380412/2013|A_/_H3N2|unassigned|2013-03-26|HA|4||EPI_ISL_143217,1990.4.a
A/swine/Indiana/15TOSU0881/2015|A_/_H3N2|unassigned|2015-07-09|HA|4||EPI_ISL_243760,1990.4.a
"Influenza A virus (A/swine/Oklahoma/02985/2010(H3N2)) hemagglutinin (HA) gene, complete cds |Alphainfluenzavirus influenzae|H3N2|USA: Oklahoma|Sus scrofa|2010-03-10|CY159983.1",1990.4
A/swine/USA/101824/2015|A_/_H3|3C.3a|2015-12-29|HA|4||EPI_ISL_19279013,1990.4.e
"Influenza A virus (A/swine/Kansas/A01785751/2018(H3N2)) segment 4 hemagglutinin (HA) gene, complete cds |Alphainfluenzavirus influenzae|H3N2|USA: Kansas|Sus scrofa|2018-11-13|MK267239.1",1990.4.b1
A/swine/North_Carolina/A02478551/2019|A_/_H3N2|unassigned|2019-06-24|HA|4||EPI_ISL_372903,2010.1
"Influenza A virus (A/swine/Iowa/004628_(A02859105)_H3/2025(H3N2)) segment 4 hemagglutinin (HA) gene, complete cds |Alphainfluenzavirus influenzae|H3N2|USA: Iowa|Sus scrofa|2025-12-01|PZ106089.1",2010.1
A/swine/Ohio/OH-7351/2021|A_/_H3N2|unassigned|2021-04-01|HA|4||EPI_ISL_17471929,1990.4.a
A/swine/Missouri/A01047968/2010|A_/_H3N2|unassigned|2010-12-14|HA|4||EPI_ISL_109893,1990.4.d
A/swine/Illinois/A02478665/2019|A_/_H3N2|unassigned|2019-09-03|HA|4||EPI_ISL_396141,2010.1
A/swine/Iowa/A02861497/2023|A_/_H3N2|3C.3a|2023-06-08|HA|4||EPI_ISL_18042989,1990.4.a
A/swine/Minnesota/080470/2015|A_/_H3N2|unassigned|2015-05-24|HA|4||EPI_ISL_504174,2010.1
"Influenza A virus (A/swine/Nebraska/A02256553/2018(H3N2)) segment 4 hemagglutinin (HA) gene, complete cds |Alphainfluenzavirus influenzae|H3N2|USA: Nebraska|Sus scrofa|2018-08-14|MH910357.1",1990.4.b2
A/swine/Minnesota/16/2012|A_/_H3N2|unassigned|2012-08-23|HA|4||EPI_ISL_129600,1990.4.b2
A/swine/Iowa/A02139245/2018|A_/_H3N2|unassigned|2018-01-02|HA|4||EPI_ISL_299533,2010.1
A/swine/Minnesota/66853/2006|A_/_H3N2|unassigned|2006-01-01|HA|4||EPI_ISL_29804,1990.4
"Influenza A virus (A/swine/North Carolina/A01410777/2014(H3N2)) segment 4 hemagglutinin (HA) gene, complete cds |Alphainfluenzavirus influenzae|H3N2|USA: North Carolina|Sus scrofa|2014-05|KJ859612.1",1990.4.a
A/swine/Iowa/A02750911/2022|A_/_H3N2|unassigned|2022-09-21|HA|4||EPI_ISL_16215595,2010.1
A/swine/Indiana/18TOSU2860/2018|A_/_H3N2|unassigned|2018-06-01|HA|4||EPI_ISL_387953,1990.4.a
A/swine/Ohio/A02245891/2021|A_/_H3N2|unassigned|2021-04-06|HA|4||EPI_ISL_4083588,1990.1
A/swine/North_Carolina/00271/2004|A_/_H3N2|unassigned|2004-01-01|HA|4||EPI_ISL_189990,1990.4
A/swine/Pennsylvania/A01727958/2015|A_/_H3N2|unassigned|2015-12-15|HA|4||EPI_ISL_209147,1990.4.a
A/swine/USA/9/2017|A_/_H3N2|3C.2a1|2017-06-06|HA|4||EPI_ISL_505844,2010.2
A/swine/Iowa/ISU-A02861697/2023|A_/_H3N2|unassigned|2023-08-04|HA|4||EPI_ISL_18228680,2010.1
A/swine/Iowa/MT_12_07_4289/2012|A_/_H3N2|unassigned|2012-08-31|HA|4||EPI_ISL_271039,1990.4.b1
A/swine/Iowa/A02478529/2019|A_/_H3N2|unassigned|2019-06-05|HA|4||EPI_ISL_372423,1990.4.a
"Influenza A virus (A/swine/Pennsylvania/A01730466/2016(H3N2)) segment 4 hemagglutinin (HA) gene, complete cds |Alphainfluenzavirus influenzae|H3N2|USA: Pennsylvania|Sus scrofa|2016-01-27|KU861193.1",1990.4.a
"Influenza A virus (A/swine/Iowa/20TOSU2401/2020(H3N2)) segment 4 hemagglutinin (HA) gene, complete cds |Alphainfluenzavirus influenzae|H3N2|USA|Sus scrofa scrofa|2020-07-10|OP654941.1",1990.4.a
A/swine/Illinois/A01489882/2015|A_/_H3N2|unassigned|2015-01-27|HA|4||EPI_ISL_177590,1990.4.a
A/swine/Iowa/A01728010/2015|A_/_H3N2|unassigned|2015-12-16|HA|4||EPI_ISL_209145,2010.1
A/swine/Minnesota/A01785562/2018|A_/_H3N2|unassigned|2018-06-05|HA|4||EPI_ISL_328452,2010.1
A/swine/Iowa/A02858606/2025|A_/_H3N2|unassigned|2025-05-07|HA|4||EPI_ISL_19890487,2010.1
A/swine/North_Carolina/A02863188/2024|A_/_H3N2|unassigned|2024-12-04|HA|4||EPI_ISL_19678841,2010.1
A/swine/North_Carolina/A01476072/2014|A_/_H3N2|unassigned|2014-07-09|HA|4||EPI_ISL_166577,1990.4.a
A/swine/North_Carolina/A01048779/2011|A_/_H3N2|unassigned|2011-11-15|HA|4||EPI_ISL_103849,1990.4.k
A/swine/Illinois/A02024070/2015|A_/_H3N2|unassigned|2015-05-15|HA|4||EPI_ISL_191505,1990.4.a
A/swine/Minnesota/A01941510/2015|A_/_H3N2|unassigned|2015-12-09|HA|4||EPI_ISL_209352,2010.1
A/swine/Illinois/A01047014/2010|A_/_H3N2|unassigned|2010-11-22|HA|4||EPI_ISL_116394,1990.4
A/swine/North_Carolina/A02478711/2019|A_/_H3N2|unassigned|2019-10-02|HA|4||EPI_ISL_399418,2010.1
A/swine/South_Dakota/A02525141/2021|A_/_H3N2|unassigned|2021-02-02|HA|4||EPI_ISL_4082011,2010.1
A/swine/Illinois/A01476977/2014|A_/_H3N2|unassigned|2014-11-13|HA|4||EPI_ISL_182297,1990.4.a
"Influenza A virus (A/swine/Indiana/23TOSU2409/2023(H3N2)) segment 4 hemagglutinin (HA) gene, complete cds |Alphainfluenzavirus influenzae|H3N2|USA|Sus scrofa scrofa|2023-07-13|PP445468.1",1990.4.a
A/swine/Iowa/A02155469/2018|A_/_H3N2|unassigned|2018-03-06|HA|4||EPI_ISL_329716,2010.1
A/swine/Ohio/A02136764/2017|A_/_H3N2|unassigned|2017-11-13|HA|4||EPI_ISL_297093,2010.1
A/swine/Iowa/A01785636/2018|A_/_H3N2|unassigned|2018-10-05|HA|4||EPI_ISL_379263,1990.4.a
A/swine/Iowa/A01782576/2016|A_/_H3N2|unassigned|2016-10-19|HA|4||EPI_ISL_245076,1990.4.b1
A/swine/California/A00968949/2014|A_/_H3N2|unassigned|2014-07-02|HA|4||EPI_ISL_167220,1990.4.a
A/swine/Indiana/A02635943/2021|A_/_H3N2|3C.2a1|2021-07-06|HA|4||EPI_ISL_4084598,2010.2
A/swine/Illinois/A02432162/2019|A_/_H3N2|unassigned|2019-04-10|HA|4||EPI_ISL_366161,2010.1
"Influenza A virus (A/swine/Iowa/20TOSU2311/2020(H3N2)) segment 4 hemagglutinin (HA) gene, complete cds |Alphainfluenzavirus influenzae|H3N2|USA|Sus scrofa scrofa|2020-07-10|OP654953.1",1990.4.a
A/swine/Illinois/A01840351/2015|A_/_H3N2|unassigned|2015-01-13|HA|4||EPI_ISL_180672,1990.4.e
A/swine/Iowa/A02525363/2021|A_/_H3N2|unassigned|2021-04-14|HA|4||EPI_ISL_4083576,2010.1
A/swine/Ohio/A02751564/2023|A_/_H3N2|3C.2|2023-02-07|HA|4||EPI_ISL_17373152,2010.1
A/swine/Minnesota/A02245182/2019|A_/_H3N2|unassigned|2019-06-25|HA|4||EPI_ISL_372892,2010.1
A/swine/Missouri/101041/2005|A_/_H3|unassigned|2005-11-01|HA|4||EPI_ISL_19279574,1990.4-like
A/swine/Minnesota/A01364816/2013|A_/_H3N2|unassigned|2013-09-13|HA|4||EPI_ISL_150517,1990.4.a
A/swine/Illinois/A01668931/2016|A_/_H3N2|unassigned|2016-11-25|HA|4||EPI_ISL_252800,2010.1
"Influenza A virus (A/swine/Indiana/21TOSU0972/2021(H3N2)) segment 4 hemagglutinin (HA) gene, complete cds |Alphainfluenzavirus influenzae|H3N2|USA|Sus scrofa scrofa|2021-06-17|OP654911.1",1990.4.a
"Influenza A virus (A/swine/Iowa/20TOSU1749/2020(H3N2)) segment 4 hemagglutinin (HA) gene, complete cds |Alphainfluenzavirus influenzae|H3N2|USA|Sus scrofa scrofa|2020-07-09|OP655111.1",1990.4.a
A/swine/Iowa/A02524423/2020|A_/_H3N2|unassigned|2020-06-08|HA|4||EPI_ISL_499223,1990.4.a
A/swine/Minnesota/A01785619/2018|A_/_H3N2|unassigned|2018-09-10|HA|4||EPI_ISL_379782,2010.1
A/swine/Minnesota/A02979306/2024|A_/_H3N2|unassigned|2024-10-29|HA|4||EPI_ISL_19556780,1990.4.a
A/swine/Minnesota/D09-25104/2009|A_/_H3N2|unassigned|2009-05-18|HA|4||EPI_ISL_198202,1990.4
A/swine/North_Carolina/A02245888/2021|A_/_H3N2|unassigned|2021-04-15|HA|4||EPI_ISL_4083587,1990.4.a
A/swine/Ohio/24-3050-1/2024|A_/_H3N2|unassigned|2024-02-09|HA|4||EPI_ISL_20187717,2010.1
A/swine/North_Carolina/A01364613/2013|A_/_H3N2|unassigned|2013-09-05|HA|4||EPI_ISL_149664,1990.4.a
A/swine/Indiana/24TOSU0764/2024|A_/_H3N2|unassigned|2024-06-13|HA|4||EPI_ISL_19332100,1990.4.a
A/swine/North_Carolina/A01290778/2013|A_/_H3N2|unassigned|2013-11-01|HA|4||EPI_ISL_153756,1990.4.a
A/swine/Illinois/101057/2006|A_/_H3|unassigned|2006-03-16|HA|4||EPI_ISL_19279562,1990.4
A/swine/MI/PU243/04|A_/_H3N1|unassigned|2004-01-01|HA|4||EPI_ISL_9542,1990.4
A/swine/Kansas/A02479028/2020|A_/_H3N2|unassigned|2020-01-24|HA|4||EPI_ISL_503432,2010.1
A/swine/Ohio/658/2019|A_/_H3N2|3C.2|2019-01-11|HA|4||EPI_ISL_17204320,2010.1
A/swine/Minnesota/A01678556/2018|A_/_H3N2|unassigned|2018-04-16|HA|4||EPI_ISL_329328,1990.4.a
A/swine/Ohio/10SW127/2010|A_/_H3N2|unassigned|2010-08-12|HA|4||EPI_ISL_133836,1990.4.a
A/swine/Ohio/11SW172/2011|A_/_H3N2|unassigned|2011-08-08|HA|4||EPI_ISL_133905,1990.4.a
"Influenza A virus (A/swine/Indiana/A02751414/2022(H3N2)) segment 4 hemagglutinin (HA) gene, complete cds |Alphainfluenzavirus influenzae|H3N2|USA: Indiana|Sus scrofa|2022-12-16|OQ469384.1",2010.1
A/swine/Iowa/A01365906/2013|A_/_H3N2|unassigned|2013-11-15|HA|4||EPI_ISL_153685,1990.4.a
A/swine/Nebraska/A01567084/2014|A_/_H3N2|unassigned|2014-12-11|HA|4||EPI_ISL_173622,1990.4.a
A/swine/Missouri/A01840163/2014|A_/_H3N2|unassigned|2014-12-12|HA|4||EPI_ISL_174468,2010.1
A/swine/Ohio/OH-20566/2021|A_/_H3N2|unassigned|2021-09-07|HA|4||EPI_ISL_17471885,1990.4.a
A/swine/Minnesota/A01785361/2017|A_/_H3N2|unassigned|2017-11-21|HA|4||EPI_ISL_297081,2010.1
A/swine/Iowa/A01202089/2011|A_/_H3N2|unassigned|2011-06-16|HA|4||EPI_ISL_127748,1990.4
A/swine/Pennsylvania/A02636531/2022|A_/_H3N2|unassigned|2022-02-28|HA|4||EPI_ISL_14778029,1990.4.a
A/swine/Nebraska/004655_02859131/2025|A_/_H3N2|unassigned|2025-12-11|HA|4||EPI_ISL_20389173,1990.4.a
A/swine/Iowa/A02135879/2017|A_/_H3N2|unassigned|2017-11-07|HA|4||EPI_ISL_296281,2010.1
A/swine/Iowa/A02268397/2018|A_/_H3N2|unassigned|2018-10-24|HA|4||EPI_ISL_379483,2010.1
A/swine/Illinois/100372/2018|A_/_H3|unassigned|2018-10-23|HA|4||EPI_ISL_19278515,1990.4.a
A/swine/Wyoming/A01381213/2013|A_/_H3N2|unassigned|2013-05-21|HA|4||EPI_ISL_143878,1990.4.a
A/swine/Iowa/A02215031/2017|A_/_H3N2|unassigned|2017-04-12|HA|4||EPI_ISL_267142,1990.4.a
A/swine/Iowa/A01769343/2015|A_/_H3N2|unassigned|2015-08-05|HA|4||EPI_ISL_200088,1990.4.a
A/swine/Iowa/A02478688/2019|A_/_H3N2|unassigned|2019-09-18|HA|4||EPI_ISL_396964,2010.1
A/swine/Texas/A02245008/2019|A_/_H3N2|unassigned|2019-03-11|HA|4||EPI_ISL_369480,2010.1
A/swine/North_Carolina/A01785721/2018|A_/_H3N2|unassigned|2018-10-24|HA|4||EPI_ISL_379466,2010.1
A/swine/Iowa/A02861344/2023|A_/_H3N2|3C.2|2023-03-28|HA|4||EPI_ISL_17587092,2010.1
A/swine/Minnesota/A02978859/2024|A_/_H3N2|unassigned|2024-03-21|HA|4||EPI_ISL_19134576,1990.4.a
A/swine/Oklahoma/A01567195/2014|A_/_H3N2|unassigned|2014-12-18|HA|4||EPI_ISL_173621,1990.4.a
A/swine/Iowa/A01729570/2016|A_/_H3N2|unassigned|2016-01-13|HA|4||EPI_ISL_213785,2010.1
A/swine/Illinois/A02750653/2022|A_/_H3N2|unassigned|2022-06-14|HA|4||EPI_ISL_14875730,2010.1
A/swine/Iowa/A02862970/2024|A_/_H3N2|3C.2|2024-10-08|HA|4||EPI_ISL_19556760,2010.1
A/swine/South_Dakota/A01847612/2015|A_/_H3N2|unassigned|2015-04-20|HA|4||EPI_ISL_188905,1990.4.d
A/swine/North_Carolina/A02858219/2024|A_/_H3N2|3C.2a1b.2a.2b|2024-01-08|HA|4||EPI_ISL_19191109,Other-Human-2020
A/swine/Iowa/A02478588/2019|A_/_H3N2|unassigned|2019-07-09|HA|4||EPI_ISL_388623,2010.1
A/swine/Minnesota/A01785782/2018|A_/_H3N2|unassigned|2018-12-07|HA|4||EPI_ISL_376677,2010.1
A/swine/Ohio/12TOSU308/2012|A_/_H3N2|unassigned|2012-08-03|HA|4||EPI_ISL_139855,1990.4.a
A/swine/Illinois/A01240891/2012|A_/_H3N2|unassigned|2012-01-05|HA|4||EPI_ISL_130024,1990.4.a
A/swine/Iowa/097148_02858831/2025|A_/_H3N2|unassigned|2025-09-15|HA|4||EPI_ISL_20220031,2010.1
A/swine/North_Carolina/A02478894/2019|A_/_H3N2|unassigned|2019-11-18|HA|4||EPI_ISL_503961,2010.1
A/swine/Indiana/A01260416/2013|A_/_H3N2|unassigned|2013-11-11|HA|4||EPI_ISL_157617,1990.4.a
A/swine/Iowa/A02750730/2022|A_/_H3N2|unassigned|2022-07-19|HA|4||EPI_ISL_14937149,2010.1
A/swine/Iowa/A02861611/2023|A_/_H3N2|3C.2|2023-06-27|HA|4||EPI_ISL_18042954,2010.1
A/swine/Iowa/A02858290/2025|A_/_H3N2|unassigned|2025-01-10|HA|4||EPI_ISL_19764696,2010.1
A/swine/Indiana/A02861538/2023|A_/_H3N2|unassigned|2023-05-25|HA|4||EPI_ISL_18038041,2010.2
A/swine/Ohio/OH20-24947/2020|A_/_H3N2|3C.3a|2020-11-20|HA|4||EPI_ISL_17373114,1990.4.a
A/swine/Kentucky/14TOSU23965/2014|A_/_H3N2|unassigned|2014-01-01|HA|4||EPI_ISL_200843,1990.4.b1
A/swine/Illinois/100417/2019|A_/_H3|unassigned|2019-10-07|HA|4||EPI_ISL_19278317,2010.1
A/swine/Minnesota/A02978521/2023|A_/_H3N2|unassigned|2023-05-10|HA|4||EPI_ISL_18090340,1990.4.a
A/swine/Missouri/A01493970/2014|A_/_H3N2|unassigned|2014-04-03|HA|4||EPI_ISL_162333,1990.4.a
A/swine/North_Carolina/A02861240/2023|A_/_H3N2|3C.2|2023-02-27|HA|4||EPI_ISL_17530174,2010.1
A/swine/Michigan/A01203498/2012|A_/_H3N2|unassigned|2012-05-07|HA|4||EPI_ISL_124046,1990.4.d
A/swine/Ohio/A02858435/2025|A_/_H3N2|3C.2|2025-03-06|HA|4||EPI_ISL_19810990,2010.1
A/swine/Iowa/A02862369/2024|A_/_H3N2|unassigned|2024-03-08|HA|4||EPI_ISL_19067877,2010.1
A/swine/Minnesota/A01076701/2010|A_/_H3N2|unassigned|2010-10-18|HA|4||EPI_ISL_116352,1990.4
"Influenza A virus (A/swine/Ohio/A02750788/2022(H3N2)) segment 4 hemagglutinin (HA) gene, complete cds |Alphainfluenzavirus influenzae|H3N2|USA: Ohio|Sus scrofa|2022-08-10|OP454975.1",2010.2
A/swine/North_Carolina/A02524967/2020|A_/_H3N2|unassigned|2020-12-07|HA|4||EPI_ISL_4081863,1990.4.a
A/swine/Nebraska/A01395675/2013|A_/_H3N2|unassigned|2013-12-03|HA|4||EPI_ISL_154574,1990.4.a
A/swine/Iowa/A01047906/2010|A_/_H3N2|unassigned|2010-12-07|HA|4||EPI_ISL_116280,1990.4
A/swine/North_Carolina/A01476099/2014|A_/_H3N2|unassigned|2014-07-11|HA|4||EPI_ISL_166575,1990.4.a
A/swine/Missouri/A01775853/2016|A_/_H3N2|unassigned|2016-05-24|HA|4||EPI_ISL_230187,1990.4.a
A/swine/Iowa/A02218163/2017|A_/_H3N2|unassigned|2017-06-21|HA|4||EPI_ISL_279712,2010.1
A/swine/Iowa/A02751238/2022|A_/_H3N2|3C.2|2022-11-11|HA|4||EPI_ISL_16840776,2010.1
A/swine/Iowa/100826/2018|A_/_H3|unassigned|2018-03-19|HA|4||EPI_ISL_19278625,2010.1
A/swine/USA/100418/2019|A_/_H3|3C.2|2019-10-15|HA|4||EPI_ISL_19278304,1990.4.a
A/swine/Iowa/CD81015/2015|A_/_H3N1|unassigned|2015-08-17|HA|4||EPI_ISL_4082102,1990.4.a
A/swine/Illinois/A01047009/2010|A_/_H3N2|unassigned|2010-11-22|HA|4||EPI_ISL_116393,1990.4
"Influenza A virus (A/swine/Missouri/A02257032/2018(H3N2)) segment 4 hemagglutinin (HA) gene, complete cds |Alphainfluenzavirus influenzae|H3N2|USA: Missouri|Sus scrofa|2018-08-30|MH938194.1",2010.1
A/swine/Kentucky/16TOSU3494/2016|A_/_H3N2|unassigned|2016-07-07|HA|4||EPI_ISL_254021,1990.4.a
A/swine/Oklahoma/A01327676/2012|A_/_H3N2|unassigned|2012-04-19|HA|4||EPI_ISL_130039,1990.4
A/swine/Indiana/21TOSU0911/2021|A_/_H3N2|3C.3a|2021-06-17|HA|4||EPI_ISL_18005764,1990.4.a
A/swine/Minnesota/A01676585/2016|A_/_H3N2|unassigned|2016-04-11|HA|4||EPI_ISL_221754,2010.1
A/swine/Missouri/A02428123/2018|A_/_H3N2|unassigned|2018-12-20|HA|4||EPI_ISL_376870,2010.1
A/swine/Iowa/004544_02859030/2025|A_/_H3N2|unassigned|2025-10-29|HA|4||EPI_ISL_20389479,2010.1
A/swine/Illinois/A01782837/2016|A_/_H3N2|unassigned|2016-10-31|HA|4||EPI_ISL_245330,2010.1
A/swine/North_Carolina/A01777393/2016|A_/_H3N2|unassigned|2016-07-06|HA|4||EPI_ISL_234286,1990.4.a
A/swine/Nebraska/Q099918/2025|A_/_H3N2|unassigned|2025-10-01|HA|4||EPI_ISL_20327342,2010.1
A/swine/Iowa/MT_12_07_1927/2012|A_/_H3N2|unassigned|2012-02-27|HA|4||EPI_ISL_271059,1990.4.f
A/swine/Illinois/53612-5/2009|A_/_H3N2|unassigned|2009-11-05|HA|4||EPI_ISL_86218,1990.4
"Influenza A virus (A/swine/Georgia/A02861242/2023(H3N2)) segment 4 hemagglutinin (HA) gene, complete cds |Alphainfluenzavirus influenzae|H3N2|USA: Georgia|Sus scrofa|2023-02-27|OQ836575.1",2010.1
A/swine/Iowa/A01203872/2012|A_/_H3N2|unassigned|2012-10-01|HA|4||EPI_ISL_132350,1990.4.b1
A/swine/North_Carolina/A01409104/2013|A_/_H3N2|unassigned|2013-10-01|HA|4||EPI_ISL_153747,1990.4.a
A/swine/Oklahoma/001142/2009|A_/_H3N2|unassigned|2009-01-01|HA|4||EPI_ISL_62734,1990.4
A/swine/Kentucky/15TOSU1991/2015|A_/_H3N2|unassigned|2015-11-08|HA|4||EPI_ISL_245811,1990.4.b1
A/swine/Missouri/A01795668/2015|A_/_H3N2|unassigned|2015-10-26|HA|4||EPI_ISL_205322,2010.1
A/swine/Iowa/A02524845/2020|A_/_H3N2|unassigned|2020-10-29|HA|4||EPI_ISL_4081698,2010.1
A/swine/Indiana/101566/2019|A_/_H3|unassigned|2019-03-25|HA|4||EPI_ISL_19278413,2010.1
A/swine/Ohio/13701/2017|A_/_H3N2|unassigned|2017-06-01|HA|4||EPI_ISL_278406,1990.4.a
A/swine/Iowa/A01290867/2013|A_/_H3N2|unassigned|2013-11-01|HA|4||EPI_ISL_155701,1990.4.a
A/swine/Iowa/A02978481/2023|A_/_H3N2|unassigned|2023-05-01|HA|4||EPI_ISL_17809159,1990.4.a
A/swine/Nebraska/A02254605/2018|A_/_H3N2|unassigned|2018-07-19|HA|4||EPI_ISL_326811,1990.4.b2
A/swine/Missouri/A02478831/2019|A_/_H3N2|unassigned|2019-11-05|HA|4||EPI_ISL_503396,2010.1
"Influenza A virus (A/swine/Illinois/A02861291/2023(H3N2)) segment 4 hemagglutinin (HA) gene, complete cds |Alphainfluenzavirus influenzae|H3N2|USA: Illinois|Sus scrofa|2023-03-15|OQ836488.1",2010.1
A/swine/Iowa/A02750942/2022|A_/_H3N2|unassigned|2022-09-29|HA|4||EPI_ISL_16215726,1990.4.a
A/swine/Minnesota/A01392515/2013|A_/_H3N2|unassigned|2013-10-02|HA|4||EPI_ISL_150652,1990.4.b1
A/swine/Illinois/A02751344/2022|A_/_H3N2|3C.2|2022-12-19|HA|4||EPI_ISL_16891263,2010.1
A/swine/Oklahoma/A02216474/2017|A_/_H3N2|3C.2a1|2017-02-28|HA|4||EPI_ISL_272672,2010.2
A/swine/Iowa/A02751305/2022|A_/_H3N2|3C.3a|2022-11-22|HA|4||EPI_ISL_16840848,1990.4.a
A/swine/Indiana/21TOSU1220/2021|A_/_H3N2|3C.3a|2021-06-17|HA|4||EPI_ISL_18005750,1990.4.a
A/swine/Indiana/24TOSU2828/2024|A_/_H3N2|3C.3a|2024-07-18|HA|4||EPI_ISL_19815619,1990.4.a
A/swine/Illinois/A01820901/2015|A_/_H3N2|unassigned|2015-06-09|HA|4||EPI_ISL_195338,1990.4.e
A/swine/Iowa/A02479352/2020|A_/_H3N2|unassigned|2020-05-18|HA|4||EPI_ISL_501783,1990.4.a
"Influenza A virus (A/swine/Texas/A02478794/2019(H3N2)) segment 4 hemagglutinin (HA) gene, complete cds |Alphainfluenzavirus influenzae|H3N2|USA: Texas|Sus scrofa|2019-10-18|MN732775.1",2010.1
A/swine/Nebraska/A02432059/2019|A_/_H3N2|unassigned|2019-04-09|HA|4||EPI_ISL_366305,1990.4.a
"Influenza A virus (A/swine/Iowa/18TOSU0373/2018(H3N2)) segment 4 hemagglutinin (HA) gene, complete cds |Alphainfluenzavirus influenzae|H3N2|USA: Iowa|Sus scrofa|2018-06-07|MK793354.1",2010.1
"Influenza A virus (A/swine/Kansas/A02978466/2023(H3N2)) segment 4 hemagglutinin (HA) gene, complete cds |Alphainfluenzavirus influenzae|H3N2|USA: Kansas|Sus scrofa|2023-04-07|OR101082.1",2010.1
A/swine/New_York/22TOSU4720/2022|A_/_H3N2|3C.2|2022-10-01|HA|4||EPI_ISL_17409653,2010.1
A/swine/Missouri/A02862805/2024|A_/_H3N2|unassigned|2024-08-07|HA|4||EPI_ISL_19404896,2010.1
A/swine/Minnesota/A01785488/2018|A_/_H3N2|unassigned|2018-03-27|HA|4||EPI_ISL_329075,1990.4.a
A/swine/Indiana/A01812305/2020|A_/_H3N2|unassigned|2020-04-24|HA|4||EPI_ISL_502919,1990.4.a
A/swine/Ohio/11SW108/2011|A_/_H3N2|unassigned|2011-08-05|HA|4||EPI_ISL_133865,1990.4.a
A/swine/Minnesota/A01201437/2011|A_/_H3N2|unassigned|2011-05-12|HA|4||EPI_ISL_116358,1990.4
A/swine/North_Carolina/A01410800/2014|A_/_H3N2|unassigned|2014-05-01|HA|4||EPI_ISL_163611,1990.4.a
A/swine/Iowa/A01729642/2016|A_/_H3N2|unassigned|2016-01-13|HA|4||EPI_ISL_213790,1990.4.i
A/swine/Ohio/A02221519/2017|A_/_H3N2|unassigned|2017-09-18|HA|4||EPI_ISL_285336,2010.1
A/swine/Oklahoma/00153/2003|A_/_H3N2|unassigned|2003-09-18|HA|4||EPI_ISL_151605,1990.4-like
A/swine/Missouri/A02858812/2025|A_/_H3N2|unassigned|2025-09-11|HA|4||EPI_ISL_20196505,2010.1
A/swine/Kansas/A02245387/2020(H3N2)|A_/_H3N2|unassigned|2020-01-10|HA|4||EPI_ISL_503414,2010.1
A/swine/Iowa/A02711854/2022|A_/_H3N2|unassigned|2022-07-11|HA|4||EPI_ISL_14937368,1990.4.a
A/swine/Minnesota/A01471950/2015|A_/_H3N2|unassigned|2015-06-29|HA|4||EPI_ISL_195384,1990.4.a
A/swine/Iowa/20TOSU2004/2020|A_/_H3N2|unassigned|2020-07-09|HA|4||EPI_ISL_14224343,1990.4.a
A/swine/Illinois/100395/2019|A_/_H3|3C.3a|2019-02-28|HA|4||EPI_ISL_19278428,1990.1
"Influenza A virus (A/swine/Iowa/A01410748/2014(H3N2)) segment 4 hemagglutinin (HA) gene, complete cds |Alphainfluenzavirus influenzae|H3N2|USA: Iowa|Sus scrofa|2014-05|KJ859591.1",1990.4.a
A/swine/South_Dakota/A02478745/2019|A_/_H3N2|unassigned|2019-10-10|HA|4||EPI_ISL_399598,1990.4.a
A/swine/Michigan/100454/2017|A_/_H3|3C.2a2|2017-11-29|HA|4||EPI_ISL_19278705,Other-Human-2010-like
A/swine/Missouri/A02750643/2022|A_/_H3N2|unassigned|2022-06-10|HA|4||EPI_ISL_14871344,1990.4.a
A/swine/Missouri/A02142415/2018|A_/_H3N2|unassigned|2018-01-30|HA|4||EPI_ISL_301919,2010.1
A/swine/Minnesota/A02245603/2020|A_/_H3N2|unassigned|2020-04-27|HA|4||EPI_ISL_502912,1990.4.a
A/swine/Iowa/A02635704/2021|A_/_H3N2|unassigned|2021-04-15|HA|4||EPI_ISL_4083617,1990.4.a
A/swine/Iowa/100892/2019|A_/_H3|3C.3a|2019-02-15|HA|4||EPI_ISL_19278434,1990.1
A/swine/Iowa/A02214652/2017|A_/_H3N2|unassigned|2017-03-23|HA|4||EPI_ISL_266541,2010.1
A/swine/Ohio/13TOSU1373/2013|A_/_H3N2|unassigned|2013-08-01|HA|4||EPI_ISL_161117,1990.4.a
A/swine/Nebraska/A02140795/2018|A_/_H3N2|unassigned|2018-01-08|HA|4||EPI_ISL_299524,2010.1
"Influenza A virus (A/swine/Iowa/A02750793/2022(H3N2)) segment 4 hemagglutinin (HA) gene, complete cds |Alphainfluenzavirus influenzae|H3N2|USA: Iowa|Sus scrofa|2022-08-11|OP454953.1",1990.4.a
A/swine/North_Carolina/00116/2003|A_/_H3N2|unassigned|2003-07-02|HA|4||EPI_ISL_151636,1990.4
A/swine/North_Carolina/A02862877/2024|A_/_H3N2|unassigned|2024-09-19|HA|4||EPI_ISL_19471775,1990.4.a
A/swine/Ohio/A02863128/2024|A_/_H3N2|3C.2|2024-11-06|HA|4||EPI_ISL_19603482,2010.1
A/swine/Illinois/A01796273/2015|A_/_H3N2|unassigned|2015-11-11|HA|4||EPI_ISL_206015,1990.4.a
A/swine/Indiana/A01729047/2016|A_/_H3N2|unassigned|2016-01-06|HA|4||EPI_ISL_212208,1990.4.a
A/swine/Iowa/A02635921/2021|A_/_H3N2|unassigned|2021-06-21|HA|4||EPI_ISL_4084592,2010.1
A/swine/Ohio/OH20-7953/2020|A_/_H3N2|unassigned|2020-04-21|HA|4||EPI_ISL_17373136,1990.4.a
A/swine/Iowa/20TOSU2197/2020|A_/_H3N2|unassigned|2020-07-10|HA|4||EPI_ISL_14224310,1990.4.a
"Influenza A virus (A/swine/Missouri/A01410819/2014(H3N1)) segment 4 hemagglutinin (HA) gene, complete cds |Alphainfluenzavirus influenzae|H3N1|USA: Missouri|Sus scrofa|2014-01-15|KJ941380.1",2010.1
A/swine/Iowa/16TOSU2464/2016|A_/_H3N2|unassigned|2016-06-09|HA|4||EPI_ISL_253993,1990.4.a
A/swine/Minnesota/63607-33/2008|A_/_H3|unassigned|2008-01-01|HA|4||EPI_ISL_30315,1990.4
A/swine/Minnesota/A01941131/2015|A_/_H3N2|unassigned|2015-11-16|HA|4||EPI_ISL_206000,1990.4.a
A/swine/Iowa/A02750628/2022|A_/_H3N2|unassigned|2022-05-25|HA|4||EPI_ISL_14871346,2010.1
A/swine/Iowa/A01668526/2016|A_/_H3N2|unassigned|2016-11-17|HA|4||EPI_ISL_246082,2010.1
A/swine/Minnesota/A02978449/2023|A_/_H3N2|3C.3a|2023-03-14|HA|4||EPI_ISL_17986896,1990.4.a
A/swine/Illinois/A02035711/2015|A_/_H3N2|unassigned|2015-07-16|HA|4||EPI_ISL_197211,1990.4.b1
A/swine/Ohio/24TOSU1768/2024|A_/_H3N2|3C.3a|2024-06-01|HA|4||EPI_ISL_19332139,1990.4.a
A/swine/Illinois/100596/2019|A_/_H3|3C.2|2019-07-19|HA|4||EPI_ISL_19278349,2010.1
A/swine/Missouri/A02862999/2024|A_/_H3N2|unassigned|2024-10-15|HA|4||EPI_ISL_19554440,2010.1
A/swine/North_Carolina/A02636673/2022|A_/_H3N2|unassigned|2022-05-05|HA|4||EPI_ISL_14224160,1990.4.a
A/swine/Indiana/A01260371/2013|A_/_H3N2|unassigned|2013-08-19|HA|4||EPI_ISL_151703,1990.4.a
A/swine/North_Carolina/A02858388/2025|A_/_H3N2|unassigned|2025-02-18|HA|4||EPI_ISL_19790144,2010.1
A/swine/Indiana/A01260261/2013|A_/_H3N2|unassigned|2013-03-29|HA|4||EPI_ISL_143495,1990.4.a
A/swine/Pennsylvania/A01104049/2012|A_/_H3N2|unassigned|2012-08-09|HA|4||EPI_ISL_131261,1990.4.a
A/swine/Minnesota/A01781222/2016|A_/_H3N2|unassigned|2016-09-07|HA|4||EPI_ISL_237045,2010.1
A/swine/Minnesota/A01301908/2012|A_/_H3N2|unassigned|2012-09-02|HA|4||EPI_ISL_131253,1990.4.a
A/swine/Texas/A01785420/2018|A_/_H3N2|unassigned|2018-01-17|HA|4||EPI_ISL_300553,1990.4.a
A/swine/Missouri/100809/2022|A_/_H3|3C.3a|2022-01-05|HA|4||EPI_ISL_19277953,1990.4.a
A/swine/North_Carolina/A01432566/2013|A_/_H3N2|unassigned|2013-03-01|HA|4||EPI_ISL_140698,1990.4.a
A/swine/Nebraska/A01566782/2014|A_/_H3N2|unassigned|2014-11-21|HA|4||EPI_ISL_182277,1990.4.a
"Influenza A virus (A/swine/North Carolina/SG1199/2004(H3N2)) hemagglutinin (HA) gene, partial cds |Alphainfluenzavirus influenzae|H3N2|USA: North Carolina|Sus scrofa|2004-12-02|CY159683.1",1990.4
A/swine/Iowa/A02750719/2022|A_/_H3N2|unassigned|2022-07-16|HA|4||EPI_ISL_14931867,1990.4.a
A/swine/Iowa/A02478548/2019|A_/_H3N2|unassigned|2019-06-11|HA|4||EPI_ISL_372509,2010.1
A/swine/Indiana/23TOSU2879/2023|A_/_H3N2|3C.3a|2023-07-27|HA|4||EPI_ISL_19034373,1990.4.a
A/swine/Ohio/10SW135/2010|A_/_H3N2|unassigned|2010-08-12|HA|4||EPI_ISL_133842,1990.4.a
A/swine/Indiana/A02863200/2024|A_/_H3N2|unassigned|2024-12-02|HA|4||EPI_ISL_19678845,2010.1
A/swine/Minnesota/A02214704/2017|A_/_H3N2|unassigned|2017-04-11|HA|4||EPI_ISL_272770,1990.4.g
A/swine/Iowa/A01290680/2013|A_/_H3N2|unassigned|2013-10-01|HA|4||EPI_ISL_153754,1990.4
A/swine/Indiana/A02636487/2022|A_/_H3N2|unassigned|2022-02-10|HA|4||EPI_ISL_14777812,2010.2
A/swine/Iowa/A02139129/2017|A_/_H3N2|unassigned|2017-12-19|HA|4||EPI_ISL_295656,2010.1
A/swine/Iowa/A02858419/2025|A_/_H3N2|3C.2|2025-02-26|HA|4||EPI_ISL_19790128,2010.1
A/swine/Minnesota/00484/2005|A_/_H3N2|unassigned|2005-01-20|HA|4||EPI_ISL_96936,1990.4
A/swine/Pennsylvania/A02750718/2022|A_/_H3N2|unassigned|2022-07-13|HA|4||EPI_ISL_14931853,1990.4.a
A/swine/Iowa/004630_02859107/2025|A_/_H3N2|unassigned|2025-12-03|HA|4||EPI_ISL_20389373,2010.1
A/swine/Kentucky/15TOSU1985/2015|A_/_H3N2|unassigned|2015-11-08|HA|4||EPI_ISL_245774,1990.4.b1
A/swine/Indiana/A02758604/2023|A_/_H3N2|3C.2a1b.2a.2b|2023-02-17|HA|4||EPI_ISL_17353502,Other-Human-2020
A/swine/Ohio/13TOSU0410/2013|A_/_H3N2|unassigned|2013-06-01|HA|4||EPI_ISL_161192,1990.4.a
A/swine/Kansas/A01476234/2014|A_/_H3N2|unassigned|2014-08-18|HA|4||EPI_ISL_167341,1990.4
A/swine/Iowa/21TOSU0824/2021|A_/_H3N2|3C.2|2021-05-27|HA|4||EPI_ISL_18005782,2010.1
A/swine/Pennsylvania/A02636053/2021|A_/_H3N2|unassigned|2021-08-16|HA|4||EPI_ISL_6781466,1990.4.a
A/swine/Illinois/A01820291/2015|A_/_H3N2|unassigned|2015-04-03|HA|4||EPI_ISL_190547,1990.4.e
A/swine/Iowa/A02269651/2018|A_/_H3N2|unassigned|2018-11-05|HA|4||EPI_ISL_378896,2010.1
A/swine/Iowa/A02136748/2017|A_/_H3N2|unassigned|2017-11-17|HA|4||EPI_ISL_297087,1990.4.a
A/Swine/Wisconsin/14094/99|A_/_H3N2|unassigned|1999-01-01|HA|4||EPI_ISL_1749,1990.4-like
A/swine/Iowa/A02751532/2023|A_/_H3N2|3C.3a|2023-01-30|HA|4||EPI_ISL_17185780,1990.4.a
A/swine/Iowa/20TOSU2407/2020|A_/_H3N2|unassigned|2020-07-10|HA|4||EPI_ISL_14224194,1990.4.a
"Influenza A virus (A/swine/Indiana/23TOSU2424/2023(H3N2)) segment 4 hemagglutinin (HA) gene, complete cds |Alphainfluenzavirus influenzae|H3N2|USA|Sus scrofa scrofa|2023-07-13|PP445537.1",1990.4.a
A/swine/Illinois/A02862589/2024|A_/_H3N2|3C.2a1b.2a.2a.1|2024-03-29|HA|4||EPI_ISL_19116108,Other-Human-2020
A/swine/Texas/A02246993/2021|A_/_H3N2|unassigned|2021-11-11|HA|4||EPI_ISL_14770025,2010.1
A/swine/Iowa/A02525206/2021|A_/_H3N2|unassigned|2021-02-24|HA|4||EPI_ISL_4082046,1990.4.a
"Influenza A virus (A/swine/Ohio/20TOSU2770/2020(H3N2)) segment 4 hemagglutinin (HA) gene, complete cds |Alphainfluenzavirus influenzae|H3N2|USA|Sus scrofa scrofa|2020-08-07|OP655075.1",1990.4.a
A/swine/Iowa/A02524732/2020|A_/_H3N2|unassigned|2020-10-13|HA|4||EPI_ISL_697770,1990.4.a
A/swine/Iowa/A02478759/2019|A_/_H3N2|unassigned|2019-10-07|HA|4||EPI_ISL_399595,1990.4.a
A/swine/Iowa/ISU-A02861817/2023|A_/_H3N2|3C.2|2023-09-19|HA|4||EPI_ISL_18698864,2010.1
A/swine/Iowa/A01732489/2016|A_/_H3N2|unassigned|2016-02-25|HA|4||EPI_ISL_234572,2010.1
"Influenza A virus (A/swine/Iowa/A02154763/2018(H3N2)) segment 4 hemagglutinin (HA) gene, complete cds |Alphainfluenzavirus influenzae|H3N2|USA: Iowa|Sus scrofa|2018-03-01|MH156837.1",2010.1
A/swine/Iowa/A02245769/2020|A_/_H3N2|unassigned|2020-10-22|HA|4||EPI_ISL_4081673,1990.4.a
A/swine/Iowa/A02478997/2020|A_/_H3N2|unassigned|2020-01-13|HA|4||EPI_ISL_503389,1990.4.a
A/swine/Oklahoma/A02711859/2022|A_/_H3N2|unassigned|2022-08-03|HA|4||EPI_ISL_14937258,2010.1
A/swine/Michigan/A01671226/2016|A_/_H3N2|unassigned|2016-12-06|HA|4||EPI_ISL_253641,1990.4.a
"Influenza A virus (A/swine/Illinois/A02090984/2015(H3N2)) segment 4 hemagglutinin (HA) gene, complete cds |Alphainfluenzavirus influenzae|H3N2|USA|Sus scrofa|2015-10-12|KU171022.1",1990.4.a
A/swine/Iowa/A02862265/2024|A_/_H3N2|unassigned|2024-01-30|HA|4||EPI_ISL_18939712,2010.1
A/swine/Nebraska/A02245325/2019|A_/_H3N2|unassigned|2019-11-13|HA|4||EPI_ISL_505948,2010.1
A/swine/Indiana/A01049124/2010|A_/_H3N2|unassigned|2010-11-19|HA|4||EPI_ISL_90362,1990.4
A/swine/Ohio/OH-22192/2021|A_/_H3N2|3C.3a|2021-09-27|HA|4||EPI_ISL_17471887,1990.4.a
A/swine/Alabama/SG1224/2005|A_/_H3N2|unassigned|2005-04-26|HA|4||EPI_ISL_151640,1990.4
A/swine/Illinois/A02862822/2024|A_/_H3N2|3C.2|2024-08-19|HA|4||EPI_ISL_19418469,2010.1
A/swine/Iowa/A01476426/2014|A_/_H3N2|unassigned|2014-09-17|HA|4||EPI_ISL_167440,1990.4.a
A/swine/Iowa/A02862509/2024|A_/_H3N2|unassigned|2024-04-05|HA|4||EPI_ISL_19095232,2010.1
A/swine/Iowa/A02245386/2020(H3N2)|A_/_H3N2|unassigned|2020-01-09|HA|4||EPI_ISL_503407,1990.4.a
A/swine/Nebraska/A02635902/2021|A_/_H3N2|unassigned|2021-06-22|HA|4||EPI_ISL_4084582,2010.1
A/swine/Illinois/A02431353/2019|A_/_H3N2|unassigned|2019-03-14|HA|4||EPI_ISL_369832,2010.1
A/swine/Indiana/A01104016/2012|A_/_H3N2|unassigned|2012-07-31|HA|4||EPI_ISL_129191,1990.4.a
A/swine/Iowa/A02863197/2024|A_/_H3N2|unassigned|2024-12-02|HA|4||EPI_ISL_19678835,2010.1
A/swine/Minnesota/A02978501/2023|A_/_H3N2|unassigned|2023-05-02|HA|4||EPI_ISL_17809140,1990.4.a
A/swine/Illinois/A01240775/2012|A_/_H3N2|unassigned|2012-01-09|HA|4||EPI_ISL_130157,1990.4.e
A/swine/Nebraska/A01393702/2013|A_/_H3N2|unassigned|2013-12-16|HA|4||EPI_ISL_156314,1990.4.a
A/swine/Ohio/A02751145/2022|A_/_H3N2|3C.2|2022-10-27|HA|4||EPI_ISL_16925116,2010.1
A/swine/Michigan/A02478751/2019|A_/_H3N2|unassigned|2019-10-08|HA|4||EPI_ISL_399613,2010.1
A/swine/Nebraska/4B-1113-P1/2013|A_/_H3N2|unassigned|2013-01-01|HA|4||EPI_ISL_16701460,1990.4.a
A/swine/Iowa/A01243736/2012|A_/_H3N2|unassigned|2012-07-25|HA|4||EPI_ISL_131213,1990.4.a
A/swine/Minnesota/A01349160/2013|A_/_H3N2|unassigned|2013-03-05|HA|4||EPI_ISL_139247,1990.4.a
A/swine/Iowa/A02636091/2021|A_/_H3N2|unassigned|2021-08-27|HA|4||EPI_ISL_6785537,2010.1
A/swine/Iowa/A02636454/2022|A_/_H3N2|unassigned|2022-01-31|HA|4||EPI_ISL_14775593,2010.1
A/swine/Ohio/A02636113/2021|A_/_H3N2|unassigned|2021-09-02|HA|4||EPI_ISL_6795214,1990.4.a
A/swine/Iowa/21TOSU0815/2021|A_/_H3N2|3C.2|2021-05-27|HA|4||EPI_ISL_18005790,2010.1
A/swine/Missouri/A01554378/2015|A_/_H3N2|unassigned|2015-04-01|HA|4||EPI_ISL_179622,2010.1
A/swine/Pennsylvania/A02636614/2022|A_/_H3N2|unassigned|2022-03-30|HA|4||EPI_ISL_14835658,1990.4.a
A/swine/Iowa/20TOSU2326/2020|A_/_H3N2|unassigned|2020-07-10|HA|4||EPI_ISL_14224233,1990.4.a
A/swine/Iowa/20TOSU2179/2020|A_/_H3N2|unassigned|2020-07-10|HA|4||EPI_ISL_14224346,1990.4.a
A/swine/Iowa/A02858334/2025|A_/_H3N2|unassigned|2025-01-30|HA|4||EPI_ISL_19764719,2010.1
A/swine/Illinois/A01398587/2013|A_/_H3N2|unassigned|2013-08-07|HA|4||EPI_ISL_148320,1990.4.a
A/swine/Nebraska/A02254796/2018|A_/_H3N2|unassigned|2018-07-27|HA|4||EPI_ISL_326833,1990.4.a
A/swine/Iowa/A01394595/2013|A_/_H3N2|unassigned|2013-10-30|HA|4||EPI_ISL_151919,1990.4.a
A/swine/Iowa/A01782233/2016|A_/_H3N2|unassigned|2016-10-05|HA|4||EPI_ISL_245048,2010.1
A/swine/Ohio/A02479175/2020|A_/_H3N2|unassigned|2020-03-24|HA|4||EPI_ISL_504145,1990.4.a
A/swine/North_Carolina/SG1462/2004|A_/_H3N2|unassigned|2004-03-03|HA|4||EPI_ISL_151261,1990.4
A/swine/Nebraska/A01785331/2017|A_/_H3N2|unassigned|2017-10-25|HA|4||EPI_ISL_296686,1990.4.a
A/swine/Iowa/A01203771/2012|A_/_H3N2|unassigned|2012-08-01|HA|4||EPI_ISL_129808,1990.4.b2
A/swine/Illinois/A01104098/2016|A_/_H3N2|unassigned|2016-07-25|HA|4||EPI_ISL_245028,1990.4.a
A/swine/Ohio/OH19-10103/2019|A_/_H3N2|3C.3a1|2019-05-01|HA|4||EPI_ISL_17760608,Other-Human-2010
"Influenza A virus (A/swine/North Carolina/A02524746/2020(H3N2)) segment 4 hemagglutinin (HA) gene, complete cds |Alphainfluenzavirus influenzae|H3N2|USA: North Carolina|Sus scrofa|2020-10-19|MW266873.1",1990.4.a
A/swine/Illinois/A02751389/2022|A_/_H3N2|3C.2|2022-12-06|HA|4||EPI_ISL_17060964,2010.1
A/swine/Iowa/A02479282/2020|A_/_H3N2|unassigned|2020-04-27|HA|4||EPI_ISL_502888,1990.4.a
A/swine/Ohio/13TOSU2132/2013|A_/_H3N2|unassigned|2013-08-01|HA|4||EPI_ISL_161186,1990.4.a
"Influenza A virus (A/swine/Iowa/B68026/2022(H3N2)) segment 4 hemagglutinin (HA) gene, complete cds |Alphainfluenzavirus influenzae|H3N2|USA|Sus scrofa|2022-07-15|OP434538.1",2010.1
A/swine/Iowa/A02524494/2020|A_/_H3N2|unassigned|2020-07-13|HA|4||EPI_ISL_706315,1990.4.a
A/swine/Michigan/A02780680/2023|A_/_H3N2|3C.3a|2023-07-15|HA|4||EPI_ISL_18144134,1990.4.a
"Influenza A virus (A/swine/North Carolina/A02635963/2021(H3N2)) segment 4 hemagglutinin (HA) gene, complete cds |Alphainfluenzavirus influenzae|H3N2|USA: North Carolina|Sus scrofa|2021-07-22|OK047447.1",1990.4.a
A/swine/North_Carolina/A01785522/2018|A_/_H3N2|unassigned|2018-04-17|HA|4||EPI_ISL_328765,2010.1
"Influenza A virus (A/swine/Indiana/23TOSU2417/2023(H3N2)) segment 4 hemagglutinin (HA) gene, complete cds |Alphainfluenzavirus influenzae|H3N2|USA|Sus scrofa scrofa|2023-07-13|PP445403.1",1990.4.a
A/swine/North_Carolina/A01729044/2016|A_/_H3N2|unassigned|2016-01-05|HA|4||EPI_ISL_212206,1990.4.a
A/swine/Iowa/A02751104/2022|A_/_H3N2|3C.2|2022-10-27|HA|4||EPI_ISL_16854565,1990.4.a
A/swine/Missouri/A02524544/2020|A_/_H3N2|unassigned|2020-08-14|HA|4||EPI_ISL_707240,1990.4.a
A/swine/Missouri/A02524964/2020|A_/_H3N2|unassigned|2020-12-07|HA|4||EPI_ISL_4081859,2010.1
A/swine/Pennsylvania/A01049256/2010|A_/_H3N2|unassigned|2010-12-07|HA|4||EPI_ISL_93357,1990.4
A/swine/Minnesota/A01785743/2018|A_/_H3N2|unassigned|2018-11-08|HA|4||EPI_ISL_378904,2010.1
A/swine/Illinois/100448/2017|A_/_H3|unassigned|2017-11-22|HA|4||EPI_ISL_19278710,2010.1
A/swine/Iowa/A02862833/2024|A_/_H3N2|unassigned|2024-08-22|HA|4||EPI_ISL_19418473,2010.1
A/swine/Ohio/16TOSU8254/2016|A_/_H3N2|unassigned|2016-07-01|HA|4||EPI_ISL_280212,2010.1
"Influenza A virus (A/swine/Ohio/23TOSU1162/2023(H3Nx)) segment 4 hemagglutinin (HA) gene, complete cds |Alphainfluenzavirus influenzae|H3Nx|USA|Sus scrofa scrofa|2023-05-13|OR779259.1",
A/swine/Ohio/17TOSU5579/2017|A_/_H3N2|unassigned|2017-06-01|HA|4||EPI_ISL_373714,2010.1
A/swine/Iowa/A02525042/2020|A_/_H3N2|unassigned|2020-12-30|HA|4||EPI_ISL_4081930,2010.1
A/swine/Iowa/A02751573/2023|A_/_H3N2|3C.2|2023-02-10|HA|4||EPI_ISL_17353503,2010.1
A/swine/Iowa/A02215035/2017|A_/_H3N2|unassigned|2017-04-20|HA|4||EPI_ISL_267137,2010.1
A/swine/Oklahoma/00142/2003|A_/_H3N2|unassigned|2003-08-28|HA|4||EPI_ISL_151603,1990.4-like
A/swine/Iowa/ISU-A02861683/2023|A_/_H3N2|unassigned|2023-07-26|HA|4||EPI_ISL_18228684,2010.2
A/swine/North_Carolina/A01945726/2015|A_/_H3N2|unassigned|2015-10-19|HA|4||EPI_ISL_203105,1990.4.a
A/swine/Iowa/A02478672/2019|A_/_H3N2|unassigned|2019-09-09|HA|4||EPI_ISL_396145,1990.1
"Influenza A virus (A/swine/Kansas/A01785815/2019(H3N2)) segment 4 hemagglutinin (HA) gene, complete cds |Alphainfluenzavirus influenzae|H3N2|USA: Kansas|Sus scrofa|2019-01-04|MK445323.1",1990.4.a
A/swine/North_Carolina/A02077505/2015|A_/_H3N2|unassigned|2015-05-06|HA|4||EPI_ISL_190476,1990.4.a
"Influenza A virus (A/swine/USA/A01410908/2014(H3N2)) segment 4 hemagglutinin (HA) gene, complete cds |Alphainfluenzavirus influenzae|H3N2|USA|Sus scrofa|2014-05|KM027367.1",1990.4.a
A/swine/Iowa/A01398028/2013|A_/_H3N2|unassigned|2013-07-16|HA|4||EPI_ISL_145909,1990.4.b1
A/swine/Indiana/A02479308/2020|A_/_H3N2|unassigned|2020-05-04|HA|4||EPI_ISL_501669,2010.2
A/swine/Missouri/A01672702/2017|A_/_H3N2|unassigned|2017-02-03|HA|4||EPI_ISL_258626,2010.1
A/swine/Missouri/02980/2010|A_/_H3N2|unassigned|2010-02-16|HA|4||EPI_ISL_71947,1990.4
A/swine/Indiana/A01777672/2016|A_/_H3N2|unassigned|2016-07-06|HA|4||EPI_ISL_234964,1990.4.a
"Influenza A virus (A/swine/Iowa/20TOSU2450/2020(H3N2)) segment 4 hemagglutinin (HA) gene, complete cds |Alphainfluenzavirus influenzae|H3N2|USA|Sus scrofa scrofa|2020-07-10|OP656246.1",1990.4.a
"Influenza A virus (A/swine/Minnesota/A02221876/2017(H3N2)) segment 4 hemagglutinin (HA) gene, complete cds |Alphainfluenzavirus influenzae|H3N2|USA: Minnesota|Sus scrofa|2017-09-20|MG241379.1",2010.1
A/swine/North_Carolina/A01776152/2016|A_/_H3N2|unassigned|2016-06-01|HA|4||EPI_ISL_229216,1990.4.b2
A/swine/Minnesota/A02710709/2022|A_/_H3N2|unassigned|2022-07-06|HA|4||EPI_ISL_14937252,2010.1
A/swine/Iowa/20TOSU1803/2020|A_/_H3N2|unassigned|2020-07-09|HA|4||EPI_ISL_14224408,1990.4.a
A/swine/Iowa/A02479050/2020|A_/_H3N2|unassigned|2020-02-06|HA|4||EPI_ISL_503617,1990.4.a
A/swine/Indiana/13TOSU482/2013|A_/_H3N2|unassigned|2013-06-27|HA|4||EPI_ISL_146016,1990.4.a
A/swine/Ohio/14TOSU0294/2014|A_/_H3N2|unassigned|2014-08-04|HA|4||EPI_ISL_243756,1990.4.b1
A/swine/Iowa/A02862971/2024|A_/_H3N2|unassigned|2024-10-08|HA|4||EPI_ISL_19548130,2010.1
A/swine/Michigan/A02479299/2020|A_/_H3N2|unassigned|2020-05-01|HA|4||EPI_ISL_501672,1990.4.a
A/swine/Iowa/A02635809/2021|A_/_H3N2|unassigned|2021-05-07|HA|4||EPI_ISL_4083675,1990.4.a
A/swine/North_Carolina/A01555111/2014|A_/_H3N2|unassigned|2014-12-05|HA|4||EPI_ISL_174315,1990.4.a
A/swine/Iowa/13C019/2013|A_/_H3N2|unassigned|2013-03-26|HA|4||EPI_ISL_151136,1990.4.b2
A/swine/Iowa/A02750654/2022|A_/_H3N2|unassigned|2022-06-15|HA|4||EPI_ISL_14875149,2010.1
A/swine/North_Carolina/CD81015/2015|A_/_H3N2|3C.2a|2015-08-17|HA|4||EPI_ISL_4082107,1990.4
A/swine/Minnesota/A02245828/2020|A_/_H3N2|unassigned|2020-12-11|HA|4||EPI_ISL_4081886,1990.4.a
A/swine/Missouri/101680/2021|A_/_H3|3C.3a|2021-10-26|HA|4||EPI_ISL_19277996,1990.4.a
A/swine/Illinois/A01203812/2012|A_/_H3N2|unassigned|2012-09-01|HA|4||EPI_ISL_129801,1990.4.a
"Influenza A virus (A/swine/Oklahoma/A02710712/2024(H3N2)) segment 4 hemagglutinin (HA) gene, complete cds |Alphainfluenzavirus influenzae|H3N2|USA|Sus scrofa|2024-02-13|PP580016.1",2010.1
A/swine/Iowa/A02524809/2020|A_/_H3N2|unassigned|2020-10-28|HA|4||EPI_ISL_4081593,2010.1
A/swine/Minnesota/A01785497/2018|A_/_H3N2|unassigned|2018-04-05|HA|4||EPI_ISL_329224,2010.1
"Influenza A virus (A/swine/Alabama/A02267936/2018(H3N2)) segment 4 hemagglutinin (HA) gene, complete cds |Alphainfluenzavirus influenzae|H3N2|USA: Alabama|Sus scrofa|2018-10-03|MK156668.1",1990.1
A/swine/Minnesota/A01678509/2017|A_/_H3|3C.2|2017-10-02|HA|4||EPI_ISL_285504,2010.1
A/swine/Iowa/A01775597/2016|A_/_H3N2|unassigned|2016-05-19|HA|4||EPI_ISL_230191,2010.1
A/swine/Minnesota/A01397282/2013|A_/_H3N2|unassigned|2013-06-24|HA|4||EPI_ISL_147137,1990.4.b1
A/swine/Illinois/02907/2009|A_/_H3N2|unassigned|2009-10-21|HA|4||EPI_ISL_150526,1990.4
A/swine/Texas/A02246995/2021|A_/_H3N2|unassigned|2021-11-16|HA|4||EPI_ISL_14770029,2010.1
A/swine/Iowa/A02862839/2024|A_/_H3N2|unassigned|2024-08-22|HA|4||EPI_ISL_19436814,2010.1
A/swine/Kansas/A01378042/2019|A_/_H3N2|unassigned|2019-02-08|HA|4||EPI_ISL_371760,1990.4.a
A/swine/Indiana/17TOSU1840/2017|A_/_H3N1|3C.2|2017-07-01|HA|4||EPI_ISL_328739,2010.1
A/swine/Minnesota/A02171021/2018|A_/_H3N2|unassigned|2018-07-02|HA|4||EPI_ISL_327789,2010.1
"Influenza A virus (A/swine/Oklahoma/A02711708/2022(H3N?)) segment 4 hemagglutinin (HA) gene, complete cds |Alphainfluenzavirus influenzae|H3N?|USA: Oklahoma|Sus scrofa|2022-03-10|ON427055.1",2010.1
A/swine/Iowa/A02635919/2021|A_/_H3N2|unassigned|2021-06-21|HA|4||EPI_ISL_4084590,2010.1
A/swine/Indiana/A02750620/2022|A_/_H3N2|unassigned|2022-05-27|HA|4||EPI_ISL_14871356,1990.4.a
A/swine/Pennsylvania/A02635736/2021|A_/_H3N2|unassigned|2021-04-27|HA|4||EPI_ISL_4083597,1990.4.a
A/swine/Oklahoma/101889/2015|A_/_H3|unassigned|2015-02-26|HA|4||EPI_ISL_19279232,1990.4.a
A/swine/Oklahoma/008722/2007|A_/_H3N2|unassigned|2007-01-01|HA|4||EPI_ISL_63632,1990.4
A/swine/Kansas/A02245244/2019|A_/_H3N2|unassigned|2019-09-19|HA|4||EPI_ISL_396981,2010.1
A/swine/North_Carolina/A02751569/2023|A_/_H3N2|unassigned|2023-02-09|HA|4||EPI_ISL_17184174,1990.4.a
A/swine/Iowa/ISU-A02861901/2023|A_/_H3N2|unassigned|2023-10-11|HA|4||EPI_ISL_18758300,2010.1
A/swine/Iowa/100915/2019|A_/_H3|3C.2|2019-05-13|HA|4||EPI_ISL_19278386,2010.1
"Influenza A virus (A/swine/Ohio/22TOSU0438/2022(H3N2)) segment 4 hemagglutinin (HA) gene, complete cds |Alphainfluenzavirus influenzae|H3N2|USA|Sus scrofa scrofa|2022-04-23|OP871059.1",2010.1
A/swine/North_Carolina/A02427880/2018|A_/_H3N2|unassigned|2018-12-20|HA|4||EPI_ISL_376852,2010.1
A/swine/Illinois/A00843253/2015|A_/_H3N2|unassigned|2015-06-12|HA|4||EPI_ISL_206887,1990.4.a
A/swine/Iowa/A02858602/2025|A_/_H3N2|unassigned|2025-05-06|HA|4||EPI_ISL_19890486,2010.2
A/swine/Iowa/A01729543/2016|A_/_H3N2|unassigned|2016-01-12|HA|4||EPI_ISL_213796,1990.4.a
A/swine/Iowa/A01290414/2013|A_/_H3N2|unassigned|2013-09-01|HA|4||EPI_ISL_149670,1990.4.b1
A/swine/Iowa/A01049317/2010|A_/_H3N2|unassigned|2010-12-22|HA|4||EPI_ISL_93358,1990.4.b2
A/swine/Missouri/101709/2019|A_/_H3|3C.2|2019-12-03|HA|4||EPI_ISL_19278259,2010.1
A/swine/Iowa/A02636675/2022|A_/_H3N2|unassigned|2022-04-26|HA|4||EPI_ISL_14224166,2010.1
A/swine/Iowa/A02750768/2022|A_/_H3N2|unassigned|2022-08-08|HA|4||EPI_ISL_15215286,2010.1
A/swine/Iowa/A02214828/2017|A_/_H3N2|unassigned|2017-04-04|HA|4||EPI_ISL_272767,2010.1
A/swine/North_Carolina/A01476757/2014|A_/_H3N2|unassigned|2014-10-19|HA|4||EPI_ISL_181858,1990.4.a
A/swine/Iowa/A02016894/2018|A_/_H3N2|unassigned|2018-06-05|HA|4||EPI_ISL_328425,2010.1
A/swine/Minnesota/A02245758/2020|A_/_H3N2|unassigned|2020-10-22|HA|4||EPI_ISL_697778,2010.1
A/swine/Iowa/A01476055/2014|A_/_H3N2|unassigned|2014-07-01|HA|4||EPI_ISL_166567,1990.4.b1
A/swine/Minnesota/A02978904/2024|A_/_H3N2|unassigned|2024-05-09|HA|4||EPI_ISL_19328760,2010.1
A/swine/Iowa/A02861608/2023|A_/_H3N2|3C.3a|2023-06-26|HA|4||EPI_ISL_18042953,1990.4.a
A/swine/Iowa/101098/2008|A_/_H3|unassigned|2008-03-14|HA|4||EPI_ISL_19279526,1990.4
A/swine/Indiana/A02525243/2021|A_/_H3N2|unassigned|2021-03-04|HA|4||EPI_ISL_4082168,1990.4.a
A/swine/Minnesota/A01785621/2018|A_/_H3N2|unassigned|2018-09-12|HA|4||EPI_ISL_379780,2010.1
A/swine/Maryland/D0384/2013|A_/_H3N2|unassigned|2013-11-29|HA|4||EPI_ISL_207158,1990.4.a
A/swine/Utah/A02524471/2020|A_/_H3N2|unassigned|2020-06-30|HA|4||EPI_ISL_700965,2010.1
A/swine/Iowa/A02862436/2024|A_/_H3N2|3C.3a|2024-03-20|HA|4||EPI_ISL_19064621,1990.4.a
A/swine/Iowa/004556_02859040/2025|A_/_H3N1|unassigned|2025-11-05|HA|4||EPI_ISL_20389488,1990.4.i
A/swine/Illinois/A02751155/2022|A_/_H3N2|3C.2|2022-11-01|HA|4||EPI_ISL_16925095,2010.1
A/swine/Nebraska/A02863058/2024|A_/_H3N2|unassigned|2024-10-24|HA|4||EPI_ISL_19592589,2010.1
A/swine/Ohio/23-26/2023|A_/_H3N2|unassigned|2023-01-03|HA|4||EPI_ISL_20186010,2010.2
A/swine/Minnesota/A01847237/2015|A_/_H3N2|unassigned|2015-04-02|HA|4||EPI_ISL_188956,2010.1
A/swine/Missouri/A02525138/2021|A_/_H3N2|unassigned|2021-02-01|HA|4||EPI_ISL_4082013,1990.4.a
A/swine/Minnesota/A02136839/2017|A_/_H3N2|unassigned|2017-11-21|HA|4||EPI_ISL_297122,2010.1
A/swine/Iowa/20TOSU2116/2020|A_/_H3N2|unassigned|2020-07-10|HA|4||EPI_ISL_14224337,1990.4.a
A/swine/Minnesota/A02245205/2019|A_/_H3N2|unassigned|2019-07-26|HA|4||EPI_ISL_393503,2010.1
A/swine/Illinois/101318/2011|A_/_H3|3C.2|2011-12-16|HA|4||EPI_ISL_19279395,1990.4.a
A/swine/Illinois/101660/2022|A_/_H3|3C.3a|2022-02-01|HA|4||EPI_ISL_19277942,1990.4.a
A/swine/North_Carolina/A02525344/2021|A_/_H3N2|unassigned|2021-04-05|HA|4||EPI_ISL_4083548,1990.4.a
A/swine/Ohio/15TOSU0964/2015|A_/_H3N2|unassigned|2015-09-26|HA|4||EPI_ISL_243770,1990.4.b1
A/swine/North_Carolina/A02858663/2025|A_/_H3N2|unassigned|2025-05-21|HA|4||EPI_ISL_20051680,1990.4.a
A/swine/Missouri/A02524456/2020|A_/_H3N2|unassigned|2020-06-22|HA|4||EPI_ISL_499264,1990.4.a
A/swine/Illinois/A01462644/2015|A_/_H3N2|unassigned|2015-01-29|HA|4||EPI_ISL_177877,1990.4.a
A/swine/Illinois/ISU-A02862053/2023|A_/_H3N2|3C.2|2023-11-17|HA|4||EPI_ISL_18777102,2010.1
A/swine/Illinois/100751/2021|A_/_H3|3C.3a|2021-02-19|HA|4||EPI_ISL_19278059,1990.4.a
A/swine/Iowa/A02524685/2020|A_/_H3N2|unassigned|2020-10-01|HA|4||EPI_ISL_697647,2010.1
"Influenza A virus (A/swine/Ohio/A02635995/2021(H3N2)) segment 4 hemagglutinin (HA) gene, complete cds |Alphainfluenzavirus influenzae|H3N2|USA: Ohio|Sus scrofa|2021-07-28|OK047453.1",1990.4.a
A/swine/North_Carolina/A01476848/2014|A_/_H3N2|unassigned|2014-10-21|HA|4||EPI_ISL_181269,1990.4.a
A/swine/Iowa/A02711712/2022|A_/_H3N2|unassigned|2022-03-21|HA|4||EPI_ISL_14835207,2010.1
A/swine/Minnesota/SG1294/2007|A_/_H3N2|unassigned|2007-04-05|HA|4||EPI_ISL_150888,1990.4
A/swine/Nebraska/A01241114/2012|A_/_H3N2|unassigned|2012-01-10|HA|4||EPI_ISL_124324,1990.4.f
A/swine/Minnesota/SG1176/2003|A_/_H3N2|unassigned|2003-06-17|HA|4||EPI_ISL_151612,1990.4
A/swine/Pennsylvania/A02862288/2024|A_/_H3N2|unassigned|2024-02-06|HA|4||EPI_ISL_19029328,1990.4.a
A/swine/North_Carolina/A01202766/2011|A_/_H3N2|unassigned|2011-10-20|HA|4||EPI_ISL_103847,1990.4.k
A/swine/Indiana/A01812202/2016|A_/_H3N2|unassigned|2016-04-24|HA|4||EPI_ISL_234244,1990.4.a
A/swine/Nebraska/I048370/2024|A_/_H3N2|unassigned|2024-05-07|HA|4||EPI_ISL_19283989,1990.4.i
A/swine/Nebraska/A02525176/2021|A_/_H3N2|unassigned|2021-02-10|HA|4||EPI_ISL_4082029,2010.1
A/swine/Indiana/22TOSU3122/2022|A_/_H3N2|3C.2|2022-07-31|HA|4||EPI_ISL_17409641,2010.1
"Influenza A virus (A/swine/Iowa/22TOSU1691/2022(H3N2)) segment 4 hemagglutinin (HA) gene, complete cds |Alphainfluenzavirus influenzae|H3N2|USA|Sus scrofa scrofa|2022-06-16|OP870942.1",2010.1
A/swine/Iowa/A02525351/2021|A_/_H3N2|unassigned|2021-04-07|HA|4||EPI_ISL_4083555,2010.1
A/swine/Missouri/100640/2020|A_/_H3|unassigned|2020-01-10|HA|4||EPI_ISL_19278235,2010.1
A/swine/North_Carolina/A02711714/2022|A_/_H3N2|unassigned|2022-03-30|HA|4||EPI_ISL_14835326,1990.4.a
A/swine/North_Carolina/ISU-A02862105/2023|A_/_H3N2|unassigned|2023-12-05|HA|4||EPI_ISL_18737875,2010.1
A/swine/Ohio/A02684928/2023|A_/_H3N2|unassigned|2023-03-27|HA|4||EPI_ISL_18054524,2010.2
A/swine/North_Carolina/A01729547/2016|A_/_H3N2|unassigned|2016-01-11|HA|4||EPI_ISL_213789,1990.4.a
A/swine/Minnesota/MT_12_07_11_3_1/2011|A_/_H3N2|unassigned|2011-12-09|HA|4||EPI_ISL_271658,1990.4.b2
A/swine/Iowa/100845/2018|A_/_H3|3C.2|2018-08-23|HA|4||EPI_ISL_19278563,2010.1
A/swine/Iowa/A02171020/2018|A_/_H3N2|unassigned|2018-07-02|HA|4||EPI_ISL_327785,2010.1
A/swine/United_State/A01410955/2014|A_/_H3N2|unassigned|2014-06-13|HA|4||EPI_ISL_165174,1990.4.a
A/swine/Indiana/A02751592/2023|A_/_H3N2|unassigned|2023-02-14|HA|4||EPI_ISL_17353479,2010.1
"Influenza A virus (A/swine/Indiana/23TOSU2401/2023(H3N2)) segment 4 hemagglutinin (HA) gene, complete cds |Alphainfluenzavirus influenzae|H3N2|USA|Sus scrofa scrofa|2023-07-13|PP461262.1",1990.4.a
A/swine/Ohio/12TOSU268/2012|A_/_H3N2|unassigned|2012-07-28|HA|4||EPI_ISL_129365,1990.4.a
A/swine/Indiana/A02863193/2024|A_/_H3N2|unassigned|2024-11-26|HA|4||EPI_ISL_19678846,1990.4.a
A/swine/Iowa/A02525221/2021|A_/_H3N2|unassigned|2021-03-01|HA|4||EPI_ISL_4082066,2010.1
A/swine/Minnesota/5947/2007|A_/_H3N2|unassigned|2007-02-20|HA|4||EPI_ISL_63618,1990.4
A/swine/Kansas/A02479379/2020|A_/_H3N2|unassigned|2020-05-19|HA|4||EPI_ISL_501784,2010.1
A/swine/Iowa/A01410752/2014|A_/_H3N2|unassigned|2014-04-01|HA|4||EPI_ISL_165090,1990.4.a
A/swine/Ohio/A02524829/2020|A_/_H3N2|unassigned|2020-10-29|HA|4||EPI_ISL_4081629,1990.4.a
A/swine/North_Carolina/A02429804/2019|A_/_H3N2|unassigned|2019-01-15|HA|4||EPI_ISL_373511,2010.1
A/swine/Arkansas/A02861470/2023|A_/_H3N2|3C.2a1b.2a.2|2023-05-03|HA|4||EPI_ISL_17885889,2010.2
A/swine/North_Carolina/A02214438/2017|A_/_H3N2|unassigned|2017-04-05|HA|4||EPI_ISL_264217,1990.4.b2
A/swine/Indiana/ISU-A02861862/2023|A_/_H3N2|unassigned|2023-10-03|HA|4||EPI_ISL_18755188,2010.2
A/swine/Kentucky/17TOSU6521/2017|A_/_H3N2|unassigned|2017-07-01|HA|4||EPI_ISL_373654,2010.1
A/swine/Pennsylvania/A02751588/2023|A_/_H3N2|3C.3a|2023-02-13|HA|4||EPI_ISL_17353497,1990.4.a
A/swine/Illinois/100732/2020|A_/_H3|3C.3a|2020-12-17|HA|4||EPI_ISL_19278080,1990.4.a
A/swine/Iowa/A02431613/2019|A_/_H3N2|unassigned|2019-03-21|HA|4||EPI_ISL_370240,1990.4.a
A/swine/Illinois/A01057088/2010|A_/_H3N2|unassigned|2010-04-28|HA|4||EPI_ISL_87555,1990.4
"Influenza A virus (A/swine/Iowa/A02750785/2022(H3N2)) segment 4 hemagglutinin (HA) gene, complete cds |Alphainfluenzavirus influenzae|H3N2|USA: Iowa|Sus scrofa|2022-08-10|OP454961.1",2010.1
A/swine/Utah/A02479278/2020|A_/_H3N2|unassigned|2020-04-21|HA|4||EPI_ISL_502896,2010.1
A/swine/Indiana/17TOSU1123/2017|A_/_H3N2|unassigned|2017-06-01|HA|4||EPI_ISL_379351,2010.1
A/swine/Iowa/A02214657/2017|A_/_H3N2|unassigned|2017-03-30|HA|4||EPI_ISL_266548,2010.1
A/swine/Iowa/A02216459/2017|A_/_H3N2|unassigned|2017-05-30|HA|4||EPI_ISL_273340,2010.1
A/swine/Wyoming/A01445296/2013|A_/_H3N2|unassigned|2013-02-08|HA|4||EPI_ISL_138862,1990.4.a
A/swine/Kansas/A01377090/2013|A_/_H3N2|unassigned|2013-10-10|HA|4||EPI_ISL_151926,1990.4.a
A/swine/Iowa/ISU-A02862171/2023|A_/_H3N2|unassigned|2023-12-19|HA|4||EPI_ISL_18847088,2010.1
A/swine/Indiana/108528_02858920/2025|A_/_H3N2|unassigned|2025-10-21|HA|4||EPI_ISL_20252096,2010.2
A/SW/Nebraska/Q033619/2025|A_/_H3N2|unassigned|2025-03-25|HA|4||EPI_ISL_20327348,2010.1
A/swine/Okhaloma/A02978463/2023|A_/_H3N2|unassigned|2023-03-30|HA|4||EPI_ISL_17986886,2010.1
A/swine/Indiana/100792/2021|A_/_H3|3C.2|2021-12-06|HA|4||EPI_ISL_19277979,2010.1
A/swine/Minnesota/A02245563/2020|A_/_H3N2|unassigned|2020-03-26|HA|4||EPI_ISL_504148,2010.1
A/swine/Ohio/11795/2019|A_/_H3N2|unassigned|2019-05-21|HA|4||EPI_ISL_17204290,2010.1
A/swine/Ohio/14TOSU0143/2014|A_/_H3N2|unassigned|2014-01-01|HA|4||EPI_ISL_200874,1990.4.b1
A/swine/Iowa/A02431885/2019|A_/_H3N2|unassigned|2019-03-25|HA|4||EPI_ISL_366318,2010.1
A/swine/North_Carolina/A01785631/2018|A_/_H3N2|unassigned|2018-10-01|HA|4||EPI_ISL_379938,2010.1
A/swine/Iowa/A02862972/2024|A_/_H3N2|unassigned|2024-10-08|HA|4||EPI_ISL_19548131,2010.1
A/swine/Iowa/A02750908/2022|A_/_H3N2|unassigned|2022-09-20|HA|4||EPI_ISL_16215591,2010.1
A/swine/Michigan/101570/2019|A_/_H3|3C.2|2019-09-16|HA|4||EPI_ISL_19278328,2010.1
A/swine/Wisconsin/H02AS8/2002|A_/_H3N2|unassigned|2002-01-01|HA|4||EPI_ISL_129582,1990.4-like
A/swine/Illinois/101730/2018|A_/_H3|3C.2a1|2018-12-27|HA|4||EPI_ISL_19278470,2010.2
"Influenza A virus (A/swine/Indiana/23TOSU2893/2023(H3Nx)) segment 4 hemagglutinin (HA) gene, complete cds |Alphainfluenzavirus influenzae|H3Nx|USA|Sus scrofa scrofa|2023-07-27|PP445579.1",1990.4.a
A/swine/Iowa/A01476395/2014|A_/_H3N2|unassigned|2014-09-10|HA|4||EPI_ISL_167432,1990.4.b1
A/swine/Nebraska/9330/2006|A_/_H3N2|unassigned|2006-06-01|HA|4||EPI_ISL_142715,1990.4
"Influenza A virus (A/swine/Iowa/A02750961/2022(H3N2)) segment 4 hemagglutinin (HA) gene, complete cds |Alphainfluenzavirus influenzae|H3N2|USA: Iowa|Sus scrofa|2022-10-05|OP903605.1",2010.1
A/swine/Iowa/A02479305/2020|A_/_H3N2|unassigned|2020-05-04|HA|4||EPI_ISL_501670,2010.1
A/swine/North_Carolina/A01785582/2018|A_/_H3N2|unassigned|2018-07-05|HA|4||EPI_ISL_327794,2010.1
A/swine/Iowa/MT_12_07_11_2_20/2011|A_/_H3N2|unassigned|2011-11-22|HA|4||EPI_ISL_271643,1990.4.f
A/swine/Arkansas/SG1295/2008|A_/_H3N2|unassigned|2008-05-15|HA|4||EPI_ISL_150880,1990.4
A/swine/Nebraska/A02246909/2021|A_/_H3N2|unassigned|2021-12-29|HA|4||EPI_ISL_14770889,2010.1
A/swine/Pennsylvania/602170-4/2010|A_/_H3N2|unassigned|2010-10-25|HA|4||EPI_ISL_89370,1990.4.k
A/swine/Indiana/17TOSU2854/2017|A_/_H3N2|unassigned|2017-06-01|HA|4||EPI_ISL_373573,2010.1
A/swine/Montana/A01327551/2012|A_/_H3N2|unassigned|2012-04-13|HA|4||EPI_ISL_130007,1990.4.f
A/swine/Iowa/A02524683/2020|A_/_H3N2|unassigned|2020-10-01|HA|4||EPI_ISL_697653,2010.1
A/swine/Pennsylvania/A02525204/2021|A_/_H3N2|unassigned|2021-02-23|HA|4||EPI_ISL_4082055,1990.4.a
A/swine/Iowa/A02862647/2024|A_/_H3N2|unassigned|2024-07-25|HA|4||EPI_ISL_19301237,2010.1
A/swine/North_Carolina/A02223299/2017|A_/_H3N2|unassigned|2017-10-10|HA|4||EPI_ISL_296676,1990.4.b2
A/swine/Iowa/CEIRR-C100046/2023|A_/_H3N2|unassigned|2023-10-24|HA|4||EPI_ISL_18847074,2010.1
A/swine/North_Carolina/A01475277/2014|A_/_H3N2|unassigned|2014-04-01|HA|4||EPI_ISL_162319,1990.4.a
A/swine/Illinois/100625/2019|A_/_H3|3C.3a|2019-11-27|HA|4||EPI_ISL_19278261,1990.4.a
A/swine/Illinois/A01241842/2012|A_/_H3N2|unassigned|2012-02-27|HA|4||EPI_ISL_124323,1990.4.a
A/swine/North_Carolina/A01785294/2017|A_/_H3N2|unassigned|2017-09-13|HA|4||EPI_ISL_283421,2010.1
A/swine/Nebraska/I008615/2024|A_/_H3N2|unassigned|2024-01-01|HA|4||EPI_ISL_19283985,1990.4.i
A/swine/Minnesota/A01076196/2010|A_/_H3N2|unassigned|2010-02-28|HA|4||EPI_ISL_104803,1990.4.b2
A/swine/Minnesota/A01442898/2012|A_/_H3N2|unassigned|2012-12-18|HA|4||EPI_ISL_135951,1990.4.b1
A/swine/Iowa/A02524591/2020|A_/_H3N2|unassigned|2020-08-31|HA|4||EPI_ISL_707316,1990.4.a
A/swine/Iowa/A02525153/2021|A_/_H3N2|unassigned|2021-02-09|HA|4||EPI_ISL_4082037,2010.1
A/swine/Kansas/12-165022/2012|A_/_H3N2|unassigned|2012-12-31|HA|4||EPI_ISL_140922,1990.4.d
"Influenza A virus (A/swine/North Carolina/A01555522/2015(H3N2)) segment 4 hemagglutinin (HA) gene, complete cds |Alphainfluenzavirus influenzae|H3N2|USA: North Carolina|Sus scrofa|2015-02-03|KP901336.1",1990.4.a
A/swine/Iowa/A02157795/2018|A_/_H3N2|unassigned|2018-04-10|HA|4||EPI_ISL_329208,2010.1
A/swine/Nebraska/A01395901/2013|A_/_H3N2|unassigned|2013-12-10|HA|4||EPI_ISL_156311,1990.4.a
A/swine/North_Caroiina/A02979254/2024|A_/_H3N2|unassigned|2024-09-17|HA|4||EPI_ISL_19556773,1990.4.b1
A/swine/Illinois/A02861426/2023|A_/_H3N2|unassigned|2023-04-25|HA|4||EPI_ISL_17805847,1990.4.b2
A/swine/Iowa/13H065/2013|A_/_H3N2|unassigned|2013-08-28|HA|4||EPI_ISL_164907,1990.4.a
A/swine/Iowa/C000244/2023|A_/_H3N2|3C.2|2023-12-22|HA|4||EPI_ISL_19262298,2010.1
A/swine/Iowa/A01290860/2013|A_/_H3N2|unassigned|2013-11-01|HA|4||EPI_ISL_154606,1990.4.a
A/swine/Texas/00226/2003|A_/_H3N2|unassigned|2003-12-04|HA|4||EPI_ISL_151604,1990.4
A/swine/Iowa/00186/2003|A_/_H3N2|unassigned|2003-10-02|HA|4||EPI_ISL_151214,1990.4
A/swine/North_Carolina/A02978929/2025|A_/_H3N2|unassigned|2025-05-26|HA|4||EPI_ISL_20100702,2010.1
A/swine/Iowa/A01049254/2010|A_/_H3N2|unassigned|2010-12-09|HA|4||EPI_ISL_93356,1990.4
A/swine/Iowa/63607-19/2008|A_/_H3N2|unassigned|2008-01-01|HA|4||EPI_ISL_30298,1990.4
A/swine/North_Carolina/A01895772/2016|A_/_H3N2|unassigned|2016-04-15|HA|4||EPI_ISL_225509,1990.4.a
A/swine/Minnesota/A01785909/2019|A_/_H3N2|unassigned|2019-01-24|HA|4||EPI_ISL_374109,2010.1
A/swine/Iowa/13H087/2013|A_/_H3N2|unassigned|2013-08-28|HA|4||EPI_ISL_153855,1990.4.a
A/swine/Iowa/A02478747/2019|A_/_H3N2|unassigned|2019-10-11|HA|4||EPI_ISL_399615,2010.1
"Influenza A virus (A/swine/Ohio/OH19-21531-3/2019(H3N1)) segment 4 hemagglutinin (HA) gene, complete cds |Alphainfluenzavirus influenzae|H3N1|USA: Ohio|Sus scrofa|2019-09-30|OQ759614.1",2010.1
A/swine/Iowa/A02635812/2021|A_/_H3N2|unassigned|2021-05-10|HA|4||EPI_ISL_4083701,1990.4.a
A/swine/Ohio/24-30159-3/2024|A_/_H3N2|unassigned|2024-11-10|HA|4||EPI_ISL_20187720,2010.1
A/swine/North_Carolina/A01732941/2016|A_/_H3N2|unassigned|2016-03-07|HA|4||EPI_ISL_222087,1990.4.a
A/swine/Indiana/14TOSU8041/2014|A_/_H3N2|unassigned|2014-01-01|HA|4||EPI_ISL_200877,1990.4.b1
A/swine/Michigan/16TOSU3395/2016|A_/_H3N2|unassigned|2016-06-18|HA|4||EPI_ISL_254041,1990.4.a
A/swine/Ohio/OH20-11160/2020|A_/_H3N2|3C.3a|2020-06-02|HA|4||EPI_ISL_17373089,1990.4.a
A/swine/Ohio/A02751108/2022|A_/_H3N2|unassigned|2022-10-26|HA|4||EPI_ISL_16854567,1990.4.a
A/swine/Iowa/A02525161/2021|A_/_H3N2|unassigned|2021-02-10|HA|4||EPI_ISL_4082044,1990.4
A/swine/Oregon/A01104094/2016|A_/_H3N2|unassigned|2016-06-04|HA|4||EPI_ISL_266454,2010.1
A/swine/Iowa/A01202530/2011|A_/_H3N2|unassigned|2011-08-22|HA|4||EPI_ISL_124247,1990.4.a
A/swine/North_Carolina/A02256427/2018|A_/_H3N2|unassigned|2018-08-13|HA|4||EPI_ISL_381079,2010.1
A/swine/North_Carolina/R08-001877-D08-013371/2008|A_/_H3N2|unassigned|2008-01-01|HA|4||EPI_ISL_31593,1990.4
A/swine/Minnesota/A01785920/2019|A_/_H3N2|unassigned|2019-01-31|HA|4||EPI_ISL_374112,2010.1
A/swine/Minnesota/A01785718/2018|A_/_H3N2|unassigned|2018-10-24|HA|4||EPI_ISL_379465,2010.1
A/swine/Iowa/A02862899/2024|A_/_H3N2|unassigned|2024-09-19|HA|4||EPI_ISL_19501194,2010.1
A/swine/Missouri/A01555163/2014|A_/_H3N2|unassigned|2014-12-12|HA|4||EPI_ISL_173671,1990.4.a
A/swine/Iowa/A02862333/2024|A_/_H3N2|unassigned|2024-02-26|HA|4||EPI_ISL_19126041,2010.1
A/swine/Indiana/A01260284/2013|A_/_H3N2|unassigned|2013-04-30|HA|4||EPI_ISL_143500,1990.4.a
A/swine/Iowa/A02478575/2019|A_/_H3N2|unassigned|2019-07-01|HA|4||EPI_ISL_388058,2010.1
A/swine/Minnesota/A01203517/2012|A_/_H3N2|unassigned|2012-05-15|HA|4||EPI_ISL_124050,1990.4.b1
A/swine/Iowa/A01944211/2015|A_/_H3N2|unassigned|2015-09-28|HA|4||EPI_ISL_201868,1990.4.a
A/swine/Indiana/A01432492/2013|A_/_H3N2|unassigned|2013-03-01|HA|4||EPI_ISL_138992,1990.4.a
A/swine/USA/28/2018|A_/_H3N2|3C.2a1|2018-11-12|HA|4||EPI_ISL_505861,2010.2
A/swine/Ohio/16TOSU5162/2016|A_/_H3N2|unassigned|2016-08-01|HA|4||EPI_ISL_280248,2010.1
"Influenza A virus (A/swine/Ohio/A02751021/2022(H3N2)) segment 4 hemagglutinin (HA) gene, complete cds |Alphainfluenzavirus influenzae|H3N2|USA: Ohio|Sus scrofa|2022-10-18|OP903613.1",2010.1
A/swine/Minnesota/A02245303/2019|A_/_H3N2|unassigned|2019-10-24|HA|4||EPI_ISL_399708,2010.1
A/swine/Iowa/A02135880/2017|A_/_H3N2|unassigned|2017-11-07|HA|4||EPI_ISL_296277,2010.1
A/swine/Illinois/A01202978/2011|A_/_H3N2|unassigned|2011-12-16|HA|4||EPI_ISL_127583,1990.4.a
"Influenza A virus (A/swine/Ohio/22TOSU0644/2022(H3N2)) segment 4 hemagglutinin (HA) gene, complete cds |Alphainfluenzavirus influenzae|H3N2|USA|Sus scrofa scrofa|2022-05-14|OP870164.1",2010.1
A/swine/Iowa/A02862919/2024|A_/_H3N2|unassigned|2024-09-25|HA|4||EPI_ISL_19521831,2010.1
A/swine/Ohio/23-27426-6/2023|A_/_H3N2|unassigned|2023-11-09|HA|4||EPI_ISL_20185884,2010.1
A/swine/Indiana/A01049349/2010|A_/_H3N2|unassigned|2010-12-29|HA|4||EPI_ISL_102558,1990.4
A/swine/Minnesota/A01785531/2018|A_/_H3N2|unassigned|2018-05-01|HA|4||EPI_ISL_328767,2010.1
A/swine/Iowa/G47670/2023|A_/_H3N2|3C.2|2023-05-12|HA|4||EPI_ISL_18144133,2010.1
A/swine/North_Carolina/01484/2006|A_/_H3N2|unassigned|2006-11-03|HA|4||EPI_ISL_150842,1990.4
"Influenza A virus (A/swine/Minnesota/A02980470/2025(H3N2)) segment 4 hemagglutinin (HA) gene, complete cds |Alphainfluenzavirus influenzae|H3N2|USA|Sus scrofa|2025-04-07|PV702727.1",2010.1
A/swine/Kansas/A02978480/2023|A_/_H3N2|unassigned|2023-05-01|HA|4||EPI_ISL_17809150,2010.1
A/swine/Minnesota/A02751436/2022|A_/_H3N2|unassigned|2022-12-27|HA|4||EPI_ISL_17184146,1990.4.a
A/swine/Ohio/17TOSU7274/2017|A_/_H3N2|unassigned|2017-08-01|HA|4||EPI_ISL_379353,2010.1
A/swine/Minnesota/A02712632/2022|A_/_H3N2|3C.3a|2022-11-30|HA|4||EPI_ISL_16891369,1990.4.a
A/swine/Iowa/A02750712/2022|A_/_H3N2|unassigned|2022-07-15|HA|4||EPI_ISL_14931858,1990.4.a
A/swine/Kansas/A02862984/2024|A_/_H3N2|3C.2|2024-10-16|HA|4||EPI_ISL_19554446,2010.1
A/swine/Iowa/100972/2019|A_/_H3|3C.3a|2019-12-04|HA|4||EPI_ISL_19278258,1990.4.a
A/swine/Iowa/MT_12_07_1914/2012|A_/_H3N2|unassigned|2012-02-27|HA|4||EPI_ISL_271653,1990.4.f
A/swine/Ohio/A02862443/2024|A_/_H3N2|unassigned|2024-03-21|HA|4||EPI_ISL_19095225,2010.2
A/swine/Indiana/A01202621/2011|A_/_H3N2|unassigned|2011-09-28|HA|4||EPI_ISL_124316,1990.4.a
A/swine/Iowa/A02861505/2023|A_/_H3N2|unassigned|2023-05-11|HA|4||EPI_ISL_18037858,2010.1
A/swine/Iowa/A01797426/2015|A_/_H3N2|unassigned|2015-11-17|HA|4||EPI_ISL_208919,2010.1
A/swine/Illinois/101563/2019|A_/_H3|unassigned|2019-01-17|HA|4||EPI_ISL_19278456,2010.1
A/swine/Illinois/101248/2010|A_/_H3|3C.2|2010-12-02|HA|4||EPI_ISL_19279401,1990.4
A/swine/Illinois/A02635728/2021|A_/_H3N2|unassigned|2021-04-20|HA|4||EPI_ISL_4083619,2010.1
A/swine/Ohio/ISU-A02862213/2024|A_/_H3N2|unassigned|2024-01-10|HA|4||EPI_ISL_18934817,2010.2
A/swine/Indiana/A02524710/2020|A_/_H3N2|3C.2a1|2020-10-07|HA|4||EPI_ISL_697709,2010.2
A/swine/Indiana/A02858566/2025|A_/_H3N2|3C.2|2025-04-28|HA|4||EPI_ISL_19885006,2010.1
A/swine/North_Carolina/A01785552/2018|A_/_H3N2|unassigned|2018-05-18|HA|4||EPI_ISL_328411,2010.1
"Influenza A virus (A/swine/Texas/A01785724/2018(H3N2)) segment 4 hemagglutinin (HA) gene, complete cds |Alphainfluenzavirus influenzae|H3N2|USA: Texas|Sus scrofa|2018-10-29|MK176502.1",1990.4.a
A/swine/Iowa/21TOSU0819/2021|A_/_H3N2|3C.2|2021-05-27|HA|4||EPI_ISL_18005787,2010.1
A/swine/Indiana/A01729045/2016|A_/_H3N2|unassigned|2016-01-07|HA|4||EPI_ISL_212213,1990.4.b2
A/swine/Ohio/28146/2019|A_/_H3N2|3C.3a|2019-12-30|HA|4||EPI_ISL_17204298,1990.4.a
A/swine/USA/A01409276/2013|A_/_H3N2|unassigned|2013-11-01|HA|4||EPI_ISL_154629,1990.4.a
A/swine/Minnesota/A01301345/2012|A_/_H3N2|unassigned|2012-08-02|HA|4||EPI_ISL_130132,1990.4.f
A/swine/Illinois/A01432795/2013|A_/_H3N2|unassigned|2013-06-01|HA|4||EPI_ISL_144537,1990.4.a
A/swine/Nebraska/A01240867/2012|A_/_H3N2|unassigned|2012-01-03|HA|4||EPI_ISL_130146,1990.4.f
A/swine/Ohio/OH21-25418/2021|A_/_H3N2|3C.3a|2021-10-29|HA|4||EPI_ISL_17760626,1990.4.a
A/swine/Illinois/A01202825/2011|A_/_H3N2|unassigned|2011-11-09|HA|4||EPI_ISL_127814,1990.4.f
"Influenza A virus (A/swine/North Carolina/A02979335/2024(H3N2)) segment 4 hemagglutinin (HA) gene, complete cds |Alphainfluenzavirus influenzae|H3N2|USA|Sus scrofa|2024-11-19|PQ851358.1",2010.1
A/swine/Nebraska/101655/2022|A_/_H3|3C.2|2022-02-28|HA|4||EPI_ISL_19277937,2010.1
A/swine/Nebraska/A01491325/2014|A_/_H3N2|unassigned|2014-01-27|HA|4||EPI_ISL_157156,1990.4.a
A/swine/Minnesota/A02245663/2020|A_/_H3N2|unassigned|2020-05-28|HA|4||EPI_ISL_499229,2010.1
A/swine/Iowa/A02635920/2021|A_/_H3N2|unassigned|2021-06-18|HA|4||EPI_ISL_4084555,2010.1
A/swine/Ohio/A02751292/2022|A_/_H3N2|3C.2a1b.2a.2a.1|2022-12-01|HA|4||EPI_ISL_16891307,Other-Human-2020
A/swine/Iowa/ISU-A02861976/2023|A_/_H3N2|unassigned|2023-11-02|HA|4||EPI_ISL_18777122,2010.1
A/swine/Iowa/A02636318/2021|A_/_H3N2|unassigned|2021-09-28|HA|4||EPI_ISL_14770541,2010.1
A/swine/Ohio/13TOSU2194/2013|A_/_H3N2|unassigned|2013-01-01|HA|4||EPI_ISL_16706630,1990.4.a
A/swine/Iowa/A02863008/2024|A_/_H3N2|3C.2|2024-10-14|HA|4||EPI_ISL_19554453,2010.1
A/swine/Ohio/11SW87/2011|A_/_H3N2|unassigned|2011-08-05|HA|4||EPI_ISL_133873,1990.4.a
A/swine/Iowa/A01944835/2015|A_/_H3N2|unassigned|2015-10-27|HA|4||EPI_ISL_205324,1990.4.a
A/swine/Iowa/A02478878/2019|A_/_H3N2|unassigned|2019-11-14|HA|4||EPI_ISL_503403,1990.4.a
A/swine/Iowa/104695_02858897/2025|A_/_H3N2|unassigned|2025-10-06|HA|4||EPI_ISL_20247434,2010.1
A/swine/Kansas/A02978511/2023|A_/_H3N2|unassigned|2023-05-04|HA|4||EPI_ISL_18090345,2010.1
A/swine/Nebraska/A01271549/2012|A_/_H3N2|unassigned|2012-10-29|HA|4||EPI_ISL_133009,1990.4.f
A/swine/Illinois/A01201770/2011|A_/_H3N2|unassigned|2011-06-19|HA|4||EPI_ISL_116360,1990.4
"Influenza A virus (A/swine/Iowa/A02861264/2023(H3N2)) segment 4 hemagglutinin (HA) gene, complete cds |Alphainfluenzavirus influenzae|H3N2|USA: Iowa|Sus scrofa|2023-03-06|OQ836500.1",1990.4.a
"Influenza A virus (A/swine/Iowa/A02221872/2017(H3N2)) segment 4 hemagglutinin (HA) gene, complete cds |Alphainfluenzavirus influenzae|H3N2|USA: Iowa|Sus scrofa|2017-09-19|MG241363.1",2010.1
A/swine/Arkansas/A01678578/2018|A_/_H3N2|3C.2a1|2018-08-09|HA|4||EPI_ISL_327179,2010.2
A/swine/Nebraska/A02257337/2018|A_/_H3N2|unassigned|2018-09-14|HA|4||EPI_ISL_379809,1990.4.a
A/swine/Arizona/A02524632/2020|A_/_H3N2|unassigned|2020-09-11|HA|4||EPI_ISL_697530,1990.4.a
A/swine/North_Carolina/A02524712/2020|A_/_H3N2|unassigned|2020-10-08|HA|4||EPI_ISL_697710,1990.4.a
A/swine/Iowa/A02636362/2022|A_/_H3N2|unassigned|2022-01-05|HA|4||EPI_ISL_14775516,1990.4.a
A/swine/Minnesota/A02524797/2020|A_/_H3N2|unassigned|2020-10-27|HA|4||EPI_ISL_4081601,1990.4.i
A/swine/North_Carolina/A02524478/2020|A_/_H3N2|unassigned|2020-07-01|HA|4||EPI_ISL_700969,1990.4.a
A/swine/Minnesota/A02861557/2023|A_/_H3N2|unassigned|2023-06-06|HA|4||EPI_ISL_18037874,2010.1
A/swine/Iowa/K019093/2024|A_/_H3N2|unassigned|2024-02-22|HA|4||EPI_ISL_19283980,2010.1
A/swine/North_Carolina/A02750736/2022|A_/_H3N2|unassigned|2022-07-26|HA|4||EPI_ISL_14937148,1990.4.a
A/swine/Iowa/A02636490/2022|A_/_H3N2|unassigned|2022-02-14|HA|4||EPI_ISL_14777813,1990.4.a
A/swine/Indiana/A02479148/2020|A_/_H3N2|unassigned|2020-03-18|HA|4||EPI_ISL_504079,1990.4.a
A/swine/North_Carolina/SG1230/2005|A_/_H3N2|unassigned|2005-03-16|HA|4||EPI_ISL_150831,1990.4
A/swine/North_Carolina/A02140803/2018|A_/_H3N2|unassigned|2018-01-10|HA|4||EPI_ISL_299529,2010.1
A/swine/Iowa/A02862957/2024|A_/_H3N2|3C.2|2024-10-10|HA|4||EPI_ISL_19548158,2010.1
"Influenza A virus (A/swine/Minnesota/A02861274/2023(H3N2)) segment 4 hemagglutinin (HA) gene, complete cds |Alphainfluenzavirus influenzae|H3N2|USA: Minnesota|Sus scrofa|2023-03-07|OQ836510.1",2010.1
A/swine/Ohio/OH-22545/2021|A_/_H3N2|3C.3a|2021-09-30|HA|4||EPI_ISL_17471888,1990.4.a
A/swine/Ohio/A02863103/2024|A_/_H3N2|unassigned|2024-11-04|HA|4||EPI_ISL_19603475,2010.2
A/swine/Iowa/A02751463/2023|A_/_H3N2|unassigned|2023-01-12|HA|4||EPI_ISL_17184163,2010.1
A/swine/Iowa/A02478632/2019|A_/_H3N2|unassigned|2019-09-04|HA|4||EPI_ISL_393552,2010.1
A/swine/Wyoming/A01380322/2013|A_/_H3N2|unassigned|2013-04-30|HA|4||EPI_ISL_143212,1990.4.a
A/swine/Illinois/A00843193/2014|A_/_H3N2|unassigned|2014-01-03|HA|4||EPI_ISL_156552,1990.4.a
A/swine/Iowa/004610_02859088/2025|A_/_H3N2|unassigned|2025-11-17|HA|4||EPI_ISL_20389482,2010.1
A/swine/Michigan/A02524482/2020|A_/_H3N2|unassigned|2020-07-09|HA|4||EPI_ISL_700974,2010.1
A/swine/Iowa/004542_02859028/2025|A_/_H3N1|unassigned|2025-10-29|HA|4||EPI_ISL_20389478,2010.1
A/swine/North_Carolina/A02750672/2021|A_/_H3N2|unassigned|2021-06-30|HA|4||EPI_ISL_14885472,1990.4.a
A/swine/Texas/A01785298/2017|A_/_H3N2|unassigned|2017-09-20|HA|4||EPI_ISL_284680,1990.4.a
A/swine/Iowa/A01776537/2016|A_/_H3N2|unassigned|2016-06-13|HA|4||EPI_ISL_252709,2010.1
A/swine/Iowa/A02751105/2022|A_/_H3N2|unassigned|2022-10-26|HA|4||EPI_ISL_16925113,1990.4.a
A/swine/Ohio/ISU-A02862020/2023|A_/_H3N2|3C.2|2023-11-08|HA|4||EPI_ISL_18777067,2010.1
A/swine/Iowa/A02858637/2025|A_/_H3N2|unassigned|2025-05-23|HA|4||EPI_ISL_19918029,2010.1
A/swine/Kansas/A02245376/2020|A_/_H3N2|unassigned|2020-01-07|HA|4||EPI_ISL_503342,2010.1
A/swine/Iowa/ISU-A02861989/2023|A_/_H3N2|unassigned|2023-10-30|HA|4||EPI_ISL_18777116,2010.1
A/swine/Michigan/100593/2019|A_/_H3|3C.3a1|2019-06-28|HA|4||EPI_ISL_19278358,Other-Human-2010
A/swine/Oklahoma/ISU-A02861891/2023|A_/_H3N2|unassigned|2023-10-12|HA|4||EPI_ISL_18758307,2010.1
A/swine/Kansas/A01378043/2019|A_/_H3N2|unassigned|2019-02-21|HA|4||EPI_ISL_369835,2010.1
A/swine/Illinois/100501/2018|A_/_H3|unassigned|2018-05-25|HA|4||EPI_ISL_19278584,1990.4.b1
A/swine/Iowa/A02636647/2022|A_/_H3N2|unassigned|2022-04-20|HA|4||EPI_ISL_14835649,1990.4.a
A/swine/Iowa/A02863032/2024|A_/_H3N2|3C.2|2024-10-24|HA|4||EPI_ISL_19556926,2010.1
A/swine/Minnesota/MT_13_01_S75/2013|A_/_H3N2|unassigned|2013-02-25|HA|4||EPI_ISL_281970,1990.4.b1
A/swine/Indiana/21TOSU1440/2021|A_/_H3N2|3C.2|2021-06-17|HA|4||EPI_ISL_18005737,2010.1
A/swine/Michigan/A02858722/2025|A_/_H3N2|3C.3a|2025-07-16|HA|4||EPI_ISL_20101460,1990.4.a
A/swine/Oklahoma/A02245730/2020|A_/_H3N2|unassigned|2020-10-01|HA|4||EPI_ISL_697665,2010.1
A/swine/Ohio/ISU-A02862103/2023|A_/_H3N2|3C.2|2023-12-04|HA|4||EPI_ISL_18739152,2010.1
A/swine/Ohio/A02635724/2021|A_/_H3N2|unassigned|2021-04-21|HA|4||EPI_ISL_4083625,1990.4.a
"Influenza A virus (A/swine/Iowa/20TOSU2080/2020(H3N2)) segment 4 hemagglutinin (HA) gene, complete cds |Alphainfluenzavirus influenzae|H3N2|USA|Sus scrofa scrofa|2020-07-10|OP655082.1",1990.4.a
A/swine/Iowa/A01566472/2014|A_/_H3N2|unassigned|2014-09-24|HA|4||EPI_ISL_170824,1990.4.b1
A/swine/Kansas/A02751452/2023|A_/_H3N2|unassigned|2023-01-05|HA|4||EPI_ISL_17184131,1990.4.a
A/swine/Iowa/A02478877/2019|A_/_H3N2|unassigned|2019-11-12|HA|4||EPI_ISL_503947,1990.1
A/swine/North_Carolina/A01410527/2014|A_/_H3N2|unassigned|2014-03-01|HA|4||EPI_ISL_162022,1990.4.a
A/swine/Minnesota/A02979370/2024|A_/_H3N2|unassigned|2024-11-11|HA|4||EPI_ISL_19820114,1990.4.a
A/swine/Iowa/A01432826/2013|A_/_H3N2|unassigned|2013-06-01|HA|4||EPI_ISL_147156,1990.4.b1
A/swine/Oklahoma/A02245714/2020|A_/_H3N2|unassigned|2020-09-11|HA|4||EPI_ISL_707321,2010.1
A/swine/Iowa/A02636596/2022|A_/_H3N2|unassigned|2022-03-22|HA|4||EPI_ISL_14779685,1990.4.a
A/swine/Iowa/20TOSU2177/2020|A_/_H3N2|unassigned|2020-07-10|HA|4||EPI_ISL_14224356,1990.4.a
A/swine/Ohio/A02636142/2021|A_/_H3N2|unassigned|2021-09-15|HA|4||EPI_ISL_6795284,1990.4.a
A/swine/Minnesota/A02248207/2021|A_/_H3N2|unassigned|2021-09-18|HA|4||EPI_ISL_6795331,2010.1
A/swine/Minnesota/A02858464/2025|A_/_H3N2|unassigned|2025-03-19|HA|4||EPI_ISL_19824138,1990.4.a
A/swine/North_Carolina/A02751467/2023|A_/_H3N2|unassigned|2023-01-09|HA|4||EPI_ISL_17184156,1990.4.a
"Influenza A virus (A/swine/Iowa/A02524750/2020(H3N2)) segment 4 hemagglutinin (HA) gene, complete cds |Alphainfluenzavirus influenzae|H3N2|USA: Iowa|Sus scrofa|2020-10-15|MW266863.1",1990.4.a
A/swine/Iowa/A01203751/2012|A_/_H3N2|unassigned|2012-08-15|HA|4||EPI_ISL_130192,1990.4.d
A/swine/Indiana/24TOSU2656/2024|A_/_H3N2|3C.3a|2024-07-12|HA|4||EPI_ISL_19815618,1990.4.a
A/swine/Kentucky/A02636480/2022|A_/_H3N2|unassigned|2022-02-07|HA|4||EPI_ISL_14777805,2010.1
A/swine/Minnesota/02952/2009|A_/_H3N2|unassigned|2009-11-17|HA|4||EPI_ISL_71043,1990.4.b2
A/swine/Minnesota/A02245188/2019|A_/_H3N2|unassigned|2019-06-28|HA|4||EPI_ISL_372895,1990.4.b2
"Influenza A virus (A/swine/Iowa/20TOSU2183/2020(H3N2)) segment 4 hemagglutinin (HA) gene, complete cds |Alphainfluenzavirus influenzae|H3N2|USA|Sus scrofa scrofa|2020-07-10|OP655070.1",1990.4.a
"Influenza A virus (A/swine/Illinois/A02861256/2023(H3N2)) segment 4 hemagglutinin (HA) gene, complete cds |Alphainfluenzavirus influenzae|H3N2|USA: Illinois|Sus scrofa|2023-03-03|OQ836537.1",2010.1
A/swine/Minnesota/A01781978/2016|A_/_H3N2|unassigned|2016-09-28|HA|4||EPI_ISL_245055,2010.1
A/swine/Ohio/17TOSU4798/2017|A_/_H3N2|unassigned|2017-09-01|HA|4||EPI_ISL_379273,2010.1
A/swine/Illinois/A01475266/2014|A_/_H3N2|unassigned|2014-03-01|HA|4||EPI_ISL_162314,1990.4.a
A/swine/Arkansas/A01840185/2014|A_/_H3N2|unassigned|2014-11-08|HA|4||EPI_ISL_173655,1990.4.b1
A/swine/Iowa/ISU-A02861788/2023|A_/_H3N2|3C.2|2023-09-08|HA|4||EPI_ISL_18363581,2010.1
A/swine/Illinois/A01536474/2014|A_/_H3N2|unassigned|2014-04-07|HA|4||EPI_ISL_162912,1990.4.a
"Influenza A virus (A/swine/Minnesota/A02980735/2025(H3N2)) segment 4 hemagglutinin (HA) gene, complete cds |Alphainfluenzavirus influenzae|H3N2|USA|Sus scrofa|2025-11-13|PX698755.1",1990.4.a
A/swine/Iowa/A02862507/2024|A_/_H3N2|unassigned|2024-04-03|HA|4||EPI_ISL_19095245,2010.1
A/swine/Indiana/A02862713/2024|A_/_H3N2|unassigned|2024-06-26|HA|4||EPI_ISL_19310961,1990.4.a
A/swine/Illinois/A01795807/2015|A_/_H3N2|unassigned|2015-11-06|HA|4||EPI_ISL_205081,1990.4.e
A/swine/Iowa/A02524572/2020|A_/_H3N2|unassigned|2020-08-26|HA|4||EPI_ISL_707276,2010.2
A/swine/Utah/A02138837/2017|A_/_H3N2|unassigned|2017-12-15|HA|4||EPI_ISL_301929,2010.1
A/swine/Oklahoma/A02248047/2021|A_/_H3N2|unassigned|2021-12-02|HA|4||EPI_ISL_14770021,2010.1
A/swine/North_Carolina/A02858610/2025|A_/_H3N2|unassigned|2025-05-14|HA|4||EPI_ISL_19902454,2010.1
A/swine/Indiana/A02479020/2020|A_/_H3N2|unassigned|2020-01-22|HA|4||EPI_ISL_503443,1990.4.a
A/swine/North_Carolina/A01668240/2016|A_/_H3N2|unassigned|2016-11-10|HA|4||EPI_ISL_246038,1990.4.a
A/swine/Minnesota/A01477780/2014|A_/_H3N2|unassigned|2014-10-22|HA|4||EPI_ISL_170815,1990.4.a
A/swine/Minnesota/A01392079/2013|A_/_H3N2|unassigned|2013-09-18|HA|4||EPI_ISL_151709,1990.4.a
A/swine/Minnesota/A01941693/2015|A_/_H3N2|unassigned|2015-12-30|HA|4||EPI_ISL_212198,2010.1
"Influenza A virus (A/swine/Ohio/23TOSU1008/2023(H3Nx)) segment 4 hemagglutinin (HA) gene, complete cds |Alphainfluenzavirus influenzae|H3Nx|USA|Sus scrofa scrofa|2023-05-06|OR779280.1",
A/swine/Iowa/A02219543/2017|A_/_H3N2|unassigned|2017-08-04|HA|4||EPI_ISL_281987,2010.1
A/swine/Ohio/OH-17708/2021|A_/_H3N2|3C.3a|2021-07-27|HA|4||EPI_ISL_17471849,1990.4.a
A/swine/Indiana/A02751202/2022|A_/_H3N2|3C.3a|2022-11-07|HA|4||EPI_ISL_16924975,1990.4.a
A/swine/Iowa/A02479211/2020|A_/_H3N2|unassigned|2020-04-06|HA|4||EPI_ISL_502862,1990.1
A/swine/Pennsylvania/A02525008/2020|A_/_H3N2|unassigned|2020-12-18|HA|4||EPI_ISL_4081907,1990.4.a
A/swine/North_Carolina/A01476367/2014|A_/_H3N2|unassigned|2014-09-08|HA|4||EPI_ISL_167427,1990.4.a
A/swine/Iowa/A02862585/2024|A_/_H3N2|unassigned|2024-04-22|HA|4||EPI_ISL_19178091,2010.1
A/swine/Minnesota/A01677935/2016|A_/_H3N2|unassigned|2016-05-25|HA|4||EPI_ISL_230208,2010.1
"Influenza A virus (A/swine/Iowa/A02154766/2018(H3N2)) segment 4 hemagglutinin (HA) gene, complete cds |Alphainfluenzavirus influenzae|H3N2|USA: Iowa|Sus scrofa|2018-03-02|MH156825.1",1990.4.a
"Influenza A virus (A/swine/Kentucky/23TOSU2303/2023(H3N2)) segment 4 hemagglutinin (HA) gene, complete cds |Alphainfluenzavirus influenzae|H3N2|USA|Sus scrofa scrofa|2023-07-05|PP445457.1",1990.4.a
A/swine/Iowa/A01290671/2013|A_/_H3N2|unassigned|2013-10-01|HA|4||EPI_ISL_153728,1990.4.b1
A/swine/Iowa/A02861585/2023|A_/_H3N2|3C.3a|2023-06-14|HA|4||EPI_ISL_18037837,1990.4.a
A/swine/Iowa/A01555142/2014|A_/_H3N2|unassigned|2014-12-08|HA|4||EPI_ISL_174464,1990.4.a
A/swine/Iowa/A02254234/2018|A_/_H3N2|unassigned|2018-07-20|HA|4||EPI_ISL_327466,2010.1
"Influenza A virus (A/swine/Illinois/A01502448/2014(H3N2)) segment 4 hemagglutinin (HA) gene, complete cds |Alphainfluenzavirus influenzae|H3N2|USA: Illinois|Sus scrofa|2014-07-14|KM234957.1",1990.4.e
A/swine/Iowa/ISU-A02861899/2023|A_/_H3N2|3C.3a|2023-10-11|HA|4||EPI_ISL_18758302,1990.4.a
A/swine/Illinois/A01749812/2016|A_/_H3N2|unassigned|2016-02-29|HA|4||EPI_ISL_219894,1990.4.a
A/swine/Oklahoma/65260/2017|A_/_H3N2|3C.2a1|2017-09-27|HA|4||EPI_ISL_327180,2010.2
A/swine/Ohio/12TOSU420/2012|A_/_H3N2|unassigned|2012-08-06|HA|4||EPI_ISL_129361,1990.4.a
A/swine/Illinois/21TOSU2173/2021|A_/_H3N2|unassigned|2021-06-25|HA|4||EPI_ISL_14872431,1990.4.a
A/swine/Indiana/A02478837/2019|A_/_H3N2|3C.2a1|2019-11-07|HA|4||EPI_ISL_503375,2010.2
A/swine/Minnesota/082313_02858754/2025|A_/_H3N2|unassigned|2025-08-05|HA|4||EPI_ISL_20153174,1990.4.i
A/swine/North_Carolina/A01410688/2014|A_/_H3N2|unassigned|2014-04-01|HA|4||EPI_ISL_162887,1990.4.a
A/swine/Nebraska/A01567651/2015|A_/_H3N2|unassigned|2015-01-12|HA|4||EPI_ISL_180639,1990.4.a
A/swine/Minnesota/USDA-A02978626/2023|A_/_H3N2|unassigned|2023-11-22|HA|4||EPI_ISL_18911177,2010.1
A/swine/Minnesota/A01567013/2014|A_/_H3N2|unassigned|2014-06-16|HA|4||EPI_ISL_174444,1990.4.a
A/swine/Nebraska/A01567207/2014|A_/_H3N2|unassigned|2014-12-18|HA|4||EPI_ISL_173624,1990.4.a
A/swine/Minnesota/A01381378/2013|A_/_H3N2|unassigned|2013-05-23|HA|4||EPI_ISL_143877,1990.4.c
A/swine/Illinois/A01462483/2015|A_/_H3N2|unassigned|2015-01-09|HA|4||EPI_ISL_180678,1990.4.e
A/swine/North_Carolina/A01477954/2014|A_/_H3N2|unassigned|2014-11-21|HA|4||EPI_ISL_182319,1990.4.a
A/swine/Illinois/1B-0614-P23/2014|A_/_H3N2|unassigned|2014-01-01|HA|4||EPI_ISL_16705686,1990.4.a
A/swine/Pennsylvania/A02862891/2024|A_/_H3N2|3C.2|2024-09-17|HA|4||EPI_ISL_19501211,2010.1
A/swine/Indiana/21TOSU0963/2021|A_/_H3N2|unassigned|2021-06-17|HA|4||EPI_ISL_14872406,1990.4.a
"Influenza A virus (A/swine/North Carolina/A01410779/2014(H3N2)) segment 4 hemagglutinin (HA) gene, complete cds |Alphainfluenzavirus influenzae|H3N2|USA: North Carolina|Sus scrofa|2014-05|KJ859594.1",1990.4.a
A/swine/Iowa/A02751111/2022|A_/_H3N2|3C.2|2022-10-27|HA|4||EPI_ISL_16854568,2010.1
A/swine/Iowa/101654_02858875/2025|A_/_H3N2|unassigned|2025-09-30|HA|4||EPI_ISL_20231334,2010.1
A/swine/Nebraska/A01785423/2018|A_/_H3N2|unassigned|2018-01-18|HA|4||EPI_ISL_299573,1990.4.b2
A/swine/Michigan/A01410962/2014|A_/_H3N2|unassigned|2014-06-11|HA|4||EPI_ISL_165173,1990.4.a
A/swine/Iowa/A02858704/2025|A_/_H3N2|unassigned|2025-06-30|HA|4||EPI_ISL_20098715,1990.4.i
A/swine/Iowa/100347/2018|A_/_H3|unassigned|2018-02-07|HA|4||EPI_ISL_19278638,2010.1
A/swine/Indiana/A01260863/2015|A_/_H3N2|unassigned|2015-04-03|HA|4||EPI_ISL_191518,1990.4.a
A/swine/Minnesota/A02245096/2019|A_/_H3N2|unassigned|2019-03-28|HA|4||EPI_ISL_370339,1990.4.a
A/swine/Utah/A02479127/2020|A_/_H3N2|unassigned|2020-03-06|HA|4||EPI_ISL_503970,2010.1
A/swine/Minnesota/A02858718/2025|A_/_H3N2|unassigned|2025-07-14|HA|4||EPI_ISL_20101462,2010.1
A/swine/Oklahoma/A02245759/2020|A_/_H3N2|unassigned|2020-10-23|HA|4||EPI_ISL_697774,2010.1
A/swine/Iowa/A02858554/2025|A_/_H3N2|unassigned|2025-04-22|HA|4||EPI_ISL_19885003,2010.1
A/swine/Pennsylvania/A02858220/2024|A_/_H3N2|3C.2a1b.2a.2a.3a.1|2024-01-29|HA|4||EPI_ISL_19191131,Other-Human-2020
A/swine/Iowa/A01432072/2012|A_/_H3N2|unassigned|2012-10-01|HA|4||EPI_ISL_132336,1990.4.b1
A/swine/Ohio/09SW94/2009|A_/_H3N2|unassigned|2009-08-13|HA|4||EPI_ISL_133827,1990.4
A/swine/Iowa/078808_02858737/2025|A_/_H3N2|unassigned|2025-07-25|HA|4||EPI_ISL_20136935,2010.1
A/swine/North_Carolina/A01409981/2014|A_/_H3N2|unassigned|2014-02-01|HA|4||EPI_ISL_157887,1990.4.a
A/swine/Minnesota/A02245306/2019|A_/_H3N2|unassigned|2019-10-28|HA|4||EPI_ISL_399710,2010.1
A/swine/Iowa/07-13431/2007|A_/_H3N2|unassigned|2007-04-30|HA|4||EPI_ISL_258638,1990.4
A/swine/Indiana/A01812297/2019|A_/_H3N2|unassigned|2019-10-24|HA|4||EPI_ISL_506166,1990.4.a
A/swine/Minnesota/A01240095/2011|A_/_H3N2|unassigned|2011-11-21|HA|4||EPI_ISL_116235,1990.4.b2
A/swine/Minnesota/A02245823/2020|A_/_H3N2|unassigned|2020-11-10|HA|4||EPI_ISL_4081841,2010.1
A/swine/Missouri/A02862345/2024|A_/_H3N2|unassigned|2024-03-01|HA|4||EPI_ISL_19126032,2010.1
A/swine/Ohio/12TOSU464/2012|A_/_H3N2|unassigned|2012-08-09|HA|4||EPI_ISL_129357,1990.4.a
A/swine/Iowa/36243/2005|A_/_H3N2|unassigned|2005-01-01|HA|4||EPI_ISL_30344,1990.4
A/swine/Iowa/A01932040/2017|A_/_H3N2|unassigned|2017-02-08|HA|4||EPI_ISL_261465,2010.1
A/swine/Illinois/A02257390/2018|A_/_H3N2|unassigned|2018-09-08|HA|4||EPI_ISL_379804,2010.1
A/swine/Iowa/A02858582/2025|A_/_H3N2|unassigned|2025-04-30|HA|4||EPI_ISL_19885026,2010.1
"Influenza A virus (A/swine/Ohio/OH22-1572/2022(H3N2)) segment 4 hemagglutinin (HA) gene, complete cds |Alphainfluenzavirus influenzae|H3N2|USA: Ohio|Sus scrofa|2022-01-24|OQ750000.1",1990.4.a
A/swine/Ohio/14TOSU21806/2014|A_/_H3N2|unassigned|2014-01-01|HA|4||EPI_ISL_200851,1990.4.b1
"Influenza A virus (A/swine/Indiana/A02270141/2018(H3N2)) segment 4 hemagglutinin (HA) gene, complete cds |Alphainfluenzavirus influenzae|H3N2|USA: Indiana|Sus scrofa|2018-11-21|MK358906.1",2010.1
"Influenza A virus (A/swine/Kansas/A02862984/2024(H3N2)) segment 4 hemagglutinin (HA) gene, complete cds |Alphainfluenzavirus influenzae|H3N2|USA: Kansas|Sus scrofa|2024-10-16|PX918763.1",2010.1
A/swine/South_Dakota/A01785987/2019|A_/_H3N2|unassigned|2019-02-21|HA|4||EPI_ISL_372186,1990.4.a
A/swine/Minnesota/A01785345/2017|A_/_H3N2|unassigned|2017-11-07|HA|4||EPI_ISL_296402,2010.1
A/swine/Iowa/ISU-A02862056/2023|A_/_H3N2|unassigned|2023-11-20|HA|4||EPI_ISL_18777048,2010.1
A/swine/Nebraska/I037453/2025|A_/_H3N1|unassigned|2025-04-10|HA|4||EPI_ISL_20080716,1990.4.i
A/swine/Pennsylvania/A02479128/2020|A_/_H3N2|unassigned|2020-03-12|HA|4||EPI_ISL_503971,1990.4.a
A/swine/Iowa/A02978871/2024|A_/_H3N2|unassigned|2024-03-28|HA|4||EPI_ISL_19159727,2010.1
A/swine/Minnesota/A02245829/2020|A_/_H3N2|unassigned|2020-12-11|HA|4||EPI_ISL_4081892,1990.4.a
A/swine/Ohio/A01777765/2016|A_/_H3N2|unassigned|2016-07-15|HA|4||EPI_ISL_234952,1990.4.b1
A/swine/Minnesota/A02710707/2022|A_/_H3N2|unassigned|2022-06-28|HA|4||EPI_ISL_14937242,2010.1
A/swine/Iowa/A02257806/2018|A_/_H3N2|unassigned|2018-09-24|HA|4||EPI_ISL_379931,2010.1
A/swine/Indiana/A01796207/2015|A_/_H3N2|unassigned|2015-11-03|HA|4||EPI_ISL_205066,2010.1
A/swine/Iowa/A02710700/2022|A_/_H3N2|unassigned|2022-05-30|HA|4||EPI_ISL_14937366,2010.1
A/swine/Iowa/A01797996/2019|A_/_H3N2|unassigned|2019-04-17|HA|4||EPI_ISL_387828,2010.1
A/swine/Illinois/21TOSU1891/2021|A_/_H3N2|unassigned|2021-06-25|HA|4||EPI_ISL_14873852,1990.4.a
A/swine/Iowa/A02478617/2019|A_/_H3N2|unassigned|2019-08-19|HA|4||EPI_ISL_393493,1990.4.a
A/swine/Missouri/A02524672/2020|A_/_H3N2|unassigned|2020-09-24|HA|4||EPI_ISL_697638,2010.1
A/swine/Iowa/A01480656/2014|A_/_H3N2|unassigned|2014-03-19|HA|4||EPI_ISL_161336,1990.4.a
A/swine/Arkansas/02598/2009|A_/_H3N2|unassigned|2009-02-12|HA|4||EPI_ISL_151277,1990.4
A/swine/Michigan/A01672424/2017|A_/_H3N2|unassigned|2017-01-20|HA|4||EPI_ISL_256554,1990.4.b2
A/swine/Indiana/24TOSU0838/2024|A_/_H3N2|unassigned|2024-06-13|HA|4||EPI_ISL_19332114,1990.4.a
A/swine/South_Dakota/082308_02858749/2025|A_/_H3N2|unassigned|2025-08-04|HA|4||EPI_ISL_20153181,1990.4.i
A/swine/Illinois/101064/2006|A_/_H3|unassigned|2006-12-20|HA|4||EPI_ISL_19279555,1990.4
A/swine/Iowa/A02478999/2020|A_/_H3N2|unassigned|2020-01-14|HA|4||EPI_ISL_503392,1990.4.b2
A/swine/Illinois/A01493027/2014|A_/_H3N2|unassigned|2014-03-12|HA|4||EPI_ISL_161337,1990.4.e
A/swine/Arkansas/A01840187/2014|A_/_H3N2|unassigned|2014-11-19|HA|4||EPI_ISL_173681,1990.4.b1
A/swine/Kansas/A02245259/2019|A_/_H3N2|unassigned|2019-10-01|HA|4||EPI_ISL_396971,2010.1
A/swine/Minnesota/02948/2009|A_/_H3N2|unassigned|2009-05-19|HA|4||EPI_ISL_71039,1990.4
A/swine/North_Carolina/082302_02858743/2025|A_/_H3N2|3C.2|2025-08-04|HA|4||EPI_ISL_20153178,2010.1
A/swine/North_Carolina/A02524585/2020|A_/_H3N2|unassigned|2020-09-03|HA|4||EPI_ISL_707311,1990.4.a
A/swine/Kansas/13-152087/2013|A_/_H3N2|unassigned|2013-12-02|HA|4||EPI_ISL_158897,1990.4.a
A/swine/Iowa/A02636179/2021|A_/_H3N2|unassigned|2021-09-22|HA|4||EPI_ISL_6816042,1990.4.a
A/swine/Minnesota/A02248042/2021|A_/_H3N2|unassigned|2021-06-18|HA|4||EPI_ISL_4089867,1990.4.a
A/swine/Ohio/23-15555/2023|A_/_H3N2|unassigned|2023-06-22|HA|4||EPI_ISL_20185874,2010.1
A/swine/Iowa/A02858278/2025|A_/_H3N2|unassigned|2025-01-08|HA|4||EPI_ISL_19740033,2010.1
"Influenza A virus (A/swine/Iowa/23TOSU4096/2023(H3N2)) segment 4 hemagglutinin (HA) gene, complete cds |Alphainfluenzavirus influenzae|H3N2|USA|Sus scrofa scrofa|2023-08-15|PP461310.1",2010.1
A/swine/Iowa/101010/2021|A_/_H3|unassigned|2021-03-26|HA|4||EPI_ISL_19278048,2010.1
A/swine/North_Carolina/A01785564/2018|A_/_H3N2|unassigned|2018-06-06|HA|4||EPI_ISL_328451,2010.1
A/swine/Minnesota/ISU-A02861860/2023|A_/_H3N2|unassigned|2023-09-29|HA|4||EPI_ISL_18755238,2010.1
A/swine/IA/34166/2018|A_/_H3N1|3C.3a|2018-05-10|HA|4||EPI_ISL_389811,1990.1
A/swine/Missouri/A01932047/2017|A_/_H3N2|unassigned|2017-02-09|HA|4||EPI_ISL_258642,2010.1
A/swine/Missouri/A02751263/2022|A_/_H3N2|3C.2|2022-11-22|HA|4||EPI_ISL_16840771,2010.1
A/swine/Iowa/A02478764/2019|A_/_H3N2|unassigned|2019-10-15|HA|4||EPI_ISL_399722,1990.4.i
A/swine/Oklahoma/A02862406/2024|A_/_H3N2|unassigned|2024-03-20|HA|4||EPI_ISL_19072932,1990.4.b1
A/swine/Iowa/A02218173/2017|A_/_H3N2|unassigned|2017-06-27|HA|4||EPI_ISL_279504,2010.1
A/swine/Indiana/17TOSU1056/2017|A_/_H3N2|unassigned|2017-06-01|HA|4||EPI_ISL_379271,2010.1
A/swine/Minnesota/A02139250/2017|A_/_H3N2|unassigned|2017-12-27|HA|4||EPI_ISL_295680,1990.4.g
A/swine/Iowa/A02431991/2019|A_/_H3N2|unassigned|2019-04-02|HA|4||EPI_ISL_366315,1990.4.a
A/swine/North_Carolina/A01476196/2014|A_/_H3N2|unassigned|2014-08-06|HA|4||EPI_ISL_166549,1990.4.a
A/swine/Iowa/101013/2021|A_/_H3|3C.2|2021-04-09|HA|4||EPI_ISL_19278041,2010.1
A/swine/Arkansas/A01555210/2014|A_/_H3N2|unassigned|2014-12-22|HA|4||EPI_ISL_174465,1990.4.b1
A/swine/Illinois/100081/2014|A_/_H3|unassigned|2014-10-21|HA|4||EPI_ISL_19279261,1990.4.a
"Influenza A virus (A/swine/Texas/A02246919/2022(H3N?)) segment 4 hemagglutinin (HA) gene, complete cds |Alphainfluenzavirus influenzae|H3N?|USA: Texas|Sus scrofa|2022-01-06|OM654381.1",2010.1
A/swine/Indiana/13TOSU1155/2013|A_/_H3N2|unassigned|2013-07-01|HA|4||EPI_ISL_161115,1990.4.a
A/swine/Iowa/A02479355/2020|A_/_H3N2|unassigned|2020-05-18|HA|4||EPI_ISL_501786,2010.1
A/swine/Missouri/A01847626/2015|A_/_H3N2|unassigned|2015-04-20|HA|4||EPI_ISL_188904,2010.1
A/swine/Utah/A02245102/2019|A_/_H3N2|unassigned|2019-04-11|HA|4||EPI_ISL_366163,2010.1
A/swine/Minnesota/A01778110/2016|A_/_H3N2|unassigned|2016-07-29|HA|4||EPI_ISL_234523,2010.1
"Influenza A virus (A/swine/Ohio/23TOSU3548/2023(H3N2)) segment 4 hemagglutinin (HA) gene, complete cds |Alphainfluenzavirus influenzae|H3N2|USA|Sus scrofa scrofa|2023-08-09|PP461351.1",1990.4.a
A/swine/Indiana/21TOSU0877/2021|A_/_H3N2|3C.3a|2021-06-17|HA|4||EPI_ISL_18005770,1990.4.a
A/swine/Pennsylvania/602170-2/2010|A_/_H3N2|unassigned|2010-10-25|HA|4||EPI_ISL_89369,1990.4.k
A/swine/Minnesota/A02245861/2020|A_/_H3N2|unassigned|2020-12-30|HA|4||EPI_ISL_4081959,2010.1
A/swine/Illinois/A02751170/2022|A_/_H3N2|unassigned|2022-11-03|HA|4||EPI_ISL_16925076,1990.4.a
A/swine/Minnesota/A02978909/2024|A_/_H3N2|3C.3a|2024-04-02|HA|4||EPI_ISL_19328743,1990.4.a
A/swine/North_Carolina/A01555667/2015|A_/_H3N2|unassigned|2015-02-23|HA|4||EPI_ISL_177941,1990.4.a
A/swine/Iowa/A02478658/2019|A_/_H3N2|unassigned|2019-09-05|HA|4||EPI_ISL_393554,2010.1
A/swine/Missouri/ISU-A02862184/2023|A_/_H3N2|unassigned|2023-12-28|HA|4||EPI_ISL_18847113,1990.4
A/swine/Indiana/A02636107/2021|A_/_H3N2|unassigned|2021-09-02|HA|4||EPI_ISL_6785604,1990.4.a
A/swine/Iowa/A02524795/2020|A_/_H3N2|unassigned|2020-10-26|HA|4||EPI_ISL_4081577,1990.4.a
A/swine/South_Dakota/A02245350/2019|A_/_H3N2|unassigned|2019-12-02|HA|4||EPI_ISL_505940,1990.4.a
A/swine/Indiana/A01260041/2012|A_/_H3N2|unassigned|2012-10-01|HA|4||EPI_ISL_132319,1990.4.a
A/swine/Indiana/A01260163/2012|A_/_H3N2|unassigned|2012-12-05|HA|4||EPI_ISL_136673,1990.4.a
A/swine/Missouri/A02751137/2022|A_/_H3N2|unassigned|2022-11-01|HA|4||EPI_ISL_16854587,2010.1
A/swine/Ohio/OH20-17380/2020|A_/_H3N2|3C.3a|2020-08-14|HA|4||EPI_ISL_17373099,1990.4.a
A/swine/Oklahoma/A02858221/2024|A_/_H3N2|3C.2a1b.2a.2a.3a.1|2024-01-29|HA|4||EPI_ISL_19191110,Other-Human-2020
A/swine/Iowa/MT_12_07_4301/2012|A_/_H3N2|unassigned|2012-08-31|HA|4||EPI_ISL_271048,1990.4.b1
A/swine/North_Carolina/A01945973/2015|A_/_H3N2|unassigned|2015-10-27|HA|4||EPI_ISL_205328,1990.4.a
A/swine/Iowa/A02172377/2018|A_/_H3N2|unassigned|2018-07-13|HA|4||EPI_ISL_327491,1990.4.a
A/swine/Minnesota/A01785416/2018|A_/_H3N2|unassigned|2018-01-10|HA|4||EPI_ISL_300555,2010.1
A/swine/Iowa/A02268957/2018|A_/_H3N2|unassigned|2018-10-31|HA|4||EPI_ISL_378878,2010.1
A/swine/North_Carolina/A01475217/2014|A_/_H3N2|unassigned|2014-03-01|HA|4||EPI_ISL_162025,1990.4.a
A/swine/Pennsylvania/A01733733/2016|A_/_H3N2|unassigned|2016-03-17|HA|4||EPI_ISL_221739,1990.4.a
A/swine/Ohio/A02751357/2022|A_/_H3N2|unassigned|2022-12-27|HA|4||EPI_ISL_16891259,2010.1
A/swine/Ohio/11SW109/2011|A_/_H3N2|unassigned|2011-08-05|HA|4||EPI_ISL_133866,1990.4.a
A/swine/Iowa/A02429951/2019|A_/_H3N2|unassigned|2019-01-21|HA|4||EPI_ISL_373544,2010.1
A/swine/Minnesota/A02478718/2019|A_/_H3N2|unassigned|2019-09-28|HA|4||EPI_ISL_399402,2010.1
A/swine/Ohio/14TOSU0435/2014|A_/_H3N2|unassigned|2014-01-01|HA|4||EPI_ISL_200868,1990.4.b1
A/swine/Iowa/A02479120/2020|A_/_H3N2|unassigned|2020-03-06|HA|4||EPI_ISL_503986,1990.4.a
A/swine/USA/101875/2015|A_/_H3|3C.3a|2015-06-26|HA|4||EPI_ISL_19279189,1990.4.a
A/swine/Iowa/A02478750/2019|A_/_H3N2|unassigned|2019-10-09|HA|4||EPI_ISL_399591,1990.4.a
A/swine/Iowa/A02862393/2024|A_/_H3N2|unassigned|2024-03-12|HA|4||EPI_ISL_19064626,2010.1
A/swine/Illinois/A02858408/2025|A_/_H3N2|3C.2|2025-02-24|HA|4||EPI_ISL_19790120,2010.1
A/swine/Iowa/A02751166/2022|A_/_H3N2|3C.2|2022-11-01|HA|4||EPI_ISL_16925086,2010.1
A/swine/North_Dakota/A01782435/2016|A_/_H3N2|unassigned|2016-10-18|HA|4||EPI_ISL_245065,1990.4.a
A/swine/Iowa/A02858288/2025|A_/_H3N2|unassigned|2025-01-07|HA|4||EPI_ISL_19764697,2010.1
A/swine/North_Carolina/A01945452/2015|A_/_H3N2|unassigned|2015-10-06|HA|4||EPI_ISL_203201,1990.4.a
A/swine/Iowa/101891/2015|A_/_H3|3C.3a|2015-02-25|HA|4||EPI_ISL_19279233,1990.4.a
A/swine/Missouri/A02431992/2019|A_/_H3N2|unassigned|2019-04-02|HA|4||EPI_ISL_366306,2010.1
A/swine/Iowa/A02138601/2017|A_/_H3N2|unassigned|2017-12-13|HA|4||EPI_ISL_295670,1990.4.a
A/swine/Iowa/A02858457/2025|A_/_H3N2|3C.2|2025-03-14|HA|4||EPI_ISL_19824134,2010.1
A/swine/North_Carolina/A01795709/2015|A_/_H3N2|unassigned|2015-10-29|HA|4||EPI_ISL_205323,1990.4.a
A/swine/Iowa/A02858386/2025|A_/_H3N2|3C.2|2025-02-18|HA|4||EPI_ISL_19790156,2010.1
A/swine/Iowa/A02478823/2019|A_/_H3N2|3C.2a1|2019-10-31|HA|4||EPI_ISL_503383,2010.2
A/swine/Iowa/100825/2018|A_/_H3|unassigned|2018-03-16|HA|4||EPI_ISL_19278626,2010.1
A/swine/Texas/A01785741/2018|A_/_H3N2|unassigned|2018-11-07|HA|4||EPI_ISL_378916,2010.1
A/swine/Illinois/A01432127/2012|A_/_H3N2|unassigned|2012-10-29|HA|4||EPI_ISL_132337,1990.4.a
A/swine/Minnesota/18815/2005|A_/_H3N2|unassigned|2005-01-01|HA|4||EPI_ISL_30387,1990.4
A/swine/Pennsylvania/A01432652/2013|A_/_H3N2|unassigned|2013-04-02|HA|4||EPI_ISL_142021,1990.4.a
A/swine/Kentucky/16TOSU6069/2016|A_/_H3N2|unassigned|2016-11-01|HA|4||EPI_ISL_280243,2010.1
A/swine/Indiana/A02750906/2022|A_/_H3N2|unassigned|2022-10-07|HA|4||EPI_ISL_16215569,2010.2
A/swine/Minnesota/A02245655/2020|A_/_H3N2|unassigned|2020-05-20|HA|4||EPI_ISL_501762,1990.4.a
A/swine/Nebraska/CEIRR-I100043/2023|A_/_H3N2|unassigned|2023-10-24|HA|4||EPI_ISL_18847109,1990.4.i
A/swine/South_Dakota/3/2012|A_/_H3N2|unassigned|2012-06-01|HA|4||EPI_ISL_122103,1990.4.b2
A/swine/Iowa/104691_02858893/2025|A_/_H3N2|unassigned|2025-10-06|HA|4||EPI_ISL_20247430,2010.1
A/swine/Iowa/A02245525/2020|A_/_H3N2|unassigned|2020-03-02|HA|4||EPI_ISL_503931,1990.4.a
A/swine/Illinois/A01203672/2012|A_/_H3N2|unassigned|2012-07-21|HA|4||EPI_ISL_129377,1990.4.a
A/swine/Tennessee/A01104055/2012|A_/_H3N2|unassigned|2012-10-25|HA|4||EPI_ISL_134281,1990.4.a
A/swine/Minnesota/A01271227/2012|A_/_H3N2|unassigned|2012-10-08|HA|4||EPI_ISL_132316,1990.4.b1
A/swine/Ohio/A01797995/2019|A_/_H3N2|unassigned|2019-04-23|HA|4||EPI_ISL_387842,2010.1
"Influenza A virus (A/swine/North Carolina/A02979343/2024(H3N2)) segment 4 hemagglutinin (HA) gene, complete cds |Alphainfluenzavirus influenzae|H3N2|USA|Sus scrofa|2024-11-19|PQ851360.1",1990.4.b1
A/swine/Minnesota/A01271014/2012|A_/_H3N2|unassigned|2012-10-17|HA|4||EPI_ISL_132372,1990.4.b1
A/swine/Oklahoma/A02862872/2024|A_/_H3N2|unassigned|2024-09-11|HA|4||EPI_ISL_19471782,1990.4.b1
A/swine/Minnesota/A01201894/2011|A_/_H3N2|unassigned|2011-07-05|HA|4||EPI_ISL_116361,1990.4.d
A/swine/Illinois/A02218757/2017|A_/_H3N2|unassigned|2017-07-25|HA|4||EPI_ISL_281304,2010.1
A/swine/Nebraska/A01823468/2015|A_/_H3N2|unassigned|2015-07-09|HA|4||EPI_ISL_205510,1990.4.a
A/swine/Illinois/0TM110/2017|A_/_H3N2|unassigned|2017-02-13|HA|4||EPI_ISL_282413,2010.1
A/swine/Missouri/00355/2004|A_/_H3N2|unassigned|2004-07-30|HA|4||EPI_ISL_151619,1990.4
A/swine/North_Carolina/A01731777/2016|A_/_H3N2|unassigned|2016-02-16|HA|4||EPI_ISL_217475,1990.4.a
"Influenza A virus (A/swine/North Carolina/A01410691/2014(H3N2)) segment 4 hemagglutinin (HA) gene, complete cds |Alphainfluenzavirus influenzae|H3N2|USA: North Carolina|Sus scrofa|2014-04|KJ859570.1",1990.4.a
A/swine/Ohio/OH18-09970.4/2018|A_/_H3N2|unassigned|2018-04-29|HA|4||EPI_ISL_373229,1990.4.a
A/swine/Illinois/A01410786/2014|A_/_H3N2|unassigned|2014-05-01|HA|4||EPI_ISL_163616,1990.4.a
A/swine/Minnesota/A02245681/2020|A_/_H3N2|unassigned|2020-07-13|HA|4||EPI_ISL_707018,2010.1
A/swine/North_Carolina/A01476722/2014|A_/_H3N2|unassigned|2014-10-14|HA|4||EPI_ISL_170809,1990.4.a
A/swine/Iowa/A02636023/2021|A_/_H3N2|unassigned|2021-08-04|HA|4||EPI_ISL_6781463,1990.4.a
A/swine/Iowa/A02862570/2024|A_/_H3N2|3C.2|2024-04-15|HA|4||EPI_ISL_19141099,2010.1
A/swine/Minnesota/A02245533/2020|A_/_H3N2|unassigned|2020-03-18|HA|4||EPI_ISL_504048,1990.4.a
A/swine/Iowa/A01203463/2012|A_/_H3N2|unassigned|2012-04-24|HA|4||EPI_ISL_127723,1990.4.b1
A/swine/Minnesota/A02245708/2020|A_/_H3N1|3C.2|2020-09-02|HA|4||EPI_ISL_707327,2010.1
A/swine/Iowa/A02255010/2018|A_/_H3N2|unassigned|2018-08-06|HA|4||EPI_ISL_381078,2010.1
A/swine/Nebraska/A01241785/2012|A_/_H3N2|unassigned|2012-02-20|HA|4||EPI_ISL_130037,1990.4.f
A/swine/Iowa/36241/2005|A_/_H3N2|unassigned|2005-01-01|HA|4||EPI_ISL_30386,1990.4
A/swine/North_Carolina/A02980728/2025|A_/_H3N2|unassigned|2025-11-06|HA|4||EPI_ISL_20289078,2010.1
A/swine/Iowa/092501_02858790/2025|A_/_H3N2|unassigned|2025-08-26|HA|4||EPI_ISL_20187387,2010.1
A/swine/Ohio/09SW79M/2009|A_/_H3N2|unassigned|2009-08-08|HA|4||EPI_ISL_133811,1990.4
A/swine/Ohio/17TOSU5637/2017|A_/_H3N2|unassigned|2017-06-01|HA|4||EPI_ISL_373724,2010.1
A/Swine/Colorado/1/77|A_/_H3N2|unassigned|1977-01-01|HA|4||EPI_ISL_1714,Other-Human-1970
A/swine/Iowa/A02636612/2022|A_/_H3N2|unassigned|2022-04-04|HA|4||EPI_ISL_14835651,1990.4.a
A/swine/Minnesota/63607-5/2008|A_/_H3N1|unassigned|2008-01-01|HA|4||EPI_ISL_30319,1990.4
A/swine/Minnesota/082316_02858757/2025|A_/_H3N2|unassigned|2025-08-06|HA|4||EPI_ISL_20153175,2010.1
A/swine/Iowa/A02711711/2022|A_/_H3N2|unassigned|2022-03-17|HA|4||EPI_ISL_14835310,1990.4.a
A/swine/Illinois/100566/2019|A_/_H3|unassigned|2019-03-20|HA|4||EPI_ISL_19278421,1990.4.g
A/swine/Nebraska/A02246971/2021|A_/_H3N2|unassigned|2021-10-04|HA|4||EPI_ISL_6795325,2010.1
A/swine/Iowa/A01777663/2016|A_/_H3N2|unassigned|2016-06-29|HA|4||EPI_ISL_234963,1990.4.a
A/swine/Illinois/A01271623/2012|A_/_H3N2|unassigned|2012-10-30|HA|4||EPI_ISL_133007,1990.4.b1
A/swine/Missouri/A02636129/2021|A_/_H3N2|unassigned|2021-09-08|HA|4||EPI_ISL_6795292,2010.1
A/swine/Illinois/101572/2019|A_/_H3|unassigned|2019-11-06|HA|4||EPI_ISL_19278284,2010.1
A/swine/Missouri/A02256554/2018|A_/_H3N2|unassigned|2018-08-13|HA|4||EPI_ISL_381344,2010.1
A/swine/Texas/A02711861/2022|A_/_H3N2|unassigned|2022-08-04|HA|4||EPI_ISL_16212292,2010.1
A/swine/Utah/A02524486/2020|A_/_H3N2|unassigned|2020-07-07|HA|4||EPI_ISL_700972,2010.1
A/swine/Iowa/A02524815/2020|A_/_H3N2|unassigned|2020-10-28|HA|4||EPI_ISL_4081608,1990.4.a
A/swine/Texas/A02978457/2023|A_/_H3N1|3C.3a|2023-03-20|HA|4||EPI_ISL_17986883,2010.1
A/swine/Ohio/14TOSU21800/2014|A_/_H3N2|unassigned|2014-01-01|HA|4||EPI_ISL_200894,1990.4.b1
A/swine/Iowa/A02478542/2019|A_/_H3N2|unassigned|2019-06-14|HA|4||EPI_ISL_372504,1990.4.a
A/swine/Minnesota/A01940176/2015|A_/_H3N2|unassigned|2015-08-26|HA|4||EPI_ISL_200991,2010.1
A/swine/North_Carolina/SG1364/2010|A_/_H3N2|unassigned|2010-11-24|HA|4||EPI_ISL_151204,1990.4
A/swine/Nebraska/A01785535/2018|A_/_H3N2|unassigned|2018-05-08|HA|4||EPI_ISL_328754,1990.4.b2
A/swine/Michigan/A01259074/2013|A_/_H3N2|unassigned|2013-08-20|HA|4||EPI_ISL_148407,1990.4.a
A/swine/Indiana/101559/2018|A_/_H3|3C.2|2018-10-22|HA|4||EPI_ISL_19278518,2010.1
A/swine/Illinois/21TOSU2139/2021|A_/_H3N2|unassigned|2021-06-25|HA|4||EPI_ISL_14872433,1990.4.a
A/swine/Missouri/A02170599/2018|A_/_H3N2|unassigned|2018-06-27|HA|4||EPI_ISL_327838,2010.1
A/swine/Indiana/A02751164/2022|A_/_H3N2|3C.2|2022-11-02|HA|4||EPI_ISL_16924978,2010.1
A/swine/Ohio/OH18-23554-1.4/2018|A_/_H3N2|3C.2a1|2018-10-19|HA|4||EPI_ISL_373269,2010.2
A/swine/Iowa/A02157543/2018|A_/_H3N2|unassigned|2018-04-04|HA|4||EPI_ISL_329604,2010.1
A/swine/Minnesota/A02245201/2019|A_/_H3N2|unassigned|2019-07-19|HA|4||EPI_ISL_388617,2010.1
A/swine/Indiana/A02636492/2022|A_/_H3N2|3C.2a1|2022-02-14|HA|4||EPI_ISL_14778243,2010.2
A/swine/Iowa/A02139353/2018|A_/_H3N2|unassigned|2018-01-04|HA|4||EPI_ISL_299526,2010.1
"Influenza A virus (A/swine/United State/A01410840/2014(H3N2)) segment 4 hemagglutinin (HA) gene, complete cds |Alphainfluenzavirus influenzae|H3N2|USA|Sus scrofa|2014-05|KJ941343.1",1990.4.a
A/swine/Illinois/A02636676/2022|A_/_H3N2|unassigned|2022-04-26|HA|4||EPI_ISL_14224163,1990.4.a
A/swine/Illinois/100245/2017|A_/_H3|unassigned|2017-01-19|HA|4||EPI_ISL_19278886,1990.4.a
A/swine/Iowa/A02158714/2018|A_/_H3N2|unassigned|2018-05-17|HA|4||EPI_ISL_328735,2010.1
A/swine/Pennsylvania/A02858683/2025|A_/_H3N2|3C.2|2025-06-16|HA|4||EPI_ISL_20069311,2010.1
A/swine/Nebraska/A02858640/2025|A_/_H3N2|unassigned|2025-05-20|HA|4||EPI_ISL_19917965,2010.1
A/swine/Kentucky/14TOSU23818/2014|A_/_H3N2|unassigned|2014-01-01|HA|4||EPI_ISL_200841,1990.4.b1
A/swine/Iowa/A01785787/2018|A_/_H3N2|unassigned|2018-12-12|HA|4||EPI_ISL_376860,1990.4.a
A/swine/Indiana/A01730580/2016|A_/_H3N2|unassigned|2016-01-28|HA|4||EPI_ISL_216894,2010.1
A/swine/Iowa/A02862319/2024|A_/_H3N2|unassigned|2024-02-21|HA|4||EPI_ISL_19219647,1990.4.a
A/swine/North_Carolina/A01777729/2016|A_/_H3N2|unassigned|2016-07-18|HA|4||EPI_ISL_234956,1990.4.b2
A/swine/Iowa/A02430907/2019|A_/_H3N2|unassigned|2019-02-22|HA|4||EPI_ISL_372263,2010.1
A/swine/Illinois/A01475190/2014|A_/_H3N2|unassigned|2014-03-01|HA|4||EPI_ISL_162029,1990.4.a
"Influenza A virus (A/swine/Missouri/A02257614/2018(H3N2)) segment 4 hemagglutinin (HA) gene, complete cds |Alphainfluenzavirus influenzae|H3N2|USA: Missouri|Sus scrofa|2018-09-18|MK071676.1",1990.1
A/swine/Iowa/A02524543/2020|A_/_H3N2|unassigned|2020-08-13|HA|4||EPI_ISL_707248,2010.1
A/swine/Iowa/A01668529/2016|A_/_H3N2|unassigned|2016-11-17|HA|4||EPI_ISL_246086,2010.1
A/swine/Iowa/A02635791/2021|A_/_H3N2|unassigned|2021-05-11|HA|4||EPI_ISL_4083652,2010.1
A/swine/Ohio/14TOSU0566/2014|A_/_H3N2|unassigned|2014-01-01|HA|4||EPI_ISL_200845,1990.4.b1
A/swine/Iowa/ISU-A02861774/2023|A_/_H3N2|3C.2|2023-08-31|HA|4||EPI_ISL_18340768,2010.1
A/swine/Illinois/100085/2014|A_/_H3|3C.3a|2014-12-30|HA|4||EPI_ISL_19279247,1990.4.b2
A/swine/Winconsin/12627/2009|A_/_H3N2|unassigned|2009-06-01|HA|4||EPI_ISL_142719,1990.4
A/swine/Illinois/101615/2022|A_/_H3|3C.2|2022-10-13|HA|4||EPI_ISL_19277896,2010.1
A/swine/Iowa/A01671940/2016|A_/_H3N2|unassigned|2016-12-28|HA|4||EPI_ISL_253930,2010.1
A/swine/Iowa/058362_02862621_H3/2024|A_/_H3|3C.2|2024-05-31|HA|4||EPI_ISL_19230695,2010.1
A/swine/Iowa/A02256932/2018|A_/_H3N2|unassigned|2018-08-30|HA|4||EPI_ISL_381438,2010.1
A/swine/Illinois/101039/2005|A_/_H3|unassigned|2005-10-07|HA|4||EPI_ISL_19279576,1990.4
A/swine/Iowa/A02479137/2020|A_/_H3N2|unassigned|2020-03-18|HA|4||EPI_ISL_504065,2010.1
A/swine/Iowa/A02862889/2024|A_/_H3N2|3C.2|2024-09-17|HA|4||EPI_ISL_19501189,2010.1
A/swine/Illinois/A01462549/2015|A_/_H3N2|unassigned|2015-01-20|HA|4||EPI_ISL_180677,1990.4.e
A/swine/Indiana/A01049745/2011|A_/_H3N2|unassigned|2011-03-23|HA|4||EPI_ISL_97118,1990.4.a
A/swine/Iowa/A02862419/2024|A_/_H3N2|unassigned|2024-03-15|HA|4||EPI_ISL_19064631,2010.1
A/swine/Minnesota/D09-23141-3/2009|A_/_H3N2|unassigned|2009-05-06|HA|4||EPI_ISL_198162,1990.4
A/swine/North_Carolina/USDA-A02978570/2023|A_/_H3N2|unassigned|2023-10-17|HA|4||EPI_ISL_18758901,2010.1
A/swine/Iowa/A01668202/2016|A_/_H3N2|unassigned|2016-11-09|HA|4||EPI_ISL_246027,2010.1
"Influenza A virus (A/swine/Iowa/004584_(A02859065)_H3/2025(H3N2)) segment 4 hemagglutinin (HA) gene, complete cds |Alphainfluenzavirus influenzae|H3N2|USA: Iowa|Sus scrofa|2025-11-13|PZ106059.1",2010.1
A/swine/Ohio/23-27418-4/2023|A_/_H3N2|unassigned|2023-11-13|HA|4||EPI_ISL_20186021,2010.1
"Influenza A virus (A/swine/Texas/A02248195/2021(H3N?)) segment 4 hemagglutinin (HA) gene, complete cds |Alphainfluenzavirus influenzae|H3N?|USA: Texas|Sus scrofa|2021-09-01|OM654390.1",2010.1
A/swine/Nebraska/A02635857/2021|A_/_H3N2|unassigned|2021-06-01|HA|4||EPI_ISL_4084084,2010.1
A/swine/Illinois/101827/2015|A_/_H3|3C.3a|2015-12-22|HA|4||EPI_ISL_19279015,1990.4.a
A/swine/Iowa/20TOSU2126/2020|A_/_H3N2|unassigned|2020-07-10|HA|4||EPI_ISL_14224359,1990.4.a
A/swine/Indiana/24TOSU0606/2024|A_/_H3N2|3C.3a|2024-06-13|HA|4||EPI_ISL_19332081,1990.4.a
A/swine/Indiana/A01260967/2015|A_/_H3N2|unassigned|2015-08-24|HA|4||EPI_ISL_206375,1990.4.b2
A/swine/Iowa/A02218762/2017|A_/_H3N2|unassigned|2017-08-07|HA|4||EPI_ISL_281311,2010.1
A/swine/Missouri/100794/2021|A_/_H3|3C.3a|2021-12-13|HA|4||EPI_ISL_19277975,1990.4.a
A/swine/Minnesota/A01668212/2016|A_/_H3N2|unassigned|2016-11-09|HA|4||EPI_ISL_246021,2010.1
A/swine/Indiana/A01477819/2014|A_/_H3N2|unassigned|2014-11-05|HA|4||EPI_ISL_182298,1990.4.b1
A/swine/Indiana/A01841389/2015|A_/_H3N2|unassigned|2015-03-10|HA|4||EPI_ISL_177578,1990.4.a
A/swine/Nebraska/I115248/2024|A_/_H3N1|unassigned|2024-11-19|HA|4||EPI_ISL_19739920,1990.4.i
A/swine/Illinois/TM1707DTW28/2017|A_/_H3N2|unassigned|2017-01-01|HA|4||EPI_ISL_16706643,2010.1
A/swine/Minnesota/A02245579/2020|A_/_H3N2|unassigned|2020-04-03|HA|4||EPI_ISL_502814,2010.1
A/swine/Indiana/101551/2017|A_/_H3|unassigned|2017-10-24|HA|4||EPI_ISL_19278721,2010.1
"Influenza A virus (A/swine/Indiana/23TOSU2940/2023(H3N2)) segment 4 hemagglutinin (HA) gene, complete cds |Alphainfluenzavirus influenzae|H3N2|USA|Sus scrofa scrofa|2023-07-28|PP461358.1",1990.4.a
A/swine/Ohio/A02636535/2022|A_/_H3N2|unassigned|2022-02-23|HA|4||EPI_ISL_14778036,1990.4.a
A/swine/Missouri/USDA-A02978596/2023|A_/_H3N2|unassigned|2023-10-27|HA|4||EPI_ISL_18758893,2010.1
A/swine/Iowa/A01678600/2018|A_/_H3N2|unassigned|2018-11-27|HA|4||EPI_ISL_378926,2010.1
A/swine/Kansas/A01785536/2018|A_/_H3N2|unassigned|2018-05-07|HA|4||EPI_ISL_328755,2010.1
A/swine/Minnesota/MT_12_07_11_3_4/2011|A_/_H3N2|unassigned|2011-12-09|HA|4||EPI_ISL_271639,1990.4.b2
A/swine/North_Carolina/A01476949/2014|A_/_H3N2|unassigned|2014-11-11|HA|4||EPI_ISL_182286,1990.4.a
A/swine/Missourri/A01678484/2017|A_/_H3N2|unassigned|2017-02-22|HA|4||EPI_ISL_258630,2010.1
A/swine/Iowa/A02254263/2018|A_/_H3N2|unassigned|2018-07-23|HA|4||EPI_ISL_327465,2010.1
A/swine/Iowa/A02980485/2025|A_/_H3N2|unassigned|2025-05-02|HA|4||EPI_ISL_20100711,2010.1
A/swine/Kansas/N000246/2023|A_/_H3N2|unassigned|2023-12-26|HA|4||EPI_ISL_19262297,1990.4.b1
A/swine/Indiana/F113096/2022|A_/_H3N2|3C.3a|2022-11-02|HA|4||EPI_ISL_17086449,1990.4.a
A/swine/Illinois/101102/2008|A_/_H3|unassigned|2008-03-28|HA|4||EPI_ISL_19279521,1990.4
A/swine/Iowa/20TOSU1919/2020|A_/_H3N2|unassigned|2020-07-09|HA|4||EPI_ISL_14224345,1990.4.a
A/swine/Maryland/A01319694/2013|A_/_H3N2|unassigned|2013-04-10|HA|4||EPI_ISL_146093,1990.4.a
A/swine/Ohio/A02751413/2022|A_/_H3N2|unassigned|2022-12-15|HA|4||EPI_ISL_17061077,2010.2
A/swine/Iowa/A02750897/2022|A_/_H3N2|unassigned|2022-09-12|HA|4||EPI_ISL_15620555,1990.4.a
"Influenza A virus (A/swine/North Carolina/A01410709/2014(H3N2)) segment 4 hemagglutinin (HA) gene, complete cds |Alphainfluenzavirus influenzae|H3N2|USA: North Carolina|Sus scrofa|2014-04|KJ859582.1",1990.4.a
A/swine/Ohio/24-34374/2024|A_/_H3N2|unassigned|2024-12-27|HA|4||EPI_ISL_20187754,2010.1
A/swine/Kansas/N000247/2023|A_/_H3N2|unassigned|2023-12-26|HA|4||EPI_ISL_19268402,2010.1
A/swine/Illinois/100320/2017|A_/_H3|3C.3a|2017-11-29|HA|4||EPI_ISL_19278702,1990.1
A/swine/Michigan/A01432678/2013|A_/_H3N2|unassigned|2013-05-01|HA|4||EPI_ISL_143204,1990.4.a
A/swine/Minnesota/A01941115/2015|A_/_H3N2|unassigned|2015-11-09|HA|4||EPI_ISL_205998,1990.4.b1
A/swine/Iowa/A02478488/2019|A_/_H3N2|unassigned|2019-05-10|HA|4||EPI_ISL_368773,2010.1
A/swine/Iowa/A02268966/2018|A_/_H3N2|unassigned|2018-11-09|HA|4||EPI_ISL_378898,2010.1
A/swine/Oklahoma/SG1498/2010|A_/_H3N2|unassigned|2010-11-11|HA|4||EPI_ISL_151396,1990.4.f
A/swine/Nebraska/A02155428/2018|A_/_H3N2|unassigned|2018-03-09|HA|4||EPI_ISL_329719,1990.4.a
A/swine/North_Carolina/A01476734/2014|A_/_H3N2|unassigned|2014-10-15|HA|4||EPI_ISL_170808,1990.4.a
A/swine/Iowa/A01203459/2012|A_/_H3N2|unassigned|2012-04-23|HA|4||EPI_ISL_127724,1990.4.b1
A/swine/North_Carolina/A01476427/2014|A_/_H3N2|unassigned|2014-09-17|HA|4||EPI_ISL_167436,1990.4.a
A/swine/Oklahoma/A02863211/2024|A_/_H3N2|unassigned|2024-12-06|HA|4||EPI_ISL_19678837,1990.4.b1
A/swine/Oklahoma/A01777830/2016|A_/_H3N2|unassigned|2016-07-22|HA|4||EPI_ISL_234677,1990.4.a
A/swine/Ohio/21TOSU1111/2021|A_/_H3N2|3C.3a|2021-06-05|HA|4||EPI_ISL_18005775,1990.4.a
A/swine/Ohio/A01351683/2013|A_/_H3N2|unassigned|2013-07-16|HA|4||EPI_ISL_145799,1990.4.a
A/swine/Iowa/A02751051/2022|A_/_H3N2|3C.3a|2022-10-18|HA|4||EPI_ISL_16854569,1990.4.a
A/swine/Alabama/D0383/2012|A_/_H3N2|unassigned|2012-12-11|HA|4||EPI_ISL_207062,1990.4.a
A/swine/Ohio/OH-18-6906/2018|A_/_H3N2|unassigned|2018-03-25|HA|4||EPI_ISL_329654,1990.4.a
A/swine/Iowa/A01476858/2014|A_/_H3N2|unassigned|2014-10-29|HA|4||EPI_ISL_181267,1990.4.b1
A/swine/Oklahoma/ISU-A02862233/2024|A_/_H3N2|unassigned|2024-01-19|HA|4||EPI_ISL_18898111,1990.4.b1
A/swine/Illinois/A02863212/2024|A_/_H3N2|unassigned|2024-12-09|HA|4||EPI_ISL_19678848,2010.1
A/swine/Minnesota/A01943867/2016|A_/_H3N2|unassigned|2016-06-17|HA|4||EPI_ISL_234396,2010.1
A/swine/Iowa/A01476501/2014|A_/_H3N1|unassigned|2014-01-09|HA|4||EPI_ISL_171044,2010.1
A/swine/Ohio/17TOSU5172/2017|A_/_H3N2|unassigned|2017-06-01|HA|4||EPI_ISL_373695,2010.1
A/swine/Virginia/A01203436/2012|A_/_H3N2|unassigned|2012-04-01|HA|4||EPI_ISL_127717,1990.4.k
A/swine/Iowa/A02751247/2022|A_/_H3N2|unassigned|2022-11-12|HA|4||EPI_ISL_16840791,2010.1
A/swine/Illinois/A02478682/2019|A_/_H3N2|unassigned|2019-09-23|HA|4||EPI_ISL_396965,1990.4.a
A/swine/North_Carolina/A01732888/2016|A_/_H3N2|unassigned|2016-03-03|HA|4||EPI_ISL_222102,1990.4.a
"Influenza A virus (A/swine/Pennsylvania/A02635982/2021(H3N2)) segment 4 hemagglutinin (HA) gene, complete cds |Alphainfluenzavirus influenzae|H3N2|USA: Pennsylvania|Sus scrofa|2021-07-26|OK047461.1",1990.4.a
A/swine/Illinois/A01820364/2015|A_/_H3N2|unassigned|2015-04-14|HA|4||EPI_ISL_188953,1990.4.a
A/swine/Illinois/A01478325/2014|A_/_H3N2|unassigned|2014-11-20|HA|4||EPI_ISL_182301,1990.4.b2
A/swine/North_Carolina/A01895864/2016|A_/_H3N2|unassigned|2016-04-21|HA|4||EPI_ISL_225517,1990.4.a
A/swine/Illinois/101630/2022|A_/_H3|3C.3a|2022-09-08|HA|4||EPI_ISL_19277911,1990.4.a
A/swine/Kansas/14-032477/2014|A_/_H3N2|unassigned|2014-12-10|HA|4||EPI_ISL_174535,1990.4.a
A/swine/Indiana/ISU-A02861694/2023|A_/_H3N2|unassigned|2023-07-31|HA|4||EPI_ISL_18228698,2010.2
A/swine/Missouri/A02858433/2025|A_/_H3N2|unassigned|2025-02-26|HA|4||EPI_ISL_19810993,2010.1
A/swine/North_Carolina/SG1358/2010|A_/_H3N2|unassigned|2010-09-24|HA|4||EPI_ISL_150944,1990.4
A/swine/Iowa/A01472644/2015|A_/_H3N2|unassigned|2015-07-29|HA|4||EPI_ISL_196310,1990.4.b2
A/swine/Iowa/ISU-A02861868/2023|A_/_H3N2|unassigned|2023-10-05|HA|4||EPI_ISL_18755235,1990.4.a
A/swine/Utah/A02524953/2020|A_/_H3N2|unassigned|2020-12-03|HA|4||EPI_ISL_4081852,2010.1
A/swine/North_Carolina/A01291329/2013|A_/_H3N2|unassigned|2013-09-01|HA|4||EPI_ISL_149666,1990.4.a
"Influenza A virus (A/swine/North Carolina/SG1174/2003(H3N1)) hemagglutinin (HA) gene, partial cds |Alphainfluenzavirus influenzae|H3N1|USA: North Carolina|Sus scrofa|2003-09-05|CY159541.1",1990.4
"Influenza A virus (A/swine/Indiana/22TOSU2824/2022(H3Nx)) segment 4 hemagglutinin (HA) gene, complete cds |Alphainfluenzavirus influenzae|H3Nx|USA|Sus scrofa scrofa|2022-07-18|OQ723129.1",2010.1
A/swine/Minnesota/004664_02859139/2025|A_/_H3N2|unassigned|2025-12-18|HA|4||EPI_ISL_20389161,1990.4.a
A/swine/Iowa/A02750693/2022|A_/_H3N2|unassigned|2022-07-06|HA|4||EPI_ISL_14931852,2010.1
"Influenza A virus (A/swine/Nebraska/A02750960/2022(H3N2)) segment 4 hemagglutinin (HA) gene, complete cds |Alphainfluenzavirus influenzae|H3N2|USA: Nebraska|Sus scrofa|2022-10-05|OP903607.1",2010.1
A/swine/Minnesota/USDA-A02978678/2023|A_/_H3N2|3C.2|2023-12-22|HA|4||EPI_ISL_18911178,2010.1
A/swine/Minnesota/A02248075/2021|A_/_H3N2|unassigned|2021-04-29|HA|4||EPI_ISL_4089904,1990.4.a
A/swine/USA/29/2018|A_/_H3N2|3C.2a1|2018-12-20|HA|4||EPI_ISL_505862,2010.2
A/swine/Minnesota/A01785316/2017|A_/_H3N2|unassigned|2017-10-17|HA|4||EPI_ISL_290283,2010.1
A/swine/North_Carolina/ISU-A02862118/2023|A_/_H3N2|3C.2|2023-12-06|HA|4||EPI_ISL_18773605,2010.1
A/swine/Illinois/100243/2017|A_/_H3|unassigned|2017-01-19|HA|4||EPI_ISL_19278885,1990.4.a
"Influenza A virus (A/swine/Oklahoma/A02710711/2024(H3N2)) segment 4 hemagglutinin (HA) gene, complete cds |Alphainfluenzavirus influenzae|H3N2|USA|Sus scrofa|2024-02-13|PP579972.1",2010.1
A/swine/Ohio/A02861391/2023|A_/_H3N2|unassigned|2023-04-18|HA|4||EPI_ISL_17805865,2010.2
A/swine/Illinois/100278/2017|A_/_H3|unassigned|2017-03-15|HA|4||EPI_ISL_19278838,1990.4.a
A/swine/Ohio/OH20-11699/2020|A_/_H3N2|3C.3a|2020-06-09|HA|4||EPI_ISL_17373090,1990.4.a
"Influenza A virus (A/swine/Illinois/23TOSU3903/2023(H3N2)) segment 4 hemagglutinin (HA) gene, complete cds |Alphainfluenzavirus influenzae|H3N2|USA|Sus scrofa scrofa|2023-08-12|PP461265.1",1990.4.a
A/swine/Minnesota/A02432160/2019|A_/_H3N2|unassigned|2019-04-05|HA|4||EPI_ISL_366151,2010.1
A/swine/Iowa/A02750658/2022|A_/_H3N2|unassigned|2022-06-21|HA|4||EPI_ISL_14885869,2010.1
A/swine/Iowa/A02525378/2021|A_/_H3N2|unassigned|2021-04-13|HA|4||EPI_ISL_4083578,1990.4.a
A/swine/Iowa/A02223222/2017|A_/_H3N2|unassigned|2017-10-10|HA|4||EPI_ISL_296671,2010.1
A/swine/Iowa/A02863048/2024|A_/_H3N2|unassigned|2024-10-21|HA|4||EPI_ISL_19556916,2010.1
A/swine/Kansas/A02245738/2020|A_/_H3N1|unassigned|2020-10-09|HA|4||EPI_ISL_697745,2010.1
A/swine/Minnesota/A01301346/2012|A_/_H3N2|unassigned|2012-08-02|HA|4||EPI_ISL_130141,1990.4.f
A/swine/Nebraska/A01394342/2013|A_/_H3N2|unassigned|2013-10-28|HA|4||EPI_ISL_151790,1990.4.a
A/swine/North_Carolina/A02478964/2019|A_/_H3N2|unassigned|2019-12-19|HA|4||EPI_ISL_505880,2010.1
A/swine/Minnesota/MT_12_07_518/2012|A_/_H3N2|unassigned|2012-01-04|HA|4||EPI_ISL_271081,1990.4.b2
A/swine/Minnesota/A02978922/2024|A_/_H3N2|3C.3a|2024-10-02|HA|4||EPI_ISL_19556766,1990.4.a
A/swine/Indiana/13TOSU5730/2013|A_/_H3N2|unassigned|2013-08-31|HA|4||EPI_ISL_168299,1990.4.a
A/swine/Oklahoma/A02245761/2020|A_/_H3N2|unassigned|2020-10-23|HA|4||EPI_ISL_4081676,2010.1
A/swine/Pennsylvania/A02863087/2024|A_/_H3N2|unassigned|2024-10-30|HA|4||EPI_ISL_19592767,1990.4.a
A/swine/Iowa/A02156987/2018|A_/_H3N2|unassigned|2018-03-20|HA|4||EPI_ISL_310679,2010.1
"Influenza A virus (A/swine/North Carolina/SG1364/2010(H3N2)) hemagglutinin (HA) gene, partial cds |Alphainfluenzavirus influenzae|H3N2|USA: North Carolina|Sus scrofa|2010-11-24|CY160026.1",1990.4
A/swine/Iowa/A02479159/2020|A_/_H3N2|unassigned|2020-03-23|HA|4||EPI_ISL_504069,2010.1
"Influenza A virus (A/swine/Iowa/A02254975/2018(H3N2)) segment 4 hemagglutinin (HA) gene, complete cds |Alphainfluenzavirus influenzae|H3N2|USA: Iowa|Sus scrofa|2018-08-10|MH819322.1",1990.4.a
A/swine/Minnesota/A02858296/2024|A_/_H3N2|unassigned|2024-12-12|HA|4||EPI_ISL_19764685,1990.4.a
A/swine/Iowa/A02431352/2019|A_/_H3N2|unassigned|2019-03-14|HA|4||EPI_ISL_369830,2010.1
A/swine/North_Carolina/01052/2006|A_/_H3N2|unassigned|2006-03-14|HA|4||EPI_ISL_151273,1990.4
A/swine/Arkansas/A01678568/2018|A_/_H3N2|3C.2a1|2018-06-05|HA|4||EPI_ISL_328640,2010.2
A/swine/Illinois/A02478532/2019|A_/_H3N2|unassigned|2019-05-30|HA|4||EPI_ISL_372424,2010.1
A/swine/Minnesota/00063/2003|A_/_H3N2|unassigned|2003-06-01|HA|4||EPI_ISL_190220,1990.4
A/swine/Nebraska/A01565757/2014|A_/_H3N2|unassigned|2014-06-24|HA|4||EPI_ISL_167970,1990.4.a
A/swine/Texas/SG1270/2007|A_/_H3N2|unassigned|2007-03-01|HA|4||EPI_ISL_151337,1990.4.f
A/swine/Minnesota/MT_12_07_1657/2012|A_/_H3N2|unassigned|2012-10-31|HA|4||EPI_ISL_271657,1990.4.b2
A/swine/Oklahoma/A02712154/2022|A_/_H3N2|unassigned|2022-09-21|HA|4||EPI_ISL_16212285,2010.1
A/swine/Iowa/A02524509/2020|A_/_H3N2|unassigned|2020-07-29|HA|4||EPI_ISL_707115,1990.4.a
A/swine/Minnesota/A01785355/2017|A_/_H3N2|unassigned|2017-11-15|HA|4||EPI_ISL_297120,2010.1
A/swine/Iowa/A02751311/2022|A_/_H3N2|unassigned|2022-11-29|HA|4||EPI_ISL_16840821,2010.1
A/swine/Minnesota/A02245139/2019|A_/_H3N2|unassigned|2019-05-22|HA|4||EPI_ISL_368784,2010.1
A/swine/Colorado/A02710706/2022|A_/_H3N2|unassigned|2022-06-09|HA|4||EPI_ISL_14937259,1990.4.a
A/swine/Iowa/A01076309/2010|A_/_H3N2|unassigned|2010-09-20|HA|4||EPI_ISL_124041,1990.4
A/swine/South_Dakota/A02478607/2019|A_/_H3N2|unassigned|2019-07-31|HA|4||EPI_ISL_389847,1990.4.a
"Influenza A virus (A/swine/Ohio/OH22-4929/2022(H3N2)) segment 4 hemagglutinin (HA) gene, complete cds |Alphainfluenzavirus influenzae|H3N2|USA: Ohio|Sus scrofa|2022-03-10|OQ750067.1",1990.4.a
A/swine/Iowa/A01244805/2013|A_/_H3N2|unassigned|2013-07-01|HA|4||EPI_ISL_145742,1990.4.a
A/swine/North_Carolina/A02524538/2020|A_/_H3N2|unassigned|2020-08-06|HA|4||EPI_ISL_707228,1990.4.a
A/swine/Iowa/A01432500/2013|A_/_H3N2|unassigned|2013-03-01|HA|4||EPI_ISL_138995,1990.4.f
A/swine/Minnesota/A01277201/2012|A_/_H3N2|unassigned|2012-11-12|HA|4||EPI_ISL_132961,1990.4.b2
A/swine/Iowa/A02479185/2020|A_/_H3N2|unassigned|2020-03-27|HA|4||EPI_ISL_502566,1990.4.a
A/swine/Ohio/24TOSU2685/2024|A_/_H3N2|3C.3a|2024-07-11|HA|4||EPI_ISL_19815594,1990.4.a
A/swine/Minnesota/A02257811/2018|A_/_H3N2|unassigned|2018-09-21|HA|4||EPI_ISL_379930,2010.1
A/swine/South_Dakota/A02636046/2021|A_/_H3N2|unassigned|2021-08-09|HA|4||EPI_ISL_6781447,1990.4.a
A/swine/Iowa/MT_12_07_11_2_15/2011|A_/_H3N2|unassigned|2011-11-22|HA|4||EPI_ISL_271047,1990.4.f
A/swine/Michigan/17TOSU4222/2017|A_/_H3N2|unassigned|2017-08-01|HA|4||EPI_ISL_379318,2010.1
A/swine/Iowa/A02430478/2019|A_/_H3N2|unassigned|2019-02-11|HA|4||EPI_ISL_371765,2010.1
A/swine/Illinois/A02076652/2015|A_/_H3N2|unassigned|2015-04-28|HA|4||EPI_ISL_190523,1990.4.b1
A/swine/Minnesota/092511_02858800/2025|A_/_H3N2|unassigned|2025-08-27|HA|4||EPI_ISL_20187398,2010.1
A/swine/Missouri/A02136832/2017|A_/_H3N2|unassigned|2017-11-22|HA|4||EPI_ISL_297173,1990.4.b1
A/swine/Missouri/A01668744/2016|A_/_H3N2|unassigned|2016-11-29|HA|4||EPI_ISL_252702,2010.1
"Influenza A virus (A/swine/Minnesota/A02978813/2024(H3N2)) segment 4 hemagglutinin (HA) gene, complete cds |Alphainfluenzavirus influenzae|H3N2|USA|Sus scrofa|2024-02-21|PP580014.1",2010.1
A/swine/Indiana/A01260926/2015|A_/_H3N2|unassigned|2015-06-29|HA|4||EPI_ISL_196102,1990.4.a
A/swine/Minnesota/A01847455/2015|A_/_H3N2|unassigned|2015-04-20|HA|4||EPI_ISL_188903,1990.4.b1
A/swine/Iowa/A02858784/2025|A_/_H3N2|unassigned|2025-08-26|HA|4||EPI_ISL_20176233,1990.4.i
A/swine/Indiana/A02478727/2019|A_/_H3N2|unassigned|2019-10-04|HA|4||EPI_ISL_399407,1990.4.a
A/swine/North_Carolina/A01945728/2015|A_/_H3N2|unassigned|2015-10-19|HA|4||EPI_ISL_203108,1990.4.a
A/swine/Oklahoma/00518/2005|A_/_H3N2|unassigned|2005-03-01|HA|4||EPI_ISL_150828,1990.4
A/swine/Oklahoma/A02858714/2025|A_/_H3N2|unassigned|2025-07-03|HA|4||EPI_ISL_20100694,1990.4.b1
A/swine/Nebraska/A01847174/2015|A_/_H3N1|unassigned|2015-04-07|HA|4||EPI_ISL_190606,1990.4.a
A/swine/Minnesota/A02862543/2024|A_/_H3N2|3C.2|2024-04-11|HA|4||EPI_ISL_19139958,2010.1
A/swine/Iowa/ISU-A02861754/2023|A_/_H3N2|unassigned|2023-08-30|HA|4||EPI_ISL_18338526,2010.1
A/swine/Minnesota/A02858581/2025|A_/_H3N2|unassigned|2025-04-29|HA|4||EPI_ISL_19885031,2010.1
"Influenza A virus (A/swine/Texas/A02711707/2022(H3N?)) segment 4 hemagglutinin (HA) gene, complete cds |Alphainfluenzavirus influenzae|H3N?|USA: Texas|Sus scrofa|2022-03-10|ON427064.1",2010.1
A/swine/Arkansas/A01840027/2014|A_/_H3N2|unassigned|2014-12-02|HA|4||EPI_ISL_174302,1990.4.b1
A/swine/North_Carolina/A02245294/2019|A_/_H3N2|unassigned|2019-10-15|HA|4||EPI_ISL_399443,1990.4.a
A/swine/Iowa/A02636369/2022|A_/_H3N2|unassigned|2022-01-10|HA|4||EPI_ISL_14775406,2010.1
A/swine/Minnesota/A01365497/2013|A_/_H3N2|unassigned|2013-10-22|HA|4||EPI_ISL_150657,1990.4.b2
A/swine/Illinois/53612-4/2009|A_/_H3N2|unassigned|2009-11-05|HA|4||EPI_ISL_86217,1990.4
A/swine/Minnesota/01146/2006|A_/_H3N2|unassigned|2006-05-25|HA|4||EPI_ISL_237797,1990.4
A/swine/Indiana/A02636354/2022|A_/_H3N2|unassigned|2022-01-03|HA|4||EPI_ISL_14775294,2010.1
A/swine/Nebraska/A02751253/2022|A_/_H3N2|unassigned|2022-11-17|HA|4||EPI_ISL_16840787,1990.4.b1
A/swine/Iowa/A02215033/2017|A_/_H3N2|unassigned|2017-04-17|HA|4||EPI_ISL_267148,2010.1
A/swine/USA/41/2019|A_/_H3N2|unassigned|2019-06-21|HA|4||EPI_ISL_505874,2010.2
A/swine/Minnesota/USDA-A02712756/2023|A_/_H3N2|unassigned|2023-12-20|HA|4||EPI_ISL_18911173,2010.1
A/swine/Iowa/A02862468/2024|A_/_H3N2|3C.2|2024-03-27|HA|4||EPI_ISL_19072963,2010.1
A/swine/North_Carolina/A02245682/2020|A_/_H3N2|unassigned|2020-08-04|HA|4||EPI_ISL_707223,1990.4.a
A/swine/Nebraska/A01491558/2014|A_/_H3N2|unassigned|2014-02-03|HA|4||EPI_ISL_157614,1990.4.a
A/swine/Iowa/A02478956/2019|A_/_H3N2|unassigned|2019-12-04|HA|4||EPI_ISL_505900,2010.1
A/swine/Illinois/A01672426/2017|A_/_H3N2|unassigned|2017-01-20|HA|4||EPI_ISL_256555,1990.4.g
A/swine/Iowa/A01785265/2017|A_/_H3N2|unassigned|2017-05-19|HA|4||EPI_ISL_273347,2010.1
A/swine/Ohio/17TOSU5506/2017|A_/_H3N2|unassigned|2017-06-01|HA|4||EPI_ISL_373700,2010.1
A/swine/Iowa/A01203943/2012|A_/_H3N2|unassigned|2012-10-03|HA|4||EPI_ISL_132356,1990.4.b1
A/swine/Iowa/ISU-A02861833/2023|A_/_H3N2|unassigned|2023-09-25|HA|4||EPI_ISL_18699089,1990.4.a
A/swine/Illinois/A01327903/2012|A_/_H3N2|unassigned|2012-05-08|HA|4||EPI_ISL_130049,1990.4.a
A/swine/Minnesota/A01290747/2013|A_/_H3N2|unassigned|2013-11-01|HA|4||EPI_ISL_153725,1990.4.f
A/swine/North_Carolina/A02254950/2018|A_/_H3N2|unassigned|2018-08-09|HA|4||EPI_ISL_381080,2010.1
A/swine/Iowa/A02219789/2017|A_/_H3N2|unassigned|2017-08-18|HA|4||EPI_ISL_282401,2010.1
A/swine/Iowa/A02858307/2025|A_/_H3N2|unassigned|2025-01-21|HA|4||EPI_ISL_19764688,2010.1
A/swine/North_Carolina/CL3214/2018|A_/_H3N2|unassigned|2018-01-01|HA|4||EPI_ISL_14769979,1990.4.a
A/swine/Kansas/A01378028/2017|A_/_H3N2|unassigned|2017-07-26|HA|4||EPI_ISL_280163,1990.4.b1
A/swine/Iowa/A02635906/2021|A_/_H3N2|unassigned|2021-06-24|HA|4||EPI_ISL_4084589,1990.4.a
A/swine/Illinois/100624/2019|A_/_H3|3C.3a|2019-11-26|HA|4||EPI_ISL_19278262,1990.4.a
A/swine/Oklahoma/A02478518/2019|A_/_H3N2|3C.2a1|2019-05-16|HA|4||EPI_ISL_369151,2010.2
A/swine/Minnesota/A02221495/2017|A_/_H3N2|unassigned|2017-08-29|HA|4||EPI_ISL_285469,2010.1
A/swine/Iowa/A01785504/2018|A_/_H3N2|unassigned|2018-03-08|HA|4||EPI_ISL_311218,2010.1
A/swine/Iowa/A01668655/2016|A_/_H3N2|unassigned|2016-11-22|HA|4||EPI_ISL_252701,2010.1
A/swine/Iowa/A02158520/2018|A_/_H3N2|unassigned|2018-05-08|HA|4||EPI_ISL_328746,2010.1
A/swine/Illinois/A01290325/2013|A_/_H3N2|unassigned|2013-08-01|HA|4||EPI_ISL_148316,1990.4.b2
A/swine/Texas/A01785780/2018|A_/_H3N2|unassigned|2018-12-05|HA|4||EPI_ISL_376675,2010.1
A/swine/Minnesota/A02980719/2025|A_/_H3N2|unassigned|2025-10-23|HA|4||EPI_ISL_20258456,2010.1
A/swine/Iowa/A02479022/2020|A_/_H3N1|3C.2|2020-01-22|HA|4||EPI_ISL_501277,2010.1
A/swine/Illinois/A02270099/2018|A_/_H3N2|unassigned|2018-11-20|HA|4||EPI_ISL_378949,2010.1
A/swine/Iowa/A02751041/2022|A_/_H3N2|3C.3a|2022-10-14|HA|4||EPI_ISL_16854573,1990.4.a
A/swine/Ohio/OH-20511/2021|A_/_H3N2|3C.3a|2021-09-03|HA|4||EPI_ISL_17471855,1990.4.a
A/swine/North_Carolina/A02858572/2025|A_/_H3N2|unassigned|2025-04-24|HA|4||EPI_ISL_19885014,1990.4.a
A/swine/Illinois/A01427144/2013|A_/_H3N2|unassigned|2013-11-06|HA|4||EPI_ISL_154593,1990.4.e
A/swine/Minnesota/A01366913/2014|A_/_H3N2|unassigned|2014-01-31|HA|4||EPI_ISL_157169,1990.4.a
A/swine/Iowa/A02858394/2025|A_/_H3N2|unassigned|2025-02-20|HA|4||EPI_ISL_19790151,2010.1
A/swine/Iowa/A02635852/2021|A_/_H3N2|unassigned|2021-05-19|HA|4||EPI_ISL_4084067,2010.1
A/swine/Iowa/A02635839/2021|A_/_H3N2|unassigned|2021-05-14|HA|4||EPI_ISL_4083952,1990.4.a
A/swine/North_Carolina/A01476074/2014|A_/_H3N2|unassigned|2014-07-09|HA|4||EPI_ISL_166573,1990.4.a
A/swine/South_Dakota/MT_12_07_2018/2012|A_/_H3N2|unassigned|2012-03-14|HA|4||EPI_ISL_271085,1990.4
A/swine/Minnesota/A01567401/2014|A_/_H3N2|unassigned|2014-07-21|HA|4||EPI_ISL_174507,1990.4.b1
A/swine/Wyoming/A01379327/2013|A_/_H3N2|unassigned|2013-03-29|HA|4||EPI_ISL_142019,1990.4.a
A/swine/Illinois/0TM119/2017|A_/_H3N2|unassigned|2017-02-13|HA|4||EPI_ISL_399323,2010.1
A/swine/Iowa/A02479302/2020|A_/_H3N2|unassigned|2020-05-01|HA|4||EPI_ISL_501668,2010.1
A/swine/Iowa/A02248201/2021|A_/_H3N2|unassigned|2021-09-27|HA|4||EPI_ISL_6795316,1990.4.a
A/swine/Iowa/A01203492/2012|A_/_H3N2|unassigned|2012-05-04|HA|4||EPI_ISL_124045,1990.4.b1
A/swine/Iowa/A02431986/2019|A_/_H3N2|unassigned|2019-04-04|HA|4||EPI_ISL_366314,2010.1
A/swine/Michigan/A02751447/2023|A_/_H3N2|unassigned|2023-01-02|HA|4||EPI_ISL_17184147,2010.1
A/swine/Iowa/A02525387/2021|A_/_H3N2|unassigned|2021-03-08|HA|4||EPI_ISL_4083570,1990.4.a
A/swine/Ohio/17TOSU2596/2017|A_/_H3N2|unassigned|2017-06-01|HA|4||EPI_ISL_379324,2010.1
A/swine/Michigan/A01259034/2012|A_/_H3N2|unassigned|2012-12-18|HA|4||EPI_ISL_139840,1990.4.c
A/swine/Iowa/MT_12_07_2594/2012|A_/_H3N2|unassigned|2012-04-30|HA|4||EPI_ISL_271645,1990.4.f
A/swine/Iowa/A02478519/2019|A_/_H3N2|unassigned|2019-06-03|HA|4||EPI_ISL_387856,2010.1
A/swine/Illinois/A01076730/2010|A_/_H3N2|unassigned|2010-11-01|HA|4||EPI_ISL_124341,1990.4
A/swine/Iowa/A02524701/2020|A_/_H3N2|unassigned|2020-10-06|HA|4||EPI_ISL_697698,1990.4.a
A/swine/Indiana/A01260882/2015|A_/_H3N2|unassigned|2015-04-28|HA|4||EPI_ISL_191519,1990.4.a
A/swine/Illinois/TM1706DTW24/2017|A_/_H3N2|unassigned|2017-01-01|HA|4||EPI_ISL_16706642,2010.1
A/swine/Kansas/A02858342/2025|A_/_H3N2|unassigned|2025-02-03|HA|4||EPI_ISL_19769013,1990.4.b1
"Influenza A virus (A/swine/West Virginia/A01104152/2022(H3N2)) segment 4 hemagglutinin (HA) gene, complete cds |Alphainfluenzavirus influenzae|H3N2|USA: West Virginia|Sus scrofa|2022-07-29|OP912663.1",2010.1
A/swine/Indiana/A02862366/2024|A_/_H3N2|3C.2|2024-03-08|HA|4||EPI_ISL_19067866,2010.1
A/swine/Iowa/A01777893/2016|A_/_H3N2|unassigned|2016-07-21|HA|4||EPI_ISL_234678,1990.4.a
A/swine/Iowa/A02431454/2019|A_/_H3N2|unassigned|2019-03-20|HA|4||EPI_ISL_370238,1990.4.i
A/swine/Iowa/A02858661/2025|A_/_H3N1|unassigned|2025-06-04|HA|4||EPI_ISL_20051674,2010.1
A/swine/Iowa/ISU-A02862211/2024|A_/_H3N2|unassigned|2024-01-05|HA|4||EPI_ISL_18921590,2010.1
A/swine/Iowa/A02863101/2024|A_/_H3N2|unassigned|2024-10-25|HA|4||EPI_ISL_19592701,2010.1
A/swine/North_Carolina/A01476883/2014|A_/_H3N2|unassigned|2014-10-30|HA|4||EPI_ISL_181271,1990.4.a
A/swine/Illinois/100150/2015|A_/_H3|3C.3a|2015-08-03|HA|4||EPI_ISL_19279174,1990.4.b2
A/swine/Illinois/21TOSU2100/2021|A_/_H3N2|unassigned|2021-06-25|HA|4||EPI_ISL_14872410,2010.1
A/swine/Michigan/A01259000/2012|A_/_H3N2|unassigned|2012-06-19|HA|4||EPI_ISL_128295,1990.4.a
A/swine/Iowa/A02524819/2020|A_/_H3N2|unassigned|2020-10-29|HA|4||EPI_ISL_4081585,2010.1
"Influenza A virus (A/swine/Indiana/A02751405/2022(H3N2)) segment 4 hemagglutinin (HA) gene, complete cds |Alphainfluenzavirus influenzae|H3N2|USA: Indiana|Sus scrofa|2022-12-13|OQ469394.1",2010.1
A/swine/Iowa/A02158519/2018|A_/_H3N2|unassigned|2018-05-08|HA|4||EPI_ISL_328748,2010.1
A/swine/North_Carolina/A02861348/2023|A_/_H3N2|unassigned|2023-03-31|HA|4||EPI_ISL_17667751,1990.4.a
A/swine/Pennsylvania/A02524606/2020|A_/_H3N2|unassigned|2020-09-03|HA|4||EPI_ISL_707299,1990.4.a
A/swine/Minnesota/A02245380/2020(H3N2)|A_/_H3N2|unassigned|2020-01-08|HA|4||EPI_ISL_503411,2010.1
A/swine/North_Carolina/A02478858/2019|A_/_H3N2|unassigned|2019-11-11|HA|4||EPI_ISL_505620,1990.4.a
A/swine/Iowa/A01729699/2016|A_/_H3N2|unassigned|2016-01-19|HA|4||EPI_ISL_213783,1990.4.e
A/swine/Ohio/23-2203/2023|A_/_H3N2|3C.2a1b.2a.2a.1|2023-02-02|HA|4||EPI_ISL_20186013,Other-Human-2020
A/swine/Texas/A02711858/2022|A_/_H3N2|unassigned|2022-07-29|HA|4||EPI_ISL_16212277,2010.1
A/swine/Illinois/A02478883/2019|A_/_H3N2|unassigned|2019-11-14|HA|4||EPI_ISL_503379,2010.1
"Influenza A virus (A/swine/Indiana/23TOSU2948/2023(H3Nx)) segment 4 hemagglutinin (HA) gene, complete cds |Alphainfluenzavirus influenzae|H3Nx|USA|Sus scrofa scrofa|2023-07-28|PP461361.1",1990.4.a
A/swine/Iowa/A01049112/2010|A_/_H3N2|unassigned|2010-11-22|HA|4||EPI_ISL_90126,1990.4.b2
A/swine/Missouri/A02858680/2025|A_/_H3N2|3C.2|2025-06-12|HA|4||EPI_ISL_20061828,2010.1
A/swine/Iowa/A02216455/2017|A_/_H3N2|unassigned|2017-05-24|HA|4||EPI_ISL_273343,2010.1
A/swine/North_Carolina/004506_02858995/2025|A_/_H3N2|unassigned|2025-10-14|HA|4||EPI_ISL_20389192,2010.1
A/swine/Illinois/A02154869/2018|A_/_H3N2|unassigned|2018-03-09|HA|4||EPI_ISL_329727,2010.1
"Influenza A virus (A/swine/Iowa/22TOSU1431/2022(H3N2)) segment 4 hemagglutinin (HA) gene, complete cds |Alphainfluenzavirus influenzae|H3N2|USA|Sus scrofa scrofa|2022-06-16|OP871016.1",2010.1
A/swine/Ohio/A02218759/2017|A_/_H3N2|unassigned|2017-07-25|HA|4||EPI_ISL_281306,2010.1
A/swine/Minnesota/A02245604/2020|A_/_H3N2|unassigned|2020-04-27|HA|4||EPI_ISL_502914,1990.4.a
A/swine/Illinois/A02134235/2017|A_/_H3N2|unassigned|2017-10-19|HA|4||EPI_ISL_296551,2010.1
A/Swine/North_Carolina/35922/98|A_/_H3N2|unassigned|1998-01-01|HA|4||EPI_ISL_1259,1990.1
A/swine/Minnesota/A01351603/2013|A_/_H3N2|unassigned|2013-07-11|HA|4||EPI_ISL_145936,1990.4.a
A/swine/Iowa/A02751537/2023|A_/_H3N2|3C.2|2023-01-31|HA|4||EPI_ISL_17373150,2010.1
A/swine/Oklahoma/071800_A02862744/2024|A_/_H3N2|unassigned|2024-07-09|HA|4||EPI_ISL_19367356,2010.2
"Influenza A virus (A/swine/Missouri/A02635993/2021(H3N2)) segment 4 hemagglutinin (HA) gene, complete cds |Alphainfluenzavirus influenzae|H3N2|USA: Missouri|Sus scrofa|2021-07-27|OK047469.1",2010.1
A/swine/Ohio/14TOSU21801/2014|A_/_H3N2|unassigned|2014-01-01|HA|4||EPI_ISL_200903,1990.4.b1
A/swine/Illinois/100050/2013|A_/_H3|unassigned|2013-03-13|HA|4||EPI_ISL_19279313,1990.4.c
A/swine/Minnesota/A02216466/2017|A_/_H3N2|unassigned|2017-05-25|HA|4||EPI_ISL_273342,2010.1
A/swine/Oklahoma/A02216476/2017|A_/_H3N2|3C.2a1|2017-04-06|HA|4||EPI_ISL_272670,2010.2
A/swine/North_Carolina/A02025575/2015|A_/_H3N2|unassigned|2015-08-12|HA|4||EPI_ISL_200104,1990.4.a
A/swine/Iowa/A02751466/2023|A_/_H3N2|3C.3a|2023-01-13|HA|4||EPI_ISL_17184157,1990.4.a
A/swine/Wisconsin/H02AS8/2002|A_/_H3N2|unassigned|2002-01-01|HA|4||EPI_ISL_15040,1990.4-like
A/swine/Ohio/23-28739/2023|A_/_H3N2|unassigned|2023-11-27|HA|4||EPI_ISL_20186006,2010.2
A/swine/Illinois/A02090639/2015|A_/_H3N2|unassigned|2015-08-26|HA|4||EPI_ISL_201838,1990.4.a
A/swine/Kansas/2015-21/2015|A_/_H3N2|unassigned|2015-12-19|HA|4||EPI_ISL_4083639,1990.4.a
A/swine/Indiana/A02863053/2024|A_/_H3N2|unassigned|2024-10-23|HA|4||EPI_ISL_19556930,2010.2
A/swine/Nebraska/101422/2013|A_/_H3|unassigned|2013-07-02|HA|4||EPI_ISL_19279305,1990.4.a
A/swine/Iowa/A02863094/2024|A_/_H3N2|unassigned|2024-10-31|HA|4||EPI_ISL_19592705,2010.1
A/swine/Minnesota/A02245643/2020|A_/_H3N2|unassigned|2020-05-13|HA|4||EPI_ISL_501771,1990.4.a
A/swine/Iowa/A01945156/2015|A_/_H3N2|unassigned|2015-09-22|HA|4||EPI_ISL_201856,1990.4.b2
A/swine/Arkansas/A02139135/2017|A_/_H3N2|unassigned|2017-12-19|HA|4||EPI_ISL_295673,2010.1
A/swine/Illinois/101631/2022|A_/_H3|3C.2|2022-08-30|HA|4||EPI_ISL_19277912,2010.1
A/swine/Iowa/A02524801/2020|A_/_H3N2|unassigned|2020-10-27|HA|4||EPI_ISL_4081595,1990.4.a
A/swine/North_Carolina/A01770073/2015|A_/_H3N2|unassigned|2015-08-04|HA|4||EPI_ISL_200089,1990.4.a
A/swine/Iowa/A01847871/2015|A_/_H3N2|unassigned|2015-05-06|HA|4||EPI_ISL_190465,1990.4.b1
A/swine/Illinois/A02525379/2021|A_/_H3N2|unassigned|2021-04-09|HA|4||EPI_ISL_4083598,2010.1
A/swine/Indiana/18TOSU3611/2018|A_/_H3N2|unassigned|2018-06-01|HA|4||EPI_ISL_379738,2010.1
A/swine/NY/A01104005/2011|A_/_H3N2|unassigned|2011-09-13|HA|4||EPI_ISL_99174,1990.4.a
A/swine/Indiana/A02858279/2025|A_/_H3N2|unassigned|2025-01-14|HA|4||EPI_ISL_19740028,2010.2
A/swine/Minnesota/A01785812/2018|A_/_H3N2|unassigned|2018-12-31|HA|4||EPI_ISL_376865,2010.1
A/swine/Minnesota/USDA-A02978605/2023|A_/_H3N2|unassigned|2023-11-06|HA|4||EPI_ISL_18746636,2010.1
A/swine/Iowa/A01049119/2010|A_/_H3N2|unassigned|2010-11-19|HA|4||EPI_ISL_127730,1990.4.b2
A/swine/Iowa/MT_12_07_4297/2012|A_/_H3N2|unassigned|2012-08-31|HA|4||EPI_ISL_271040,1990.4.b1
A/swine/Ohio/OH21-10568/2021|A_/_H3N2|3C.3a|2021-05-05|HA|4||EPI_ISL_17760614,1990.4.a
A/swine/Iowa/A01476877/2014|A_/_H3N2|unassigned|2014-10-29|HA|4||EPI_ISL_181264,1990.4.a
A/swine/Ohio/23-24101/2023|A_/_H3N2|unassigned|2023-10-12|HA|4||EPI_ISL_20186011,2010.2
A/swine/Iowa/A01730108/2016|A_/_H3N2|unassigned|2016-01-22|HA|4||EPI_ISL_216998,1990.4.b2
A/swine/Virginia/A01104140/2019|A_/_H3N2|unassigned|2019-12-27|HA|4||EPI_ISL_503925,1990.4.a
A/swine/Indiana/21TOSU0959/2021|A_/_H3N2|unassigned|2021-06-17|HA|4||EPI_ISL_14872972,1990.4.a
A/swine/Missouri/A02863121/2024|A_/_H3N2|unassigned|2024-11-06|HA|4||EPI_ISL_19603476,2010.1
A/swine/Illinois/A02478479/2019|A_/_H3N2|unassigned|2019-05-08|HA|4||EPI_ISL_368778,1990.1
A/swine/Iowa/A01203936/2012|A_/_H3N2|unassigned|2012-10-01|HA|4||EPI_ISL_132352,1990.4.b1
A/swine/Illinois/A00857131/2011|A_/_H3N2|unassigned|2011-09-24|HA|4||EPI_ISL_121898,
A/swine/Ohio/A02685126/2023|A_/_H3N2|unassigned|2023-04-10|HA|4||EPI_ISL_18054521,2010.2
A/swine/Michigan/A02863147/2024|A_/_H3N2|unassigned|2024-11-14|HA|4||EPI_ISL_19633290,2010.1
A/swine/Ohio/SJCEIRR-SU0495/2023|A_/_H3N2|unassigned|2023-02-04|HA|4||EPI_ISL_18755245,2010.1
"Influenza A virus (A/swine/Minnesota/00709/2005(H3N2)) hemagglutinin (HA) gene, complete cds |Alphainfluenzavirus influenzae|H3N2|USA: Minnesota|Sus scrofa|2005-08-18|CY099061.1",1990.4
A/swine/Indiana/A01260321/2013|A_/_H3N2|unassigned|2013-06-25|HA|4||EPI_ISL_145798,1990.4.a
A/swine/Iowa/100921/2019|A_/_H3|unassigned|2019-06-20|HA|4||EPI_ISL_19278364,2010.1
"Influenza A virus (A/swine/Nebraska/00386/2004(H3N2)) hemagglutinin (HA) gene, partial cds |Alphainfluenzavirus influenzae|H3N2|USA: Nebraska|Sus scrofa|2004-08-13|CY159699.1",1990.4
A/swine/North_Carolina/A02155541/2018|A_/_H3N2|unassigned|2018-03-12|HA|4||EPI_ISL_329729,2010.1
A/swine/Illinois/100608/2019|A_/_H3|3C.3a|2019-09-27|HA|4||EPI_ISL_19278323,1990.4.a
A/swine/Iowa/A02862726/2024|A_/_H3N2|unassigned|2024-07-02|HA|4||EPI_ISL_19310333,1990.4.a
"Influenza A virus (A/swine/Iowa/A02861296/2023(H3N2)) segment 4 hemagglutinin (HA) gene, complete cds |Alphainfluenzavirus influenzae|H3N2|USA: Iowa|Sus scrofa|2023-03-17|OQ836476.1",1990.4.a
A/swine/Iowa/18469/2009|A_/_H3N2|unassigned|2009-06-01|HA|4||EPI_ISL_142721,1990.4
A/swine/Iowa/A02524706/2020|A_/_H3N2|unassigned|2020-10-06|HA|4||EPI_ISL_697699,1990.4.a
A/swine/Oklahoma/A02246452/2021|A_/_H3N2|unassigned|2021-05-28|HA|4||EPI_ISL_4089857,2010.1
"Influenza A virus (A/swine/Iowa/A02636019/2021(H3N2)) segment 4 hemagglutinin (HA) gene, complete cds |Alphainfluenzavirus influenzae|H3N2|USA: Iowa|Sus scrofa|2021-08-02|OK064040.1",2010.1
A/swine/Iowa/A02479154/2020|A_/_H3N2|unassigned|2020-03-19|HA|4||EPI_ISL_504086,1990.4.a
A/swine/Minnesota/A01785566/2018|A_/_H3N2|unassigned|2018-06-06|HA|4||EPI_ISL_328453,2010.1
A/swine/North_Carolina/A01785538/2018|A_/_H3N2|unassigned|2018-05-10|HA|4||EPI_ISL_328663,2010.1
A/swine/Iowa/100535/2018|A_/_H3|3C.2|2018-11-29|HA|4||EPI_ISL_19278484,2010.1
A/swine/Ohio/24-30150-3/2024|A_/_H3N2|unassigned|2024-11-10|HA|4||EPI_ISL_20187721,2010.1
A/swine/Illinois/100527/2018|A_/_H3|3C.3a|2018-11-05|HA|4||EPI_ISL_19278501,1990.1
A/swine/Iowa/B100710/2022|A_/_H3N2|unassigned|2022-10-26|HA|4||EPI_ISL_16854391,2010.1
A/swine/Illinois/A02751224/2022|A_/_H3N2|3C.3a|2022-11-08|HA|4||EPI_ISL_16925088,1990.4.a
"Influenza A virus (A/swine/Iowa/A02862303/2024(H3N2)) segment 4 hemagglutinin (HA) gene, complete cds |Alphainfluenzavirus influenzae|H3N2|USA: Iowa|Sus scrofa|2024-02-15|PP467094.1",1990.4.a
A/swine/Iowa/A02139130/2017|A_/_H3N2|unassigned|2017-12-15|HA|4||EPI_ISL_295653,2010.1
A/swine/Iowa/A01366680/2014|A_/_H3N2|unassigned|2014-01-10|HA|4||EPI_ISL_156389,1990.4.a
A/swine/Iowa/A02750700/2022|A_/_H3N2|unassigned|2022-07-07|HA|4||EPI_ISL_14931855,1990.4.a
A/swine/Iowa/101196/2010|A_/_H3|unassigned|2010-01-06|HA|4||EPI_ISL_19279431,1990.4.b2
A/swine/Illinois/100554/2019|A_/_H3|3C.2|2019-02-05|HA|4||EPI_ISL_19278440,2010.1
A/swine/Illinois/A01327396/2012|A_/_H3N2|unassigned|2012-04-05|HA|4||EPI_ISL_130040,1990.4.e
A/swine/Ohio/23-28966/2023|A_/_H3N2|unassigned|2023-11-28|HA|4||EPI_ISL_20186000,2010.1
A/swine/Iowa/071810_A02862754/2024|A_/_H3N2|unassigned|2024-07-11|HA|4||EPI_ISL_19367456,2010.1
A/swine/Oklahoma/A02862412/2024|A_/_H3N2|unassigned|2024-03-18|HA|4||EPI_ISL_19064808,1990.4.b1
A/swine/Illinois/100791/2021|A_/_H3|3C.3a|2021-11-30|HA|4||EPI_ISL_19277981,1990.4.a
"Influenza A virus (A/swine/Illinois/A01411493/2014(H3N2)) segment 4 hemagglutinin (HA) gene, complete cds |Alphainfluenzavirus influenzae|H3N2|USA: Illinois|Sus scrofa|2014-03|KJ605063.1",1990.4.a
A/swine/Ohio/A01727442/2015|A_/_H3N2|unassigned|2015-12-09|HA|4||EPI_ISL_209377,1990.4.a
A/swine/Montana/101929_02858883/2025|A_/_H3N2|unassigned|2025-10-07|HA|4||EPI_ISL_20231338,2010.1
A/swine/Iowa/A02862843/2024|A_/_H3N2|unassigned|2024-08-27|HA|4||EPI_ISL_19436810,2010.1
A/swine/Missouri/A02135750/2017|A_/_H3N2|unassigned|2017-11-03|HA|4||EPI_ISL_297096,2010.1
A/swine/Illinois/A02157056/2018|A_/_H3N2|unassigned|2018-03-28|HA|4||EPI_ISL_329643,1990.4.e
"Influenza A virus (A/swine/Iowa/A01501525/2014(H3N2)) segment 4 hemagglutinin (HA) gene, complete cds |Alphainfluenzavirus influenzae|H3N2|USA: Iowa|Sus scrofa|2014-05-29|KM005104.1",1990.4.a
A/swine/Kansas/A01785556/2018|A_/_H3N2|unassigned|2018-05-30|HA|4||EPI_ISL_328629,1990.4.b1
A/swine/Iowa/21TOSU0641/2021|A_/_H3N2|3C.3a|2021-05-27|HA|4||EPI_ISL_18005755,1990.4.a
A/swine/Iowa/A02219784/2017|A_/_H3N2|unassigned|2017-08-23|HA|4||EPI_ISL_282399,2010.1
A/swine/Illinois/A01241208/2012|A_/_H3N2|unassigned|2012-01-24|HA|4||EPI_ISL_130053,1990.4.f
A/swine/Indiana/A01812235/2016|A_/_H3N2|unassigned|2016-06-23|HA|4||EPI_ISL_234292,1990.4.a
A/swine/Pennsylvania/A01477597/2014|A_/_H3N2|unassigned|2014-09-25|HA|4||EPI_ISL_167977,1990.4.a
A/swine/Iowa/A02751211/2022|A_/_H3N2|3C.2|2022-11-09|HA|4||EPI_ISL_16924974,2010.1
A/swine/South_Dakota/A01785408/2018|A_/_H3N1|3C.2|2018-01-08|HA|4||EPI_ISL_303866,2010.1
A/swine/Indiana/A02636329/2022|A_/_H3N2|unassigned|2022-01-17|HA|4||EPI_ISL_14775404,1990.4.a
A/swine/Ohio/OH-18110/2021|A_/_H3N2|unassigned|2021-08-03|HA|4||EPI_ISL_17471850,1990.4.a
A/swine/Illinois/01131/2006|A_/_H3N2|unassigned|2006-05-05|HA|4||EPI_ISL_150869,1990.4
A/swine/Iowa/A02478495/2019|A_/_H3N2|3C.2a1|2019-05-16|HA|4||EPI_ISL_368844,2010.2
A/swine/Michigan/A02025547/2015|A_/_H3N2|unassigned|2015-08-13|HA|4||EPI_ISL_200098,1990.4.a
A/swine/Iowa/A02863198/2024|A_/_H3N2|unassigned|2024-11-30|HA|4||EPI_ISL_19678834,1990.4.a
A/swine/Iowa/A02076659/2015|A_/_H3N2|unassigned|2015-04-29|HA|4||EPI_ISL_190484,1990.4.a
A/swine/Illinois/A01567037/2014|A_/_H3N2|unassigned|2014-12-10|HA|4||EPI_ISL_182443,1990.4.b2
A/swine/Indiana/25TOSU1460/2025|A_/_H3N2|unassigned|2025-06-11|HA|4||EPI_ISL_20191335,2010.1
A/swine/Minnesota/USDA-A02978603/2023|A_/_H3N2|unassigned|2023-11-06|HA|4||EPI_ISL_18746638,1990.4
A/swine/Iowa/A01290431/2013|A_/_H3N2|unassigned|2013-09-01|HA|4||EPI_ISL_151719,1990.4
A/swine/Colorado/A02858679/2025|A_/_H3N2|unassigned|2025-06-12|HA|4||EPI_ISL_20061818,2010.1
A/swine/Iowa/A01049033/2010|A_/_H3N2|unassigned|2010-11-16|HA|4||EPI_ISL_109911,1990.4
A/swine/Pennsylvania/A01201666/2011|A_/_H3N2|unassigned|2011-06-14|HA|4||EPI_ISL_116359,1990.4
A/swine/Kansas/A02862674/2024|A_/_H3N2|unassigned|2024-07-25|HA|4||EPI_ISL_19301221,1990.4.b1
A/swine/Ohio/A02751015/2022|A_/_H3N2|3C.2|2022-10-18|HA|4||EPI_ISL_16854571,2010.1
A/swine/Minnesota/A01942171/2016|A_/_H3N2|unassigned|2016-01-28|HA|4||EPI_ISL_216911,2010.1
A/swine/Arkansas/A01678570/2018|A_/_H3N2|3C.2a1|2018-06-25|HA|4||EPI_ISL_328158,2010.2
A/swine/Iowa/A02170011/2018|A_/_H3N2|unassigned|2018-06-12|HA|4||EPI_ISL_328176,2010.1
A/swine/Wisconsin/A02140875/2018|A_/_H3N2|unassigned|2018-01-19|HA|4||EPI_ISL_301931,2010.1
A/swine/Indiana/A01812059/2015|A_/_H3N2|unassigned|2015-11-04|HA|4||EPI_ISL_256260,1990.4.a
A/swine/North_Caroiina/A02979255/2024|A_/_H3N2|unassigned|2024-09-17|HA|4||EPI_ISL_19556774,1990.4.b1
A/swine/North_Carolina/A01476698/2014|A_/_H3N2|unassigned|2014-10-14|HA|4||EPI_ISL_171031,1990.4.a
A/swine/USA/A01812268/2017|A_/_H3N1|unassigned|2017-08-30|HA|4||EPI_ISL_329606,2010.1
A/swine/Iowa/A02750626/2022|A_/_H3N2|unassigned|2022-05-23|HA|4||EPI_ISL_14871350,2010.1
A/swine/Minnesota/A02635875/2021|A_/_H3N2|unassigned|2021-05-25|HA|4||EPI_ISL_4084110,2010.1
A/swine/Iowa/A02478762/2019|A_/_H3N2|unassigned|2019-10-04|HA|4||EPI_ISL_399600,2010.1
"Influenza A virus (A/swine/Kansas/A01377326/2014(H3N2)) segment 4 hemagglutinin (HA) gene, complete cds |Alphainfluenzavirus influenzae|H3N2|USA|Sus scrofa|2014-07-01|KM251572.1",1990.4.a
A/swine/Iowa/A02636351/2022|A_/_H3N2|unassigned|2022-01-03|HA|4||EPI_ISL_14775277,2010.1
A/swine/Illinois/A01240774/2012|A_/_H3N2|unassigned|2012-01-09|HA|4||EPI_ISL_130180,1990.4.e
A/swine/Ohio/11SW93/2011|A_/_H3N2|unassigned|2011-08-05|HA|4||EPI_ISL_133874,1990.4.a
A/swine/Iowa/A02524937/2020|A_/_H3N2|unassigned|2020-12-01|HA|4||EPI_ISL_4081812,1990.4.a
A/swine/Nebraska/A01785272/2017|A_/_H3N2|unassigned|2017-07-03|HA|4||EPI_ISL_279523,1990.4.a
A/swine/Pennsylvania/A02750641/2022|A_/_H3N2|unassigned|2022-06-14|HA|4||EPI_ISL_14871357,1990.4.a
A/swine/Illinois/101198/2010|A_/_H3|unassigned|2010-01-13|HA|4||EPI_ISL_19279430,1990.4
A/swine/North_Carolina/A01777989/2016|A_/_H3N2|unassigned|2016-07-27|HA|4||EPI_ISL_234530,1990.4.a
A/swine/Missouri/101051/2006|A_/_H3|unassigned|2006-03-02|HA|4||EPI_ISL_19279568,1990.4-like
A/swine/Minnesota/A02248069/2021|A_/_H3N2|unassigned|2021-04-15|HA|4||EPI_ISL_4089934,2010.1
A/swine/Iowa/A02525046/2021|A_/_H3N2|unassigned|2021-01-08|HA|4||EPI_ISL_4081926,1990.4.a
A/swine/Ohio/OH20-8813/2020|A_/_H3N2|3C.3a|2020-05-04|HA|4||EPI_ISL_17373140,1990.4.a
A/swine/Iowa/101033/2005|A_/_H3|unassigned|2005-04-29|HA|4||EPI_ISL_19279581,1990.4
A/swine/Indiana/21TOSU1251/2021|A_/_H3N2|3C.3a|2021-06-17|HA|4||EPI_ISL_18005749,1990.4.a
A/swine/Kansas/A01785624/2018|A_/_H3N2|unassigned|2018-09-19|HA|4||EPI_ISL_379833,1990.4.a
A/swine/Arkansas/A01555162/2014|A_/_H3N2|unassigned|2014-12-11|HA|4||EPI_ISL_174470,1990.4.a
A/swine/Iowa/A01777670/2016|A_/_H3N2|unassigned|2016-07-06|HA|4||EPI_ISL_234962,2010.1
A/swine/Minnesota/A01785567/2018|A_/_H3N2|unassigned|2018-06-06|HA|4||EPI_ISL_328408,2010.1
A/swine/Iowa/A02635973/2021|A_/_H3N1|unassigned|2021-07-15|HA|4||EPI_ISL_4089885,2010.1
A/swine/Illinois/25TOSU1806/2025|A_/_H3N2|unassigned|2025-06-25|HA|4||EPI_ISL_20191318,2010.1
A/swine/Iowa/A01476696/2014|A_/_H3N1|unassigned|2014-10-09|HA|4||EPI_ISL_171026,2010.1
"Influenza A virus (A/swine/Iowa/18Tosu0394/2018(H3N2)) segment 4 hemagglutinin (HA) gene, complete cds |Alphainfluenzavirus influenzae|H3N2|USA: Iowa|Sus scrofa|2018-06-07|MK705381.1",2010.1
A/swine/Minnesota/A01049346/2010|A_/_H3N2|unassigned|2010-12-29|HA|4||EPI_ISL_93359,1990.4.b1
A/swine/Indiana/A02750741/2022|A_/_H3N2|unassigned|2022-07-26|HA|4||EPI_ISL_14937230,2010.1
A/swine/Nebraska/A01501767/2014|A_/_H3N2|unassigned|2014-06-12|HA|4||EPI_ISL_165238,1990.4.a
A/swine/Iowa/A02862847/2024|A_/_H3N2|3C.2|2024-08-28|HA|4||EPI_ISL_19436808,2010.1
A/swine/Iowa/A02861512/2023|A_/_H3N2|3C.2|2023-05-17|HA|4||EPI_ISL_18042959,2010.1
"Influenza A virus (A/swine/Indiana/25TOSU1570/2025(H3N2)) clone 1 segment 4 hemagglutinin (HA) gene, complete cds |Alphainfluenzavirus influenzae|H3N2|USA|Sus scrofa scrofa|2025-06-11|PX433710.1",2010.1
A/swine/Illinois/A02750848/2022|A_/_H3N2|unassigned|2022-08-30|HA|4||EPI_ISL_15620403,1990.4.a
"Influenza A virus (A/swine/Indiana/23TOSU2682/2023(H3N2)) segment 4 hemagglutinin (HA) gene, complete cds |Alphainfluenzavirus influenzae|H3N2|USA|Sus scrofa scrofa|2023-07-19|PP461341.1",1990.4.a
A/swine/Kansas/A02750668/2022|A_/_H3N2|unassigned|2022-07-05|HA|4||EPI_ISL_14931872,1990.4.b1
A/swine/Indiana/A02525139/2021|A_/_H3N2|unassigned|2021-02-03|HA|4||EPI_ISL_4082015,2010.2
A/swine/North_Carolina/130188_02858984/2025|A_/_H3N2|unassigned|2025-12-18|HA|4||EPI_ISL_20351255,2010.1
A/swine/Iowa/A01432840/2013|A_/_H3N2|unassigned|2013-06-01|HA|4||EPI_ISL_147153,1990.4.a
A/swine/Iowa/MT_12_07_2227/2012|A_/_H3N2|unassigned|2012-03-29|HA|4||EPI_ISL_271757,1990.4.f
A/swine/Texas/A02245589/2020|A_/_H3N2|unassigned|2020-04-14|HA|4||EPI_ISL_502811,1990.1
A/swine/Indiana/24TOSU2889/2024|A_/_H3N2|unassigned|2024-07-23|HA|4||EPI_ISL_19815586,1990.4.a
A/swine/Ohio/1/2012|A_/_H3N2|unassigned|2012-06-01|HA|4||EPI_ISL_122021,1990.4.a
A/swine/North_Carolina/A01785419/2018|A_/_H3N2|unassigned|2018-01-16|HA|4||EPI_ISL_300557,2010.1
A/swine/Iowa/A02858497/2025|A_/_H3N2|unassigned|2025-04-01|HA|4||EPI_ISL_19850026,2010.1
A/swine/Minnesota/A02862728/2024|A_/_H3N2|3C.2|2024-06-27|HA|4||EPI_ISL_19310327,2010.1
A/swine/North_Carolina/SG1338/2009|A_/_H3N2|unassigned|2009-02-06|HA|4||EPI_ISL_150936,1990.4
A/swine/USA/10/2017|A_/_H3N2|3C.2a1|2017-06-13|HA|4||EPI_ISL_505845,2010.2
A/swine/Iowa/A01667095/2017|A_/_H3N2|unassigned|2017-03-13|HA|4||EPI_ISL_262591,1990.4.i
A/swine/Minnesota/A02712642/2023|A_/_H3N2|3C.3a|2023-01-04|HA|4||EPI_ISL_17373170,1990.4.a
A/swine/Minnesota/A01675363/2016|A_/_H3N2|unassigned|2016-01-25|HA|4||EPI_ISL_213800,1990.4.b1
A/swine/Illinois/A02751420/2022|A_/_H3N2|3C.3a|2022-12-19|HA|4||EPI_ISL_17086455,1990.4.a
A/swine/Arkansas/63607-20/2008|A_/_H3N2|unassigned|2008-01-01|HA|4||EPI_ISL_30287,1990.4
A/swine/Ohio/17TOSU5521/2017|A_/_H3N2|unassigned|2017-06-01|HA|4||EPI_ISL_373702,2010.1
A/swine/Minnesota/A01125995/2012|A_/_H3N2|unassigned|2012-03-08|HA|4||EPI_ISL_124249,1990.4.f
A/swine/MI/71110/2018|A_/_H3N2|unassigned|2018-10-11|HA|4||EPI_ISL_389826,1990.1
"Influenza A virus (A/swine/Ohio/27361/2013(H3N2)) segment 4 hemagglutinin (HA) gene, partial cds |Alphainfluenzavirus influenzae|H3N2|USA|Sus scrofa|2013-11-15|KJ000723.1",1990.4.a
A/swine/Pennsylvania/A02479125/2020|A_/_H3N2|unassigned|2020-03-11|HA|4||EPI_ISL_503977,1990.4.a
A/swine/Nebraska/101652/2022|A_/_H3|unassigned|2022-03-08|HA|4||EPI_ISL_19277934,1990.4.a
A/swine/Indiana/A02863075/2024|A_/_H3N2|unassigned|2024-10-28|HA|4||EPI_ISL_19592575,2010.1
A/swine/Minnesota/USDA-A02978617/2023|A_/_H3N2|unassigned|2023-11-13|HA|4||EPI_ISL_18746632,2010.1
A/swine/Indiana/A02862668/2024|A_/_H3N2|3C.3a|2024-06-04|HA|4||EPI_ISL_19310941,1990.4.a
A/swine/Illinois/101683/2021|A_/_H3|unassigned|2021-09-23|HA|4||EPI_ISL_19278003,2010.1
A/swine/Iowa/A01943075/2016|A_/_H3N2|unassigned|2016-04-06|HA|4||EPI_ISL_225522,2010.1
A/swine/Ohio/16TOSU3220/2016|A_/_H3N2|unassigned|2016-06-25|HA|4||EPI_ISL_254017,2010.1
A/swine/North_Carolina/A01475825/2014|A_/_H3N2|unassigned|2014-06-17|HA|4||EPI_ISL_168476,1990.4.a
A/swine/Ohio/10SW128/2010|A_/_H3N2|unassigned|2010-08-12|HA|4||EPI_ISL_133837,1990.4.a
A/swine/Kansas/A02430272/2019|A_/_H3N2|unassigned|2019-02-07|HA|4||EPI_ISL_370652,1990.4.a
A/swine/Minnesota/A01469329/2014|A_/_H3N2|unassigned|2014-12-18|HA|4||EPI_ISL_173650,1990.4.a
A/swine/Iowa/G43216/2023|A_/_H3N2|3C.3a|2023-05-01|HA|4||EPI_ISL_18144132,1990.4.a
"Influenza A virus (A/swine/Ohio/22TOSU0470/2022(H3N2)) segment 4 hemagglutinin (HA) gene, complete cds |Alphainfluenzavirus influenzae|H3N2|USA|Sus scrofa scrofa|2022-04-30|OP871044.1",2010.1
A/swine/Iowa/A01781977/2016|A_/_H3N2|unassigned|2016-09-28|HA|4||EPI_ISL_243782,2010.1
A/swine/Oklahoma/A01785776/2018|A_/_H3N2|unassigned|2018-12-03|HA|4||EPI_ISL_378946,2010.1
A/swine/Minnesota/A01477050/2014|A_/_H3N2|unassigned|2014-07-11|HA|4||EPI_ISL_166571,1990.4.a
A/swine/Minnesota/A02245312/2019|A_/_H3N2|unassigned|2019-10-31|HA|4||EPI_ISL_505629,1990.4.a
A/swine/Minnesota/A01327763/2012|A_/_H3N2|unassigned|2012-04-20|HA|4||EPI_ISL_130027,1990.4.f
A/swine/Iowa/A02158355/2018|A_/_H3N2|unassigned|2018-04-30|HA|4||EPI_ISL_328870,2010.1
A/swine/Indiana/A02858259/2024|A_/_H3N2|3C.2|2024-12-31|HA|4||EPI_ISL_19696066,2010.1
A/swine/North_Carolina/A01945800/2015|A_/_H3N2|unassigned|2015-10-21|HA|4||EPI_ISL_203130,1990.4.b2
A/swine/Iowa/A02861665/2023|A_/_H3N2|unassigned|2023-07-17|HA|4||EPI_ISL_18211297,2010.1
A/swine/North_Carolina/63607-38/2008|A_/_H3N2|unassigned|2008-01-01|HA|4||EPI_ISL_30334,1990.4
A/swine/Iowa/A01778366/2016|A_/_H3N2|unassigned|2016-08-01|HA|4||EPI_ISL_234581,2010.1
A/swine/Iowa/A02524903/2020|A_/_H3N2|unassigned|2020-11-17|HA|4||EPI_ISL_4081794,2010.1
A/swine/Iowa/ISU-A02862204/2024|A_/_H3N2|3C.2|2024-01-08|HA|4||EPI_ISL_18847076,2010.1
A/swine/Kansas/A02863123/2024|A_/_H3N2|unassigned|2024-11-05|HA|4||EPI_ISL_19613887,2010.1
"Influenza A virus (A/swine/Pennsylvania/A02861375/2023(H3N2)) segment 4 hemagglutinin (HA) gene, complete cds |Alphainfluenzavirus influenzae|H3N2|USA: Pennsylvania|Sus scrofa|2023-04-13|OQ954455.1",1990.4.a
A/swine/Iowa/A02751181/2022|A_/_H3N2|3C.3a|2022-11-03|HA|4||EPI_ISL_16925117,1990.4.a
A/swine/Nebraska/A01847132/2015|A_/_H3N2|unassigned|2015-04-06|HA|4||EPI_ISL_179618,1990.4.a
A/swine/Iowa/A02269643/2018|A_/_H3N2|unassigned|2018-11-12|HA|4||EPI_ISL_378950,2010.1
A/swine/Iowa/A02268516/2018|A_/_H3N2|unassigned|2018-11-01|HA|4||EPI_ISL_378868,2010.1
A/swine/Iowa/A02478636/2019|A_/_H3N2|unassigned|2019-08-26|HA|4||EPI_ISL_393551,1990.4.a
A/swine/Ohio/17TOSU5580/2017|A_/_H3N2|unassigned|2017-06-01|HA|4||EPI_ISL_373715,2010.1
"Influenza A virus (A/swine/Iowa/A01475548/2014(H3N2)) segment 4 hemagglutinin (HA) gene, complete cds |Alphainfluenzavirus influenzae|H3N2|USA: Iowa|Sus scrofa|2014-05|KJ941349.1",1990.4.a
A/swine/Illinois/A02090702/2015|A_/_H3N2|unassigned|2015-09-04|HA|4||EPI_ISL_201839,1990.4.e
A/swine/Kansas/A01377632/2015|A_/_H3N2|unassigned|2015-11-04|HA|4||EPI_ISL_205317,1990.4.a
A/swine/North_Carolina/A02245746/2020|A_/_H3N2|unassigned|2020-10-14|HA|4||EPI_ISL_697748,1990.4.a
A/swine/Iowa/A02525399/2021|A_/_H3N2|unassigned|2021-03-08|HA|4||EPI_ISL_4083611,1990.4.a
A/swine/Illinois/A01502053/2014|A_/_H3N2|unassigned|2014-06-18|HA|4||EPI_ISL_165243,1990.4.a
A/swine/Minnesota/A01125993/2012|A_/_H3N2|unassigned|2012-03-08|HA|4||EPI_ISL_129999,1990.4.b1
A/swine/Texas/A02248200/2021|A_/_H3N2|unassigned|2021-09-22|HA|4||EPI_ISL_6795317,1990.4.a
A/swine/Minnesota/A01785845/2019|A_/_H3N2|unassigned|2019-01-09|HA|4||EPI_ISL_373522,2010.1
A/swine/Michigan/A01202655/2011|A_/_H3N2|unassigned|2011-10-05|HA|4||EPI_ISL_127787,1990.4
A/swine/Indiana/24TOSU2843/2024|A_/_H3N2|3C.3a|2024-07-18|HA|4||EPI_ISL_19815591,1990.4.a
A/swine/Indiana/21TOSU0985/2021|A_/_H3N2|3C.2|2021-06-17|HA|4||EPI_ISL_18005754,2010.1
A/swine/Maryland/A01764022/2017|A_/_H3N2|unassigned|2017-09-23|HA|4||EPI_ISL_284706,2010.1
A/swine/North_Carolina/A02636348/2022|A_/_H3N2|unassigned|2022-01-14|HA|4||EPI_ISL_14775399,1990.4.a
A/swine/Missouri/A01240017/2011|A_/_H3N2|unassigned|2011-11-15|HA|4||EPI_ISL_116234,1990.4.d
A/swine/Iowa/A02861607/2023|A_/_H3N2|3C.2|2023-06-26|HA|4||EPI_ISL_18042952,2010.1
A/swine/Illinois/A02751241/2022|A_/_H3N2|3C.2|2022-11-11|HA|4||EPI_ISL_16840784,2010.1
A/swine/North_Carolina/A01945912/2015|A_/_H3N2|unassigned|2015-10-24|HA|4||EPI_ISL_206011,1990.4.a
A/swine/Illinois/A02478493/2019|A_/_H3N2|unassigned|2019-05-14|HA|4||EPI_ISL_368841,1990.4.a
A/swine/North_Carolina/A02246974/2021|A_/_H3N2|unassigned|2021-10-07|HA|4||EPI_ISL_6795319,1990.4.a
A/swine/Indiana/A02478693/2019|A_/_H3N2|unassigned|2019-09-27|HA|4||EPI_ISL_399366,2010.1
A/swine/Iowa/A02432324/2019|A_/_H3N2|unassigned|2019-04-15|HA|4||EPI_ISL_366634,2010.1
A/swine/Ohio/OH-18-6910/2018|A_/_H3N2|unassigned|2018-03-26|HA|4||EPI_ISL_329655,1990.4.a
A/swine/Ohio/A02858688/2025|A_/_H3N2|unassigned|2025-06-18|HA|4||EPI_ISL_20069309,2010.1
"Influenza A virus (A/swine/Illinois/A02750966/2022(H3N2)) segment 4 hemagglutinin (HA) gene, complete cds |Alphainfluenzavirus influenzae|H3N2|USA: Illinois|Sus scrofa|2022-10-05|OP903559.1",2010.2
A/swine/Indiana/22TOSU3104/2022|A_/_H3N2|unassigned|2022-07-31|HA|4||EPI_ISL_17409527,2010.1
A/swine/Iowa/A01671944/2016|A_/_H3N2|unassigned|2016-12-29|HA|4||EPI_ISL_253924,1990.4.a
A/swine/Indiana/A01260230/2013|A_/_H3N2|unassigned|2013-02-05|HA|4||EPI_ISL_142299,1990.4.a
A/swine/Minnesota/A02980765/2025|A_/_H3N2|unassigned|2025-12-09|HA|4||EPI_ISL_20348212,1990.4.i
A/swine/Minnesota/A01785989/2019|A_/_H3N2|unassigned|2019-02-22|HA|4||EPI_ISL_370045,2010.1
"Influenza A virus (A/swine/Minnesota/A02980723/2025(H3N2)) segment 4 hemagglutinin (HA) gene, complete cds |Alphainfluenzavirus influenzae|H3N2|USA|Sus scrofa|2025-10-22|PX698753.1",1990.4.a
A/swine/Ohio/23-17655/2023|A_/_H3N2|unassigned|2023-07-19|HA|4||EPI_ISL_20186019,2010.1
A/swine/Missouri/A02524680/2020|A_/_H3N2|unassigned|2020-09-29|HA|4||EPI_ISL_697648,1990.4.a
A/swine/Iowa/A01432680/2013|A_/_H3N2|unassigned|2013-05-01|HA|4||EPI_ISL_143206,1990.4.b1
A/swine/Iowa/A02858538/2025|A_/_H3N2|unassigned|2025-04-17|HA|4||EPI_ISL_19870990,2010.1
A/swine/Missouri/A02862329/2024|A_/_H3N2|3C.2|2024-02-21|HA|4||EPI_ISL_19126033,2010.1
A/swine/Nebraska/ISU-A02861699/2023|A_/_H3N2|3C.2|2023-08-07|HA|4||EPI_ISL_18228669,1990.4.a
A/swine/Iowa/A02218168/2017|A_/_H3N2|unassigned|2017-06-23|HA|4||EPI_ISL_279506,2010.1
A/swine/Missouri/A02524408/2023|A_/_H3N2|3C.2a1b.2a.2a.1|2023-01-13|HA|4||EPI_ISL_17061078,Other-Human-2020
A/swine/North_Carolina/A02025176/2015|A_/_H3N2|unassigned|2015-07-08|HA|4||EPI_ISL_205517,1990.4.a
A/swine/Illinois/A01502005/2014|A_/_H3N2|unassigned|2014-06-18|HA|4||EPI_ISL_165239,1990.4.a
A/swine/Iowa/104700_02858900/2025|A_/_H3N2|unassigned|2025-10-08|HA|4||EPI_ISL_20247436,2010.1
A/swine/Iowa/A02135875/2017|A_/_H3N2|unassigned|2017-11-06|HA|4||EPI_ISL_296287,2010.1
A/swine/Iowa/A02478955/2019|A_/_H3N2|unassigned|2019-12-06|HA|4||EPI_ISL_505901,1990.4.a
A/swine/Iowa/A01945034/2015|A_/_H3N2|unassigned|2015-09-10|HA|4||EPI_ISL_201417,1990.4.e
A/swine/Iowa/ISU-A02861690/2023|A_/_H3N2|3C.2|2023-07-31|HA|4||EPI_ISL_18238547,2010.1
"Influenza A virus (A/swine/Tennessee/A02428125/2018(H3N2)) segment 4 hemagglutinin (HA) gene, complete cds |Alphainfluenzavirus influenzae|H3N2|USA: Tennessee|Sus scrofa|2018-12-20|MK418466.1",1990.1
A/swine/Ohio/004616_02859093/2025|A_/_H3N2|unassigned|2025-11-24|HA|4||EPI_ISL_20389234,2010.2
A/swine/Ohio/17TOSU5582/2017|A_/_H3N2|unassigned|2017-06-01|HA|4||EPI_ISL_373717,2010.1
A/swine/Minnesota/A02525044/2021|A_/_H3N2|unassigned|2021-01-04|HA|4||EPI_ISL_4081924,1990.4.a
A/swine/Iowa/A01840226/2014|A_/_H3N2|unassigned|2014-12-19|HA|4||EPI_ISL_174467,1990.4.a
A/swine/Iowa/20TOSU1703/2020|A_/_H3N2|unassigned|2020-07-09|HA|4||EPI_ISL_14224393,1990.4.a
A/swine/Indiana/A02863016/2024|A_/_H3N2|unassigned|2024-10-14|HA|4||EPI_ISL_19554467,2010.1
"Influenza A virus (A/swine/Iowa/A02750816/2022(H3N2)) segment 4 hemagglutinin (HA) gene, complete cds |Alphainfluenzavirus influenzae|H3N2|USA: Iowa|Sus scrofa|2022-08-23|OP454932.1",2010.1
A/swine/North_Carolina/A01785561/2018|A_/_H3N2|unassigned|2018-06-04|HA|4||EPI_ISL_328450,2010.1
A/swine/Illinois/101232/2010|A_/_H3|3C.2|2010-11-03|HA|4||EPI_ISL_19279406,1990.4
A/swine/Missouri/36702/2005|A_/_H3N2|unassigned|2005-01-01|HA|4||EPI_ISL_30390,1990.4-like
A/swine/Minnesota/14/2012|A_/_H3N2|unassigned|2012-07-06|HA|4||EPI_ISL_124881,1990.4.e
A/swine/Iowa/A01778607/2016|A_/_H3N2|unassigned|2016-08-17|HA|4||EPI_ISL_235724,1990.4.a
A/swine/Iowa/A01501240/2014|A_/_H3N2|unassigned|2014-05-19|HA|4||EPI_ISL_163958,1990.4.a
A/swine/North_Carolina/A01290447/2013|A_/_H3N2|unassigned|2013-09-01|HA|4||EPI_ISL_151713,1990.4.a
A/swine/Minnesota/A02978822/2024|A_/_H3N2|3C.3a|2024-02-28|HA|4||EPI_ISL_19134584,1990.4.a
A/swine/Iowa/A02478521/2019|A_/_H3N2|unassigned|2019-05-31|HA|4||EPI_ISL_387858,2010.1
A/swine/Georgia/083990_02858765/2025|A_/_H3N2|unassigned|2025-08-11|HA|4||EPI_ISL_20170548,2010.1
A/swine/Iowa/099663_02858862/2025|A_/_H3N2|unassigned|2025-09-22|HA|4||EPI_ISL_20220226,2010.1
A/swine/Nebraska/A02524569/2020|A_/_H3N2|unassigned|2020-08-26|HA|4||EPI_ISL_707273,2010.1
A/swine/Indiana/24TOSU0812/2024|A_/_H3N2|unassigned|2024-06-13|HA|4||EPI_ISL_19332108,1990.4.a
A/swine/Illinois/A01478357/2014|A_/_H3N2|unassigned|2014-12-08|HA|4||EPI_ISL_174308,1990.4.e
A/swine/Indiana/A01672428/2017|A_/_H3N2|unassigned|2017-01-17|HA|4||EPI_ISL_257033,1990.4.b2
A/swine/Iowa/A02478446/2019|A_/_H3N2|unassigned|2019-04-26|HA|4||EPI_ISL_387861,2010.1
A/swine/Indiana/A01260398/2013|A_/_H3N2|unassigned|2013-10-08|HA|4||EPI_ISL_153842,1990.4.a
A/swine/Ohio/A01349615/2013|A_/_H3N2|unassigned|2013-03-29|HA|4||EPI_ISL_140877,1990.4.a
A/swine/Kansas/A02712156/2022|A_/_H3N2|unassigned|2022-09-29|HA|4||EPI_ISL_16212274,1990.4.a
A/swine/Texas/A02862548/2024|A_/_H3N1|3C.3a|2024-04-11|HA|4||EPI_ISL_19139976,2010.1
A/swine/Iowa/A02140802/2018|A_/_H3N2|unassigned|2018-01-08|HA|4||EPI_ISL_299563,2010.1
A/swine/North_Carolina/A02478653/2019|A_/_H3N2|unassigned|2019-09-09|HA|4||EPI_ISL_393556,2010.1
A/swine/Minnesota/A02524881/2020|A_/_H3N2|unassigned|2020-11-09|HA|4||EPI_ISL_4081704,2010.1
A/swine/South_Dakota/A01678483/2017|A_/_H3N2|unassigned|2017-02-21|HA|4||EPI_ISL_258659,2010.1
A/swine/Minnesota/D09-24462-1/2009|A_/_H3N2|unassigned|2009-05-13|HA|4||EPI_ISL_198164,1990.4
A/swine/Illinois/A02479016/2020|A_/_H3N2|unassigned|2020-01-20|HA|4||EPI_ISL_501281,1990.4.a
A/swine/Iowa/A01410633/2014|A_/_H3N2|unassigned|2014-04-01|HA|4||EPI_ISL_162893,1990.4.a
A/swine/Iowa/H03BF5/2003|A_/_H3N2|unassigned|2003-08-01|HA|4||EPI_ISL_83312,1990.4
A/swine/Iowa/A02862550/2024|A_/_H3N2|unassigned|2024-04-11|HA|4||EPI_ISL_19139960,2010.1
A/swine/Ohio/OH-16296/2021|A_/_H3N2|unassigned|2021-07-07|HA|4||EPI_ISL_17471848,1990.4.a
A/swine/Arkansas/A01555090/2014|A_/_H3N2|unassigned|2014-12-02|HA|4||EPI_ISL_174307,1990.4.a
A/swine/Indiana/A02862863/2024|A_/_H3N2|unassigned|2024-09-09|HA|4||EPI_ISL_19471784,2010.2
A/swine/Nebraska/CEIRR-I100044/2023|A_/_H3N2|unassigned|2023-10-24|HA|4||EPI_ISL_18847108,1990.4.i
A/swine/Iowa/13C075/2013|A_/_H3N2|unassigned|2013-03-26|HA|4||EPI_ISL_151994,1990.4.b2
A/swine/Oklahoma/A02245680/2020|A_/_H3N1|3C.2|2020-07-14|HA|4||EPI_ISL_707020,2010.1
A/swine/Illinois/A01895671/2016|A_/_H3N2|unassigned|2016-04-18|HA|4||EPI_ISL_222527,1990.4.a
A/swine/Iowa/A02862442/2024|A_/_H3N2|unassigned|2024-03-21|HA|4||EPI_ISL_19072956,2010.1
A/swine/Minnesota/SG1236/2005|A_/_H3N2|unassigned|2005-04-22|HA|4||EPI_ISL_150832,1990.4
A/swine/Minnesota/A02979031/2024|A_/_H3N2|3C.3a|2024-06-13|HA|4||EPI_ISL_19344320,1990.4.a
A/swine/North_Carolina/A02751500/2023|A_/_H3N2|3C.2a1b.2a.2b|2023-01-09|HA|4||EPI_ISL_17061080,Other-Human-2020
A/swine/Minnesota/A02980732/2025|A_/_H3N2|unassigned|2025-11-18|HA|4||EPI_ISL_20348204,2010.1
A/swine/Pennsylvania/A02257193/2018|A_/_H3N2|unassigned|2018-09-06|HA|4||EPI_ISL_379755,2010.1
A/swine/Oklahoma/225-14/2008|A_/_H3N2|unassigned|2008-01-01|HA|4||EPI_ISL_30339,1990.4
A/swine/Iowa/A02636132/2021|A_/_H3N2|unassigned|2021-09-10|HA|4||EPI_ISL_6795285,2010.1
A/swine/Minnesota/A01785859/2019|A_/_H3N2|unassigned|2019-01-21|HA|4||EPI_ISL_373534,2010.1
A/swine/Iowa/100923/2019|A_/_H3|3C.2|2019-07-02|HA|4||EPI_ISL_19278356,2010.1
A/swine/South_Dakota/MT_12_07_2008/2012|A_/_H3N2|unassigned|2012-03-14|HA|4||EPI_ISL_271058,1990.4
A/swine/Iowa/00568/2005|A_/_H3N2|unassigned|2005-01-01|HA|4||EPI_ISL_190013,1990.4
A/swine/Minnesota/USDA-A02978561/2023|A_/_H3N2|3C.3a|2023-09-20|HA|4||EPI_ISL_18758888,1990.4.a
A/swine/Kansas/D18-008831/2018|A_/_H3N2|unassigned|2018-01-20|HA|4||EPI_ISL_4083648,1990.4.a
A/swine/Montana/A01241619/2012|A_/_H3N2|unassigned|2012-02-14|HA|4||EPI_ISL_130022,1990.4.f
A/swine/Iowa/A02025220/2015|A_/_H3N2|unassigned|2015-07-09|HA|4||EPI_ISL_205519,1990.4.b1
A/swine/Illinois/A01241066/2012|A_/_H3N2|unassigned|2012-01-16|HA|4||EPI_ISL_130095,1990.4.f
A/swine/Iowa/A02479423/2020|A_/_H3N2|unassigned|2020-06-01|HA|4||EPI_ISL_499194,1990.4.a
A/swine/South_Dakota/A02524914/2020|A_/_H3N2|unassigned|2020-11-17|HA|4||EPI_ISL_4081791,1990.4.i
A/swine/Iowa/A02750912/2022|A_/_H3N2|3C.2a2|2022-09-21|HA|4||EPI_ISL_16215593,1990.4
A/swine/Iowa/A02479233/2020|A_/_H3N2|unassigned|2020-04-16|HA|4||EPI_ISL_502869,2010.1
A/swine/North_Carolina/A02979463/2025|A_/_H3N2|unassigned|2025-03-14|HA|4||EPI_ISL_19890496,2010.1
A/swine/Indiana/A01260285/2013|A_/_H3N2|unassigned|2013-04-30|HA|4||EPI_ISL_143501,1990.4.c
A/swine/Minnesota/A02157976/2018|A_/_H3N2|unassigned|2018-04-18|HA|4||EPI_ISL_329188,1990.4.a
A/swine/Louisiana/A02525266/2021|A_/_H3N2|unassigned|2021-03-16|HA|4||EPI_ISL_4082288,2010.1
A/swine/Iowa/A02139131/2017|A_/_H3N2|unassigned|2017-12-18|HA|4||EPI_ISL_295678,2010.1
A/swine/Illinois/01041/2006|A_/_H3N2|unassigned|2006-06-01|HA|4||EPI_ISL_190212,1990.4
A/swine/North_Carolina/ISU-A02862251/2024|A_/_H3N2|unassigned|2024-01-26|HA|4||EPI_ISL_18934816,1990.4.a
"Influenza A virus (A/swine/Iowa/A01941921/2015(H3N2)) segment 4 hemagglutinin (HA) gene, complete cds |Alphainfluenzavirus influenzae|H3N2|USA: Iowa|Sus scrofa|2015-12-30|KU680980.1",1990.4.a
"Influenza A virus (A/swine/Nebraska/A02750817/2022(H3N2)) segment 4 hemagglutinin (HA) gene, complete cds |Alphainfluenzavirus influenzae|H3N2|USA: Nebraska|Sus scrofa|2022-08-23|OP454916.1",1990.4.a
A/swine/Illinois/100254/2017|A_/_H3|unassigned|2017-01-23|HA|4||EPI_ISL_19278863,1990.4.a
A/swine/Iowa/A01944136/2015|A_/_H3N2|unassigned|2015-09-28|HA|4||EPI_ISL_203176,2010.1
A/swine/North_Carolina/A02245129/2019|A_/_H3N2|unassigned|2019-05-12|HA|4||EPI_ISL_368688,2010.1
A/swine/Iowa/A02858669/2025|A_/_H3N2|3C.2|2025-06-05|HA|4||EPI_ISL_20061820,2010.1
A/swine/North_Carolina/ISU-A02862032/2023|A_/_H3N2|unassigned|2023-11-21|HA|4||EPI_ISL_18777069,1990.4.a
A/swine/Pennsylvania/A02758600/2023|A_/_H3N2|3C.2a1b.2a.2b|2023-01-19|HA|4||EPI_ISL_17061081,Other-Human-2020
A/swine/Oklahoma/A02479121/2020|A_/_H3N2|unassigned|2020-03-06|HA|4||EPI_ISL_503972,2010.1
A/swine/Pennsylvania/ISU-A02861673/2023|A_/_H3N2|unassigned|2023-07-07|HA|4||EPI_ISL_18098518,1990.4.a
A/swine/Indiana/24TOSU0948/2024|A_/_H3N2|3C.3a|2024-06-13|HA|4||EPI_ISL_19333748,1990.4.a
A/swine/Illinois/V111448/2025|A_/_H3N2|unassigned|2025-11-03|HA|4||EPI_ISL_20327332,2010.1
A/swine/Pennsylvania/USDA-A02978731/2023|A_/_H3N2|3C.2|2023-12-27|HA|4||EPI_ISL_18911231,2010.1
"Influenza A virus (A/swine/Nebraska/A02636000/2021(H3N2)) segment 4 hemagglutinin (HA) gene, complete cds |Alphainfluenzavirus influenzae|H3N2|USA: Nebraska|Sus scrofa|2021-07-16|OK047451.1",2010.1
A/swine/Minnesota/001444/2007|A_/_H3N2|unassigned|2007-01-19|HA|4||EPI_ISL_96932,1990.4
A/swine/Iowa/A02431133/2019|A_/_H3N2|unassigned|2019-03-11|HA|4||EPI_ISL_369488,2010.1
A/swine/North_Carolina/A02245396/2020(H3N2)|A_/_H3N2|unassigned|2020-01-21|HA|4||EPI_ISL_503416,2010.1
A/swine/Kentucky/24TOSU2284/2024|A_/_H3N2|3C.3a|2024-07-03|HA|4||EPI_ISL_19815600,1990.4.a
A/swine/Iowa/A02169078/2018|A_/_H3N2|unassigned|2018-05-10|HA|4||EPI_ISL_328485,1990.4.b2
A/swine/Indiana/A01840254/2014|A_/_H3N2|unassigned|2014-12-11|HA|4||EPI_ISL_174500,1990.4.a
A/swine/Virginia/A02478738/2019|A_/_H3N2|3C.3a1|2019-08-29|HA|4||EPI_ISL_399359,Other-Human-2010
A/swine/South_Dakota/A02525007/2020|A_/_H3N2|unassigned|2020-12-21|HA|4||EPI_ISL_4081902,1990.4.a
A/swine/Illinois/02940/2010|A_/_H3N2|unassigned|2010-01-05|HA|4||EPI_ISL_70406,1990.4.b2
A/swine/North_Carolina/A02750898/2022|A_/_H3N2|unassigned|2022-09-15|HA|4||EPI_ISL_15620549,1990.4.a
A/swine/Iowa/A01049113/2010|A_/_H3N2|unassigned|2010-11-22|HA|4||EPI_ISL_90360,1990.4.b2
A/swine/Iowa/A02862937/2024|A_/_H3N2|unassigned|2024-10-02|HA|4||EPI_ISL_19521810,1990.4.b1
A/swine/Iowa/A01932416/2017|A_/_H3N2|unassigned|2017-02-17|HA|4||EPI_ISL_261467,2010.1
"Influenza A virus (A/swine/Illinois/A01478685/2015(H3N2)) segment 4 hemagglutinin (HA) gene, complete cds |Alphainfluenzavirus influenzae|H3N2|USA: Illinois|Sus scrofa|2015-01-27|KP842731.1",1990.4.e
A/swine/Iowa/A02636495/2022|A_/_H3N2|unassigned|2022-02-16|HA|4||EPI_ISL_14777810,2010.1
A/swine/Minnesota/A01785596/2018|A_/_H3N2|unassigned|2018-08-07|HA|4||EPI_ISL_326831,2010.1
A/swine/Missouri/A02861471/2023|A_/_H3N2|unassigned|2023-05-03|HA|4||EPI_ISL_17885904,2010.1
A/swine/Minnesota/A02711594/2022|A_/_H3N2|3C.2|2022-11-02|HA|4||EPI_ISL_16891374,2010.1
A/swine/Illinois/100213/2016|A_/_H3|unassigned|2016-08-01|HA|4||EPI_ISL_19278918,1990.4.a
A/swine/Iowa/13H082/2013|A_/_H3N2|unassigned|2013-08-28|HA|4||EPI_ISL_157604,1990.4.a
A/swine/Iowa/A02524708/2020|A_/_H3N2|unassigned|2020-10-07|HA|4||EPI_ISL_697712,2010.1
A/swine/Indiana/24TOSU1928/2024|A_/_H3N2|3C.3a|2024-06-20|HA|4||EPI_ISL_19815611,1990.4.a
"Influenza A virus (A/swine/North Carolina/00116/2003(H3N2)) hemagglutinin (HA) gene, partial cds |Alphainfluenzavirus influenzae|H3N2|USA: North Carolina|Sus scrofa|2003-07-02|CY159532.1",1990.4
A/swine/Iowa/A02636485/2022|A_/_H3N2|unassigned|2022-02-10|HA|4||EPI_ISL_14778030,1990.4.a
A/swine/North_Carolina/A01731488/2016|A_/_H3N2|unassigned|2016-02-10|HA|4||EPI_ISL_217473,1990.4.b2
A/swine/Iowa/101108/2008|A_/_H3|unassigned|2008-06-05|HA|4||EPI_ISL_19279516,1990.4
A/swine/Iowa/A02427667/2018|A_/_H3N2|unassigned|2018-12-13|HA|4||EPI_ISL_376684,2010.1
A/swine/Ohio/A02635913/2021|A_/_H3N2|unassigned|2021-06-17|HA|4||EPI_ISL_4084584,1990.4.a
A/swine/Iowa/A01731968/2016|A_/_H3N2|unassigned|2016-02-16|HA|4||EPI_ISL_219943,1990.4.i
A/swine/Illinois/100605/2019|A_/_H3|3C.3a|2019-09-23|HA|4||EPI_ISL_19278325,1990.4.a
"Influenza A virus (A/swine/Indiana/23TOSU2883/2023(H3N2)) segment 4 hemagglutinin (HA) gene, complete cds |Alphainfluenzavirus influenzae|H3N2|USA|Sus scrofa scrofa|2023-07-27|PP461272.1",1990.4.a
A/swine/Illinois/A02750776/2022|A_/_H3N2|unassigned|2022-08-16|HA|4||EPI_ISL_15215283,1990.4.a
A/swine/Iowa/A02858455/2025|A_/_H3N2|3C.2|2025-03-15|HA|4||EPI_ISL_19824132,2010.1
A/swine/Texas/A01049914/2011|A_/_H3N2|unassigned|2011-04-28|HA|4||EPI_ISL_97128,1990.4.f
A/swine/Indiana/A02479362/2020|A_/_H3N2|3C.2a1|2020-04-21|HA|4||EPI_ISL_501777,2010.2
A/swine/Arkansas/SG1297/2008|A_/_H3N2|unassigned|2008-10-15|HA|4||EPI_ISL_150883,1990.4
A/swine/Iowa/A01678653/2021|A_/_H3N2|unassigned|2021-06-02|HA|4||EPI_ISL_4083672,2010.1
A/swine/Indiana/14TOSU0364/2014|A_/_H3N2|unassigned|2014-01-01|HA|4||EPI_ISL_16706691,1990.4.b1
A/swine/Iowa/A02246903/2021|A_/_H3N2|unassigned|2021-12-14|HA|4||EPI_ISL_14769983,2010.1
A/swine/Indiana/A01260135/2012|A_/_H3N2|unassigned|2012-11-16|HA|4||EPI_ISL_133670,1990.4.a
A/swine/North_Carolina/A02524740/2020|A_/_H3N2|unassigned|2020-10-14|HA|4||EPI_ISL_697759,1990.4.a
"Influenza A virus (A/swine/Texas/A02710696/2022(H3N?)) segment 4 hemagglutinin (HA) gene, complete cds |Alphainfluenzavirus influenzae|H3N?|USA: Texas|Sus scrofa|2022-01-13|OM654394.1",2010.1
A/swine/Minnesota/A01395294/2013|A_/_H3N2|unassigned|2013-11-19|HA|4||EPI_ISL_154321,1990.4.a
A/swine/Illinois/A01820124/2015|A_/_H3N2|unassigned|2015-03-20|HA|4||EPI_ISL_179575,1990.4.e
"Influenza A virus (A/swine/Kansas/2014-102/2014(H3N2)) segment 4 hemagglutinin (HA) gene, complete cds |Alphainfluenzavirus influenzae|H3N2|USA|Sus scrofa|2014-10-10|KP892976.1",1990.4.b1
A/swine/Iowa/A02524962/2020|A_/_H3N2|unassigned|2020-12-08|HA|4||EPI_ISL_4081862,1990.4.a
A/swine/North_Carolina/A02636057/2021|A_/_H3N2|unassigned|2021-08-12|HA|4||EPI_ISL_6781488,1990.4.a
A/swine/Indiana/15TOSU0850/2015|A_/_H3N2|unassigned|2015-06-25|HA|4||EPI_ISL_243751,1990.4.a
A/swine/Iowa/101117/2008|A_/_H3|unassigned|2008-09-04|HA|4||EPI_ISL_19279509,1990.4
A/swine/Illinois/100592/2019|A_/_H3|3C.3a|2019-06-27|HA|4||EPI_ISL_19278359,1990.4.a
A/swine/Iowa/A01932252/2017|A_/_H3N2|unassigned|2017-02-14|HA|4||EPI_ISL_260812,2010.1
A/swine/Iowa/ISU-A02861624/2023|A_/_H3N2|3C.2|2023-07-06|HA|4||EPI_ISL_18276861,2010.1
A/swine/North_Carolina/ISU-A02862108/2023|A_/_H3N2|3C.2|2023-12-06|HA|4||EPI_ISL_18737873,2010.1
A/swine/Indiana/A02478978/2019|A_/_H3N2|unassigned|2019-12-31|HA|4||EPI_ISL_503334,1990.4.a
A/swine/Minnesota/A01785862/2019|A_/_H3N2|unassigned|2019-01-22|HA|4||EPI_ISL_373533,2010.1
A/swine/Nebraska/A01300032/2012|A_/_H3N2|unassigned|2012-06-12|HA|4||EPI_ISL_124215,1990.4.f
A/swine/North_Carolina/A02223210/2017|A_/_H3N2|unassigned|2017-10-06|HA|4||EPI_ISL_296682,2010.1
A/swine/Indiana/A01812327/2024|A_/_H3N2|3C.2|2024-08-15|HA|4||EPI_ISL_19387950,2010.1
A/swine/Missouri/USDA-A02978597/2023|A_/_H3N2|unassigned|2023-10-31|HA|4||EPI_ISL_18758894,2010.1
A/swine/Ohio/22TOSU3704/2022|A_/_H3N2|unassigned|2022-08-04|HA|4||EPI_ISL_17409533,2010.2
A/swine/Indiana/16TOSU2935/2016|A_/_H3N2|unassigned|2016-06-12|HA|4||EPI_ISL_254029,1990.4.a
A/swine/Illinois/100419/2019|A_/_H3|unassigned|2019-10-18|HA|4||EPI_ISL_19278300,2010.1
A/swine/Texas/A01785793/2018|A_/_H3N2|unassigned|2018-12-19|HA|4||EPI_ISL_376669,2010.1
A/swine/Ohio/A02218183/2017|A_/_H3N2|unassigned|2017-06-27|HA|4||EPI_ISL_279711,2010.1
A/swine/Iowa/A01501046/2014|A_/_H3N2|unassigned|2014-05-13|HA|4||EPI_ISL_163653,1990.4.a
"Influenza A virus (A/swine/Kansas/A01785730/2018(H3N2)) segment 4 hemagglutinin (HA) gene, complete cds |Alphainfluenzavirus influenzae|H3N2|USA: Kansas|Sus scrofa|2018-10-31|MK243698.1",2010.1
"Influenza A virus (A/swine/Indiana/20TOSU5768/2020(H3N2)) segment 4 hemagglutinin (HA) gene, complete cds |Alphainfluenzavirus influenzae|H3N2|USA|Sus scrofa scrofa|2020-10-03|OP655077.1",1990.4.a
"Influenza A virus (A/swine/Nebraska/A02636021/2021(H3N2)) segment 4 hemagglutinin (HA) gene, complete cds |Alphainfluenzavirus influenzae|H3N2|USA: Nebraska|Sus scrofa|2021-08-04|OK064052.1",1990.4.i
A/swine/Minnesota/ISU-A02862000/2023|A_/_H3N2|3C.2|2023-11-06|HA|4||EPI_ISL_18777065,2010.1
A/swine/Minnesota/A02524741/2020|A_/_H3N2|unassigned|2020-10-15|HA|4||EPI_ISL_697754,1990.4.a
A/swine/Iowa/A01782232/2016|A_/_H3N2|unassigned|2016-10-05|HA|4||EPI_ISL_245039,2010.1
A/swine/Minnesota/092512_02858801/2025|A_/_H3N2|unassigned|2025-08-28|HA|4||EPI_ISL_20187399,2010.1
A/swine/Kentucky/16TOSU8970/2016|A_/_H3N2|unassigned|2016-08-01|HA|4||EPI_ISL_280228,1990.4.a
A/swine/North_Carolina/A02858783/2025|A_/_H3N2|unassigned|2025-08-22|HA|4||EPI_ISL_20176235,2010.1
A/swine/South_Dakota/A01678473/2016|A_/_H3N2|unassigned|2016-11-04|HA|4||EPI_ISL_245306,2010.1
A/swine/Illinois/A01797275/2015|A_/_H3N2|unassigned|2015-11-02|HA|4||EPI_ISL_205077,1990.4.a
A/swine/Iowa/ISU-A02861853/2023|A_/_H3N2|unassigned|2023-09-29|HA|4||EPI_ISL_18699077,2010.1
A/swine/Indiana/A01260368/2013|A_/_H3N2|unassigned|2013-08-19|HA|4||EPI_ISL_151704,1990.4.a
A/swine/Iowa/100687/2020|A_/_H3|unassigned|2020-05-28|HA|4||EPI_ISL_19278154,2010.1
A/swine/Missouri/ISU-A02861758/2023|A_/_H3N2|unassigned|2023-08-29|HA|4||EPI_ISL_18338469,2010.1
A/swine/Iowa/A02751258/2022|A_/_H3N2|3C.2|2022-11-18|HA|4||EPI_ISL_16840773,2010.1
A/swine/Indiana/24TOSU0603/2024|A_/_H3N2|3C.3a|2024-06-13|HA|4||EPI_ISL_19332080,1990.4.a
A/swine/Minnesota/A02245690/2020|A_/_H3N2|unassigned|2020-08-17|HA|4||EPI_ISL_707221,1990.1
A/swine/Iowa/A02217287/2017|A_/_H3N2|unassigned|2017-06-16|HA|4||EPI_ISL_278434,2010.1
A/swine/Ohio/OH-15380/2021|A_/_H3N2|3C.3a|2021-06-23|HA|4||EPI_ISL_17471846,1990.4.a
A/swine/Indiana/A01260958/2015|A_/_H3N2|unassigned|2015-08-11|HA|4||EPI_ISL_200936,1990.4.a
A/swine/Illinois/101658/2022|A_/_H3|unassigned|2022-02-07|HA|4||EPI_ISL_19277940,2010.1
A/swine/Nebraska/I080617/2024|A_/_H3N2|unassigned|2024-08-06|HA|4||EPI_ISL_19501203,1990.4.i
A/swine/Minnesota/A01943266/2016|A_/_H3N2|unassigned|2016-04-19|HA|4||EPI_ISL_225556,2010.1
A/swine/Iowa/A02214841/2017|A_/_H3N2|unassigned|2017-04-11|HA|4||EPI_ISL_272818,1990.4.a
A/swine/Nebraska/4C-0813-G20/2013|A_/_H3N2|unassigned|2013-01-01|HA|4||EPI_ISL_16700814,1990.4.a
A/swine/Illinois/A01411363/2014|A_/_H3N2|unassigned|2014-01-01|HA|4||EPI_ISL_157883,1990.4.b2
A/swine/Indiana/A01260322/2013|A_/_H3N2|unassigned|2013-06-25|HA|4||EPI_ISL_149660,1990.4.a
A/swine/Illinois/A01668163/2016|A_/_H3N2|unassigned|2016-11-10|HA|4||EPI_ISL_246022,2010.1
A/swine/Wyoming/A02524888/2020|A_/_H3N2|unassigned|2020-11-09|HA|4||EPI_ISL_4081706,1990.4.a
A/swine/Iowa/A02134993/2017|A_/_H3N2|unassigned|2017-10-23|HA|4||EPI_ISL_296392,2010.1
A/swine/Iowa/A02635784/2021|A_/_H3N2|unassigned|2021-05-05|HA|4||EPI_ISL_4083655,1990.4.a
A/swine/Nebraska/A01489647/2015|A_/_H3N2|unassigned|2015-03-10|HA|4||EPI_ISL_177587,1990.4.a
"Influenza A virus (A/swine/Ohio/20TOSU3559/2020(H3N2)) segment 4 hemagglutinin (HA) gene, complete cds |Alphainfluenzavirus influenzae|H3N2|USA|Sus scrofa scrofa|2020-07-16|OP655073.1",1990.4.a
A/swine/Iowa/A02478723/2019|A_/_H3N2|unassigned|2019-10-03|HA|4||EPI_ISL_399411,2010.1
A/swine/Minnesota/A02751576/2023|A_/_H3N2|unassigned|2023-02-13|HA|4||EPI_ISL_17353476,2010.1
A/swine/North_Carolina/A02861307/2023|A_/_H3N2|unassigned|2023-03-21|HA|4||EPI_ISL_17587084,1990.4.a
A/swine/Iowa/A02524451/2020|A_/_H3N2|unassigned|2020-06-25|HA|4||EPI_ISL_499262,2010.1
A/swine/Indiana/A02478626/2019|A_/_H3N2|unassigned|2019-08-22|HA|4||EPI_ISL_393511,1990.4.a
"Influenza A virus (A/swine/Ohio/23TOSU3572/2023(H3N2)) segment 4 hemagglutinin (HA) gene, complete cds |Alphainfluenzavirus influenzae|H3N2|USA|Sus scrofa scrofa|2023-08-08|PP461371.1",1990.4.a
A/swine/Minnesota/A01668936/2016|A_/_H3N2|unassigned|2016-11-23|HA|4||EPI_ISL_252781,1990.4.b1
A/swine/Indiana/13TOSU5147/2013|A_/_H3N2|unassigned|2013-08-31|HA|4||EPI_ISL_168319,1990.4.a
A/swine/Iowa/A02479228/2020|A_/_H3N2|unassigned|2020-04-16|HA|4||EPI_ISL_502873,1990.4.a
A/swine/Minnesota/MT_12_07_1670/2012|A_/_H3N2|unassigned|2012-10-31|HA|4||EPI_ISL_271072,1990.4.b2
A/swine/Indiana/A02524738/2020|A_/_H3N2|unassigned|2020-10-14|HA|4||EPI_ISL_697755,1990.4.a
A/swine/North_Carolina/A01410529/2014|A_/_H3N2|unassigned|2014-03-01|HA|4||EPI_ISL_162037,1990.4.a
A/swine/Ohio/A02751295/2022|A_/_H3N2|3C.2|2022-12-05|HA|4||EPI_ISL_16840823,2010.1
A/swine/Iowa/A02636396/2022|A_/_H3N2|unassigned|2022-01-27|HA|4||EPI_ISL_14775415,2010.1
"Influenza A virus (A/swine/Utah/A02255014/2018(H3N2)) segment 4 hemagglutinin (HA) gene, complete cds |Alphainfluenzavirus influenzae|H3N2|USA: Utah|Sus scrofa|2018-08-09|MH819324.1",2010.1
A/swine/Iowa/A02862995/2024|A_/_H3N2|unassigned|2024-10-16|HA|4||EPI_ISL_19554461,2010.1
A/swine/Iowa/A02268402/2018|A_/_H3N2|unassigned|2018-10-24|HA|4||EPI_ISL_379477,2010.1
"Influenza A virus (A/swine/Kansas/A01785735/2018(H3N2)) segment 4 hemagglutinin (HA) gene, complete cds |Alphainfluenzavirus influenzae|H3N2|USA: Kansas|Sus scrofa|2018-11-01|MK267263.1",2010.1
A/swine/Nebraska/A01049937/2011|A_/_H3N2|unassigned|2011-05-01|HA|4||EPI_ISL_97111,1990.4.b2
A/swine/Iowa/101187/2009|A_/_H3|unassigned|2009-10-22|HA|4||EPI_ISL_19279440,1990.4
A/swine/Iowa/A02858684/2025|A_/_H3N2|unassigned|2025-06-16|HA|4||EPI_ISL_20069303,2010.1
A/swine/Oklahoma/A01770191/2015|A_/_H3N2|unassigned|2015-08-07|HA|4||EPI_ISL_200086,1990.4.a
A/swine/Nebraska/A02524963/2020|A_/_H3N2|unassigned|2020-12-02|HA|4||EPI_ISL_4081849,2010.1
A/swine/Minnesota/A02245307/2019|A_/_H3N2|unassigned|2019-10-28|HA|4||EPI_ISL_399707,2010.1
A/swine/Iowa/A02635890/2021|A_/_H3N2|unassigned|2021-06-10|HA|4||EPI_ISL_4084447,1990.4.a
A/swine/Iowa/A02750724/2022|A_/_H3N2|unassigned|2022-07-18|HA|4||EPI_ISL_14937146,2010.1
A/swine/Iowa/A01822205/2015|A_/_H3N2|unassigned|2015-05-14|HA|4||EPI_ISL_190888,1990.4.b1
A/swine/North_Carolina/A01432997/2013|A_/_H3N2|unassigned|2013-08-01|HA|4||EPI_ISL_147731,1990.4.a
A/swine/Iowa/16TOSU2493/2016|A_/_H3N2|unassigned|2016-06-09|HA|4||EPI_ISL_253995,1990.4.a
A/swine/Illinois/A01409675/2014|A_/_H3N2|unassigned|2014-01-01|HA|4||EPI_ISL_155794,1990.4.a
A/swine/Illinois/A01491193/2014|A_/_H3N2|unassigned|2014-01-23|HA|4||EPI_ISL_157159,1990.4.e
A/swine/Kansas/A02978467/2023|A_/_H3N2|unassigned|2023-04-07|HA|4||EPI_ISL_17809156,2010.1
A/swine/Illinois/100411/2019|A_/_H3|3C.3a1|2019-07-26|HA|4||EPI_ISL_19278346,Other-Human-2010
A/swine/Texas/A02636569/2022|A_/_H3N2|unassigned|2022-03-17|HA|4||EPI_ISL_14779614,2010.1
A/swine/Iowa/A01775848/2016|A_/_H3N2|unassigned|2016-05-23|HA|4||EPI_ISL_230204,2010.1
"Influenza A virus (A/swine/Georgia/23TOSU0233/2023(H3Nx)) segment 4 hemagglutinin (HA) gene, complete cds |Alphainfluenzavirus influenzae|H3Nx|USA|Sus scrofa scrofa|2023-01-19|OR786034.1",2010.1
"Influenza A virus (A/swine/Ohio/OH22-28333/2022(H3N2)) segment 4 hemagglutinin (HA) gene, complete cds |Alphainfluenzavirus influenzae|H3N2|USA: Ohio|Sus scrofa|2022-11-29|OQ750035.1",2010.1
A/swine/North_Carolina/A02758610/2023|A_/_H3N2|3C.2a1b.2a.2b|2023-05-22|HA|4||EPI_ISL_18073747,Other-Human-2020
"Influenza A virus (A/swine/Oklahoma/A02711706/2022(H3N?)) segment 4 hemagglutinin (HA) gene, complete cds |Alphainfluenzavirus influenzae|H3N?|USA: Oklahoma|Sus scrofa|2022-03-09|ON427085.1",2010.1
A/swine/Ohio/A01785399/2017|A_/_H3N2|unassigned|2017-12-26|HA|4||EPI_ISL_295648,2010.1
A/swine/Ohio/23-28381/2023|A_/_H3N2|unassigned|2023-11-21|HA|4||EPI_ISL_20186008,2010.2
A/swine/Illinois/004660_02859135/2025|A_/_H3N2|unassigned|2025-12-15|HA|4||EPI_ISL_20389465,1990.4
"Influenza A virus (A/swine/Ohio/A02751018/2022(H3N2)) segment 4 hemagglutinin (HA) gene, complete cds |Alphainfluenzavirus influenzae|H3N2|USA: Ohio|Sus scrofa|2022-10-17|OP903611.1",2010.1
A/swine/North_Carolina/A02035784/2015|A_/_H3N2|unassigned|2015-07-21|HA|4||EPI_ISL_197234,1990.4.a
A/swine/Illinois/A00843206/2014|A_/_H3N2|unassigned|2014-08-08|HA|4||EPI_ISL_167193,1990.4.a
A/swine/Iowa/A02978442/2023|A_/_H3N2|unassigned|2023-02-28|HA|4||EPI_ISL_17986904,2010.1
A/swine/Illinois/100626/2019|A_/_H3|3C.3a|2019-11-27|HA|4||EPI_ISL_19278260,1990.4.a
A/swine/Iowa/21TOSU0753/2021|A_/_H3N2|unassigned|2021-05-27|HA|4||EPI_ISL_18005765,2010.2
A/swine/Ohio/A02525155/2021|A_/_H3N2|unassigned|2021-02-09|HA|4||EPI_ISL_4082035,1990.4.a
"Influenza A virus (A/swine/Illinois/A02090943/2015(H3N2)) segment 4 hemagglutinin (HA) gene, complete cds |Alphainfluenzavirus influenzae|H3N2|USA|Sus scrofa|2015-10-06|KU171025.1",1990.4.e
A/swine/North_Carolina/A01857100/2015|A_/_H3N2|unassigned|2015-08-31|HA|4||EPI_ISL_200972,1990.4.a
A/swine/Iowa/ISU-A02861780/2023|A_/_H3N2|unassigned|2023-09-07|HA|4||EPI_ISL_18340772,2010.1
A/swine/Illinois/100183/2015|A_/_H3|3C.2|2015-11-23|HA|4||EPI_ISL_19279108,2010.1
"Influenza A virus (A/swine/Texas/A02711710/2022(H3N?)) segment 4 hemagglutinin (HA) gene, complete cds |Alphainfluenzavirus influenzae|H3N?|USA: Texas|Sus scrofa|2022-03-17|ON427114.1",2010.1
A/swine/Minnesota/A02978910/2024|A_/_H3N2|unassigned|2024-03-27|HA|4||EPI_ISL_19328744,1990.4.a
A/swine/Nebraska/A02171019/2018|A_/_H3N2|unassigned|2018-07-09|HA|4||EPI_ISL_381082,1990.4.a
A/swine/Nebraska/A01489868/2014|A_/_H3N2|unassigned|2014-08-04|HA|4||EPI_ISL_177585,1990.4.a
A/swine/Iowa/A01202659/2011|A_/_H3N2|unassigned|2011-10-06|HA|4||EPI_ISL_102531,1990.4.a
A/swine/Ohio/09SW83E/2009|A_/_H3N2|unassigned|2009-08-13|HA|4||EPI_ISL_133813,1990.4
A/swine/North_Carolina/A02636574/2022|A_/_H3N2|unassigned|2022-03-16|HA|4||EPI_ISL_14779572,1990.4.a
A/swine/Wyoming/101688/2021|A_/_H3|3C.3a|2021-04-14|HA|4||EPI_ISL_19278037,1990.4.a
A/swine/Iowa/A01565921/2014|A_/_H3N2|unassigned|2014-10-15|HA|4||EPI_ISL_171293,1990.4.a
A/swine/IN/PU542/04|A_/_H3N1|unassigned|2004-01-01|HA|4||EPI_ISL_9543,1990.4
A/swine/Iowa/A02862270/2024|A_/_H3N2|unassigned|2024-01-31|HA|4||EPI_ISL_18939709,2010.1
A/swine/Colorado/A02978450/2023|A_/_H3N2|unassigned|2023-03-13|HA|4||EPI_ISL_17986906,1990.4.a
A/swine/Iowa/A02978451/2023|A_/_H3N2|unassigned|2023-03-08|HA|4||EPI_ISL_17986902,1990.4.a
A/swine/Iowa/A01432395/2013|A_/_H3N2|unassigned|2013-01-09|HA|4||EPI_ISL_138209,1990.4.a
A/swine/Minnesota/A01271001/2012|A_/_H3N2|unassigned|2012-10-17|HA|4||EPI_ISL_132376,1990.4.b1
A/swine/Iowa/A01822197/2015|A_/_H3N2|unassigned|2015-05-18|HA|4||EPI_ISL_191510,1990.4.b1
A/swine/Iowa/A01279512/2012|A_/_H3N2|unassigned|2012-12-03|HA|4||EPI_ISL_133672,1990.4.b1
A/swine/Oklahoma/A02525388/2021|A_/_H3N2|3C.2a1|2021-04-15|HA|4||EPI_ISL_4083566,2010.2
A/swine/Kansas/11-104465/2011|A_/_H3N2|unassigned|2011-02-16|HA|4||EPI_ISL_100248,1990.4.f
A/swine/Ohio/OH20-15586/2020|A_/_H3N2|3C.3a|2020-07-22|HA|4||EPI_ISL_17373095,1990.4.a
A/swine/Iowa/A02750726/2022|A_/_H3N2|unassigned|2022-07-15|HA|4||EPI_ISL_14937147,2010.1
A/swine/North_Carolina/A02979178/2024|A_/_H3N2|unassigned|2024-07-23|HA|4||EPI_ISL_19483704,1990.4.b1
A/swine/Minnesota/A02979026/2024|A_/_H3N2|3C.2|2024-05-30|HA|4||EPI_ISL_19328748,2010.1
A/swine/Missouri/058358_02862617_H3/2024|A_/_H3|unassigned|2024-05-15|HA|4||EPI_ISL_19230716,2010.1
A/swine/Missouri/A02525123/2021|A_/_H3N2|unassigned|2021-01-27|HA|4||EPI_ISL_4081992,2010.1
A/swine/Nebraska/A01781225/2016|A_/_H3N2|unassigned|2016-09-08|HA|4||EPI_ISL_237042,1990.4.a
A/swine/Iowa/A02525005/2020|A_/_H3N2|unassigned|2020-12-18|HA|4||EPI_ISL_4081906,2010.1
A/swine/Ohio/6/2012|A_/_H3N2|unassigned|2012-06-01|HA|4||EPI_ISL_122106,1990.4.a
A/swine/Iowa/A02478979/2019|A_/_H3N2|unassigned|2019-12-31|HA|4||EPI_ISL_503332,2010.1
A/swine/Iowa/A02478861/2019|A_/_H3N2|unassigned|2019-11-11|HA|4||EPI_ISL_503376,1990.4.a
"Influenza A virus (A/swine/Iowa/20TOSU2379/2020(H3N2)) segment 4 hemagglutinin (HA) gene, complete cds |Alphainfluenzavirus influenzae|H3N2|USA|Sus scrofa scrofa|2020-07-10|OP654988.1",1990.4.a
A/swine/Ohio/24TOSU2692/2024|A_/_H3N2|3C.3a|2024-07-11|HA|4||EPI_ISL_19815564,1990.4.a
"Influenza A virus (A/swine/Missouri/A01410818/2013(H3N1)) segment 4 hemagglutinin (HA) gene, complete cds |Alphainfluenzavirus influenzae|H3N1|USA: Missouri|Sus scrofa|2013-12-19|KJ941368.1",2010.1
A/swine/Iowa/A02863028/2024|A_/_H3N2|3C.2|2024-10-22|HA|4||EPI_ISL_19592568,2010.1
A/swine/Indiana/A01812292/2019|A_/_H3N2|unassigned|2019-04-16|HA|4||EPI_ISL_366169,1990.4.a
A/swine/Iowa/A02751212/2022|A_/_H3N2|unassigned|2022-11-09|HA|4||EPI_ISL_16925061,2010.1
A/swine/Iowa/A01501048/2014|A_/_H3N2|unassigned|2014-05-13|HA|4||EPI_ISL_163959,1990.4.a
A/swine/Nebraska/A01409647/2013|A_/_H3N2|unassigned|2013-12-01|HA|4||EPI_ISL_155800,1990.4.a
A/swine/Ohio/17TOSU5114/2017|A_/_H3N2|unassigned|2017-06-01|HA|4||EPI_ISL_373681,2010.1
A/swine/Illinois/A01201629/2011|A_/_H3N2|unassigned|2011-06-07|HA|4||EPI_ISL_124430,1990.4.d
A/swine/Iowa/A02478539/2019|A_/_H3N2|unassigned|2019-06-05|HA|4||EPI_ISL_372421,2010.1
A/swine/Missouri/A02750913/2022|A_/_H3N2|unassigned|2022-09-21|HA|4||EPI_ISL_16215713,2010.1
A/swine/Iowa/A01203992/2012|A_/_H3N2|unassigned|2012-10-01|HA|4||EPI_ISL_132390,1990.4
A/swine/Minnesota/A01785270/2017|A_/_H3N2|unassigned|2017-06-12|HA|4||EPI_ISL_278765,2010.1
A/swine/Illinois/A02861340/2023|A_/_H3N2|unassigned|2023-03-27|HA|4||EPI_ISL_17587088,2010.1
A/swine/Indiana/A01260169/2012|A_/_H3N2|unassigned|2012-12-11|HA|4||EPI_ISL_136675,1990.4.a
A/swine/Indiana/A01812260/2017|A_/_H3N2|unassigned|2017-04-18|HA|4||EPI_ISL_328258,2010.1
A/swine/Kansas/11-110529/2011|A_/_H3N2|unassigned|2011-04-08|HA|4||EPI_ISL_100252,1990.4.f
A/swine/Missouri/A01672753_/2017|A_/_H3N2|unassigned|2017-02-07|HA|4||EPI_ISL_258624,2010.1
A/swine/Oklahoma/20TOSU3395/2020|A_/_H3N2|unassigned|2020-09-05|HA|4||EPI_ISL_14224227,1990.4.a
A/swine/Iowa/MT_12_07_2595/2012|A_/_H3N2|unassigned|2012-04-30|HA|4||EPI_ISL_271642,1990.4.f
A/swine/Iowa/A02636498/2022|A_/_H3N2|unassigned|2022-02-17|HA|4||EPI_ISL_14779561,1990.4.a
A/swine/Illinois/A00857304b/2012|A_/_H3N2|unassigned|2012-01-05|HA|4||EPI_ISL_117563,1990.4.a
A/swine/Illinois/101598/2023|A_/_H3|unassigned|2023-03-27|HA|4||EPI_ISL_19277779,2010.1
A/swine/Iowa/A02751094/2022|A_/_H3N2|3C.2a2|2022-10-25|HA|4||EPI_ISL_16854613,1990.4
A/swine/Minnesota/A02712165/2022|A_/_H3N2|3C.3a|2022-10-05|HA|4||EPI_ISL_16891396,1990.4.a
A/swine/Minnesota/A01941831/2015|A_/_H3N2|unassigned|2015-12-30|HA|4||EPI_ISL_212195,2010.1
"Influenza A virus (A/swine/Indiana/A01260523/2014(H3N2)) segment 4 hemagglutinin (HA) gene, complete cds |Alphainfluenzavirus influenzae|H3N2|USA: Indiana|Sus scrofa|2014-04-03|KM245296.1",1990.4.a
A/swine/Minnesota/A01942134/2016|A_/_H3N2|unassigned|2016-01-26|HA|4||EPI_ISL_216912,2010.1
A/swine/Indiana/A02862684/2024|A_/_H3N2|3C.2|2024-07-25|HA|4||EPI_ISL_19301207,2010.1
A/swine/Minnesota/A02862916/2024|A_/_H3N2|unassigned|2024-09-24|HA|4||EPI_ISL_19521807,2010.1
A/swine/Iowa/ISU-A02862161/2023|A_/_H3N2|unassigned|2023-12-19|HA|4||EPI_ISL_18847090,2010.1
A/swine/Iowa/A01822175/2015|A_/_H3N2|unassigned|2015-05-18|HA|4||EPI_ISL_190895,1990.4.b1
A/Swine/NorthCarolina/16497/99|A_/_H3N2|unassigned|1999-01-01|HA|4||EPI_ISL_1750,1990.1
A/swine/Illinois/A00857318a/2012|A_/_H3N2|unassigned|2012-02-23|HA|4||EPI_ISL_127928,1990.4.a
A/swine/Minnesota/A02979412/2025|A_/_H3N2|unassigned|2025-03-10|HA|4||EPI_ISL_19890504,1990.4.a
A/swine/Iowa/A02257962/2018|A_/_H3N2|unassigned|2018-10-03|HA|4||EPI_ISL_379375,1990.4.a
A/swine/Indiana/A02636512/2022|A_/_H3N2|3C.2a1|2022-02-21|HA|4||EPI_ISL_14778349,2010.2
"Influenza A virus (A/swine/Iowa/A02270002/2018(H3N2)) segment 4 hemagglutinin (HA) gene, complete cds |Alphainfluenzavirus influenzae|H3N2|USA: Iowa|Sus scrofa|2018-11-14|MK358874.1",1990.4.a
A/swine/Nebraska/A02430270/2019|A_/_H3N2|unassigned|2019-02-06|HA|4||EPI_ISL_370653,2010.1
A/swine/Minnesota/D09-20230-4/2009|A_/_H3N2|unassigned|2009-04-22|HA|4||EPI_ISL_198201,1990.4
A/swine/Iowa/A02862834/2024|A_/_H3N2|unassigned|2024-08-21|HA|4||EPI_ISL_19418472,2010.1
A/swine/Kansas/A02245349/2019|A_/_H3N2|unassigned|2019-12-03|HA|4||EPI_ISL_504113,2010.1
A/swine/Indiana/A01260591/2014|A_/_H3N2|unassigned|2014-07-16|HA|4||EPI_ISL_167187,1990.4.b1
A/swine/Indiana/A01812314/2020|A_/_H3N2|unassigned|2020-12-14|HA|4||EPI_ISL_4081941,1990.4.a
A/swine/Minnesota/A02245369/2019|A_/_H3N2|unassigned|2019-12-20|HA|4||EPI_ISL_503155,2010.1
A/swine/Ohio/16TOSU5245/2016|A_/_H3N2|unassigned|2016-08-11|HA|4||EPI_ISL_243724,2010.1
A/swine/North_Carolina/A01410180/2014|A_/_H3N2|unassigned|2014-01-01|HA|4||EPI_ISL_157204,1990.4.a
A/swine/North_Carolina/A01442548/2012|A_/_H3N2|unassigned|2012-11-20|HA|4||EPI_ISL_134301,1990.4.a
A/swine/Indiana/A01260155/2012|A_/_H3N2|unassigned|2012-11-29|HA|4||EPI_ISL_135220,1990.4.c
A/swine/Illinois/A01462663/2015|A_/_H3N2|unassigned|2015-02-02|HA|4||EPI_ISL_177880,1990.4.a
A/swine/Iowa/A02158360/2018|A_/_H3N2|unassigned|2018-05-02|HA|4||EPI_ISL_328864,2010.1
A/swine/Indiana/100618/2019|A_/_H3|unassigned|2019-11-01|HA|4||EPI_ISL_19278286,2010.1
A/swine/Ohio/14TOSU0122/2014|A_/_H3N2|unassigned|2014-01-01|HA|4||EPI_ISL_200901,1990.4.b1
A/swine/Iowa/A02430691/2019|A_/_H3N2|unassigned|2019-02-20|HA|4||EPI_ISL_372177,2010.1
A/swine/Nebraska/4G-0314-P10/2014|A_/_H3N2|unassigned|2014-01-01|HA|4||EPI_ISL_16705322,1990.4.a
A/swine/North_Carolina/A02635764/2021|A_/_H3N2|unassigned|2021-04-29|HA|4||EPI_ISL_4083654,1990.4.a
A/swine/North_Carolina/A02478865/2019|A_/_H3N2|unassigned|2019-11-13|HA|4||EPI_ISL_505915,2010.1
A/swine/Illinois/V120347/2025|A_/_H3N2|unassigned|2025-11-25|HA|4||EPI_ISL_20327333,2010.1
A/swine/North_Carolina/USDA-A02978588/2023|A_/_H3N2|unassigned|2023-10-31|HA|4||EPI_ISL_18759965,2010.1
A/swine/Iowa/A01847868/2015|A_/_H3N2|unassigned|2015-05-06|HA|4||EPI_ISL_190466,2010.1
A/swine/Iowa/092506_02858795/2025|A_/_H3N2|3C.2a1b.2a.2a.1|2025-08-26|HA|4||EPI_ISL_20187391,Other-Human-2020
A/swine/Illinois/101047/2006|A_/_H3|unassigned|2006-01-11|HA|4||EPI_ISL_19279571,1990.4
A/swine/Indiana/100642/2020|A_/_H3|3C.3a|2020-01-14|HA|4||EPI_ISL_19278232,1990.4.a
A/swine/Ohio/A02751381/2023|A_/_H3N2|unassigned|2023-01-12|HA|4||EPI_ISL_16920560,2010.1
A/swine/Iowa/A02858575/2025|A_/_H3N2|unassigned|2025-04-25|HA|4||EPI_ISL_19885030,2010.1
A/swine/Nebraska/A02034991/2015|A_/_H3N2|unassigned|2015-07-30|HA|4||EPI_ISL_198367,1990.4
A/swine/Indiana/A02479381/2020|A_/_H3N2|unassigned|2020-05-28|HA|4||EPI_ISL_502064,1990.4.a
"Influenza A virus (A/swine/Illinois/23TOSU3926/2023(H3N2)) segment 4 hemagglutinin (HA) gene, complete cds |Alphainfluenzavirus influenzae|H3N2|USA|Sus scrofa scrofa|2023-08-12|PP445683.1",1990.4.a
A/swine/Illinois/TM1707DTW18/2017|A_/_H3N2|unassigned|2017-07-07|HA|4||EPI_ISL_4082153,2010.1
A/swine/Indiana/24TOSU0645/2024|A_/_H3N2|3C.3a|2024-06-13|HA|4||EPI_ISL_19332092,1990.4.a
A/swine/Missouri/A02636322/2021|A_/_H3N2|unassigned|2021-09-27|HA|4||EPI_ISL_14770777,1990.4
A/swine/Indiana/A00968359/2012|A_/_H3N2|unassigned|2012-03-06|HA|4||EPI_ISL_156335,1990.4.d
A/swine/Nebraska/I026908/2024|A_/_H3N2|unassigned|2024-03-12|HA|4||EPI_ISL_19268399,1990.4.i
A/swine/Minnesota/A02711696/2022|A_/_H3N2|unassigned|2022-02-07|HA|4||EPI_ISL_14835321,1990.4.a
A/swine/Ohio/A02635841/2021|A_/_H3N2|unassigned|2021-05-14|HA|4||EPI_ISL_4083944,1990.4.a
A/swine/Montana/A02858398/2025|A_/_H3N2|unassigned|2025-02-20|HA|4||EPI_ISL_19790146,1990.4
A/swine/Illinois/A01409639/2013|A_/_H3N2|unassigned|2013-12-01|HA|4||EPI_ISL_155789,1990.4.a
A/swine/Minnesota/A01442411/2012|A_/_H3N2|unassigned|2012-04-17|HA|4||EPI_ISL_134302,1990.4.b1
A/swine/Minnesota/A02245235/2019|A_/_H3N2|unassigned|2019-09-06|HA|4||EPI_ISL_396122,2010.1
A/swine/Iowa/A01432817/2013|A_/_H3N2|unassigned|2013-06-01|HA|4||EPI_ISL_147157,1990.4.a
A/swine/Iowa/ISU-A02862017/2023|A_/_H3N2|unassigned|2023-11-07|HA|4||EPI_ISL_18777086,2010.1
A/swine/Indiana/A02635710/2021|A_/_H3N2|unassigned|2021-04-20|HA|4||EPI_ISL_4083593,1990.4.a
A/swine/IA/37507/2018|A_/_H3N2|unassigned|2018-05-23|HA|4||EPI_ISL_389814,1990.1
A/swine/Kansas/A02978471/2023|A_/_H3N2|unassigned|2023-04-07|HA|4||EPI_ISL_17809153,2010.1
A/swine/Wisconsin/194/1980|A_/_H3N2|unassigned|1980-01-01|HA|4||EPI_ISL_5136,Other-Human-1970-like
A/swine/North_Carolina/6368/2012|A_/_H3N2|unassigned|2012-06-01|HA|4||EPI_ISL_142729,1990.4.k
A/swine/Minnesota/SG1293/2007|A_/_H3N2|unassigned|2007-04-06|HA|4||EPI_ISL_150882,1990.4
A/swine/Nebraska/A02861435/2023|A_/_H3N2|unassigned|2023-04-25|HA|4||EPI_ISL_17805859,2010.1
A/swine/California/A01459016/2015|A_/_H3N2|unassigned|2015-03-18|HA|4||EPI_ISL_206885,1990.4.b1
A/swine/Iowa/101172/2009|A_/_H3|unassigned|2009-05-06|HA|4||EPI_ISL_19279461,1990.4
A/swine/Indiana/F105526/2022|A_/_H3N2|3C.3a|2022-11-07|HA|4||EPI_ISL_16886672,1990.4.a
A/swine/North_Carolina/A02142401/2018|A_/_H3N2|unassigned|2018-02-23|HA|4||EPI_ISL_303871,2010.1
A/swine/North_Carolina/A02858517/2025|A_/_H3N2|unassigned|2025-04-07|HA|4||EPI_ISL_19855226,2010.1
A/Swine/Oklahoma/18717/99|A_/_H3N2|unassigned|1999-01-01|HA|4||EPI_ISL_1746,1990.4-like
A/swine/Ohio/OH20-25168/2020|A_/_H3N2|3C.3a|2020-11-25|HA|4||EPI_ISL_17373120,1990.4.a
A/swine/Minnesota/A01327666/2012|A_/_H3N2|unassigned|2012-04-23|HA|4||EPI_ISL_130151,1990.4.f
A/swine/Oklahoma/075903_A02862769/2024|A_/_H3N2|unassigned|2024-07-19|HA|4||EPI_ISL_19367267,2010.2
A/swine/Iowa/A02635941/2021|A_/_H3N2|unassigned|2021-07-02|HA|4||EPI_ISL_4084602,2010.1
A/swine/Indiana/A02524424/2020|A_/_H3N2|unassigned|2020-06-10|HA|4||EPI_ISL_499224,1990.4.a
A/swine/North_Carolina/A01732322/2016|A_/_H3N2|unassigned|2016-02-22|HA|4||EPI_ISL_235742,1990.4.a
"Influenza A virus (A/swine/Iowa/18Tosu0383/2018(H3N2)) segment 4 hemagglutinin (HA) gene, complete cds |Alphainfluenzavirus influenzae|H3N2|USA: Iowa|Sus scrofa|2018-06-07|MK705357.1",2010.1
A/swine/North_Carolina/A02636108/2021|A_/_H3N2|unassigned|2021-08-26|HA|4||EPI_ISL_6785506,1990.4.a
A/swine/Ohio/09SW100/2009|A_/_H3N2|unassigned|2009-08-13|HA|4||EPI_ISL_133814,1990.4
A/swine/Texas/A02246988/2021|A_/_H3N2|unassigned|2021-11-04|HA|4||EPI_ISL_14770024,2010.1
A/swine/Nebraska/ISU-A02862087/2023|A_/_H3N2|unassigned|2023-11-29|HA|4||EPI_ISL_18737878,2010.1
A/swine/Indiana/A01290320/2013|A_/_H3N2|unassigned|2013-08-01|HA|4||EPI_ISL_148308,1990.4.a
A/swine/Arkansas/A01840096/2014|A_/_H3N2|unassigned|2014-12-09|HA|4||EPI_ISL_174303,1990.4.a
A/swine/Iowa/A02478972/2019|A_/_H3N2|unassigned|2019-12-26|HA|4||EPI_ISL_503373,1990.4.h
A/swine/Iowa/101822/2016|A_/_H3|3C.3a|2016-01-04|HA|4||EPI_ISL_19279011,1990.4.a
A/swine/Oklahoma/A01475757/2014|A_/_H3N2|unassigned|2014-06-01|HA|4||EPI_ISL_165092,1990.4.a
A/swine/Illinois/A01409657/2014|A_/_H3N2|unassigned|2014-01-01|HA|4||EPI_ISL_155790,1990.4.a
A/swine/Ohio/24TOSU1767/2024|A_/_H3N2|3C.3a|2024-06-01|HA|4||EPI_ISL_19332138,1990.4.a
A/swine/USA/16/2017|A_/_H3N2|3C.2a1|2017-10-03|HA|4||EPI_ISL_505849,2010.2
A/swine/Iowa/A02524434/2020|A_/_H3N2|unassigned|2020-06-17|HA|4||EPI_ISL_499251,1990.4.a
A/swine/Indiana/A02524437/2020|A_/_H3N2|unassigned|2020-06-17|HA|4||EPI_ISL_499250,2010.1
"Influenza A virus (A/swine/Iowa/004620_(A02859097)_H3/2025(H3N2)) segment 4 hemagglutinin (HA) gene, complete cds |Alphainfluenzavirus influenzae|H3N2|USA: Iowa|Sus scrofa|2025-11-25|PZ106083.1",2010.1
A/swine/Wyoming/A02245222/2019|A_/_H3N2|unassigned|2019-08-23|HA|4||EPI_ISL_396127,1990.4.b2
A/swine/Illinois/100428/2019|A_/_H3|unassigned|2019-11-15|HA|4||EPI_ISL_19278270,2010.1
A/swine/Iowa/A02750734/2022|A_/_H3N2|unassigned|2022-07-19|HA|4||EPI_ISL_14937223,1990.4.a
A/swine/Iowa/A02863171/2024|A_/_H3N2|unassigned|2024-11-19|HA|4||EPI_ISL_19633295,2010.1
A/swine/Iowa/A02636332/2022|A_/_H3N2|unassigned|2022-01-11|HA|4||EPI_ISL_14770839,1990.4.a
A/swine/Indiana/A02861625/ISU-2023|A_/_H3N2|3C.2a1|2023-06-29|HA|4||EPI_ISL_18276859,2010.2
A/swine/Georgia/02604/2009|A_/_H3N2|unassigned|2009-02-20|HA|4||EPI_ISL_150931,1990.4.b2
"Influenza A virus (A/swine/Nebraska/A02751579/2023(H3N2)) segment 4 hemagglutinin (HA) gene, complete cds |Alphainfluenzavirus influenzae|H3N2|USA: Nebraska|Sus scrofa|2023-02-15|OQ836559.1",1990.4.i
A/swine/Kansas/N030821/2024|A_/_H3N2|unassigned|2024-03-21|HA|4||EPI_ISL_19268401,2010.1
A/swine/Minnesota/A02245889/2021|A_/_H3N2|unassigned|2021-04-15|HA|4||EPI_ISL_4083586,1990.4.a
A/swine/Pennsylvania/A02750862/2022|A_/_H3N2|unassigned|2022-09-02|HA|4||EPI_ISL_15620410,1990.4.a
A/swine/Iowa/A02478683/2019|A_/_H3N2|unassigned|2019-09-16|HA|4||EPI_ISL_396961,2010.1
A/swine/Iowa/A02636384/2022|A_/_H3N2|unassigned|2022-01-13|HA|4||EPI_ISL_14775282,2010.1
A/swine/Michigan/A01259003/2012|A_/_H3N2|unassigned|2012-11-28|HA|4||EPI_ISL_135960,1990.4.a
A/swine/Minnesota/A01847477/2015|A_/_H3N2|unassigned|2015-04-20|HA|4||EPI_ISL_188906,1990.4.b1
A/swine/IA/24486/2018|A_/_H3N2|unassigned|2018-04-06|HA|4||EPI_ISL_389801,1990.1
A/swine/Kansas/A02245703/2020|A_/_H3N2|unassigned|2020-08-31|HA|4||EPI_ISL_707320,2010.1
A/swine/Illinois/100770/2021|A_/_H3|3C.3a|2021-07-23|HA|4||EPI_ISL_19278017,1990.4.a
A/swine/Illinois/101893/2015|A_/_H3|unassigned|2015-02-19|HA|4||EPI_ISL_19279235,1990.4.a
A/swine/Missouri/100492/2018|A_/_H3|3C.3a|2018-04-18|HA|4||EPI_ISL_19278604,1990.1
A/swine/Indiana/A02751480/2023|A_/_H3N2|3C.3a|2023-01-17|HA|4||EPI_ISL_17184155,1990.4.a
A/swine/Minnesota/A02248062/2021|A_/_H3N2|unassigned|2021-03-31|HA|4||EPI_ISL_4089930,1990.4.a
A/swine/Illinois/A02858496/2025|A_/_H3N2|unassigned|2025-03-31|HA|4||EPI_ISL_19850023,2010.1
A/swine/Missouri/A02524836/2020|A_/_H3N2|unassigned|2020-11-03|HA|4||EPI_ISL_4081632,2010.1
A/swine/Iowa/A02861327/2023|A_/_H3N2|unassigned|2023-03-23|HA|4||EPI_ISL_17587086,2010.1
"Influenza A virus (A/swine/Indiana/A01410396/2014(H3N2)) segment 4 hemagglutinin (HA) gene, complete cds |Alphainfluenzavirus influenzae|H3N2|USA: Indiana|Sus scrofa|2014-03|KJ604997.1",1990.4.a
A/swine/North_Carolina/A01840158/2014|A_/_H3N2|unassigned|2014-12-10|HA|4||EPI_ISL_173682,1990.4.a
A/swine/Iowa/A01203482/2012|A_/_H3N2|unassigned|2012-04-30|HA|4||EPI_ISL_124044,1990.4.b1
A/swine/North_Carolina/A01668664/2016|A_/_H3N2|unassigned|2016-11-28|HA|4||EPI_ISL_252700,1990.4.b2
A/swine/Iowa/ISU-A02861848/2023|A_/_H3N2|3C.2|2023-09-29|HA|4||EPI_ISL_18699080,2010.1
A/swine/Iowa/A02636169/2021|A_/_H3N1|3C.3a|2021-09-20|HA|4||EPI_ISL_6795340,2010.1
A/swine/USA/30/2018|A_/_H3N2|3C.2a1|2018-12-27|HA|4||EPI_ISL_505863,2010.2
A/swine/Texas/A02711871/2022|A_/_H3N2|unassigned|2022-09-08|HA|4||EPI_ISL_16212272,2010.1
A/swine/Iowa/A02524613/2020|A_/_H3N2|unassigned|2020-09-10|HA|4||EPI_ISL_707310,2010.1
A/swine/Illinois/101089/2007|A_/_H3|unassigned|2007-12-14|HA|4||EPI_ISL_19279535,1990.4
A/swine/Texas/A02245653/2020|A_/_H3N2|unassigned|2020-05-21|HA|4||EPI_ISL_501775,1990.1
A/swine/Illinois/A02862964/2024|A_/_H3N2|unassigned|2024-10-09|HA|4||EPI_ISL_19548153,2010.1
A/swine/Missouri/A02136762/2017|A_/_H3N2|unassigned|2017-11-13|HA|4||EPI_ISL_297104,2010.1
A/swine/Nebraska/A02142683/2018|A_/_H3N2|unassigned|2018-02-14|HA|4||EPI_ISL_303872,1990.4.a
A/swine/North_Carolina/A02858725/2025|A_/_H3N2|unassigned|2025-07-21|HA|4||EPI_ISL_20132027,2010.1
A/swine/Illinois/100780/2021|A_/_H3|3C.3a|2021-10-12|HA|4||EPI_ISL_19277998,1990.4.a
A/Swine/Minnesota/593/99|A_/_H3N2|unassigned|1999-01-01|HA|4||EPI_ISL_1719,1990.1
A/swine/Minnesota/A02245278/2019|A_/_H3N2|unassigned|2019-10-09|HA|4||EPI_ISL_399387,1990.4.a
A/swine/Michigan/A01668934/2016|A_/_H3N2|unassigned|2016-12-02|HA|4||EPI_ISL_252803,1990.4.b2
A/swine/Indiana/100783/2021|A_/_H3|3C.2|2021-11-02|HA|4||EPI_ISL_19277992,2010.1
A/swine/Iowa/A02635840/2021|A_/_H3N2|unassigned|2021-05-17|HA|4||EPI_ISL_4084058,1990.4.a
A/swine/Illinois/100216/2016|A_/_H3|unassigned|2016-08-08|HA|4||EPI_ISL_19278916,1990.4.a
A/swine/Texas/A02711849/2022|A_/_H3N2|unassigned|2022-06-22|HA|4||EPI_ISL_14937360,2010.1
A/swine/Illinois/A01201631/2011|A_/_H3N2|unassigned|2011-06-07|HA|4||EPI_ISL_124297,1990.4.d
A/swine/Iowa/A01290933/2013|A_/_H3N2|unassigned|2013-12-01|HA|4||EPI_ISL_155708,1990.4.b1
A/swine/Indiana/A02245511/2020|A_/_H3N2|unassigned|2020-02-24|HA|4||EPI_ISL_503902,1990.4.a
A/swine/Iowa/A02750825/2022|A_/_H3N2|unassigned|2022-08-24|HA|4||EPI_ISL_15620271,2010.1
A/swine/Oklahoma/A02524467/2020|A_/_H3N2|unassigned|2020-07-02|HA|4||EPI_ISL_700966,1990.1
A/swine/Iowa/A02479053/2020|A_/_H3N2|unassigned|2020-02-07|HA|4||EPI_ISL_503613,2010.1
A/swine/Oklahoma/A01896023/2015|A_/_H3N2|unassigned|2015-11-16|HA|4||EPI_ISL_208963,1990.4.a
A/swine/North_Carolina/A01076204/2010|A_/_H3N2|unassigned|2010-04-18|HA|4||EPI_ISL_104805,1990.4
A/swine/Minnesota/A02751580/2023|A_/_H3N2|unassigned|2023-02-10|HA|4||EPI_ISL_17353505,2010.1
A/swine/Illinois/A02524654/2020|A_/_H3N2|3C.2a1|2020-09-22|HA|4||EPI_ISL_697528,2010.2
"Influenza A virus (A/swine/Pennsylvania/A02861969/2023(H3N2)) segment 4 hemagglutinin (HA) gene, complete cds |Alphainfluenzavirus influenzae|H3N2|USA: Pennsylvania|Sus scrofa|2023-11-06|OR887641.1",1990.4.a
A/swine/Iowa/A02136685/2017|A_/_H3N2|unassigned|2017-11-17|HA|4||EPI_ISL_297099,2010.1
A/swine/Iowa/A02750720/2022|A_/_H3N2|unassigned|2022-07-19|HA|4||EPI_ISL_14931869,2010.1
A/swine/Kansas/A01477353/2014|A_/_H3N2|unassigned|2014-08-18|HA|4||EPI_ISL_167331,1990.4
A/swine/Iowa/A02479234/2020|A_/_H3N2|unassigned|2020-04-15|HA|4||EPI_ISL_502852,1990.4.a
A/swine/Iowa/101694/2021|A_/_H3|unassigned|2021-03-05|HA|4||EPI_ISL_19278056,1990.1
A/swine/Ohio/OH20-24338/2020|A_/_H3N2|3C.3a|2020-11-13|HA|4||EPI_ISL_17373110,1990.4.a
A/swine/Illinois/100262/2017|A_/_H3|unassigned|2017-01-25|HA|4||EPI_ISL_19278861,1990.4.a
A/swine/Iowa/A01778709/2016|A_/_H3N2|unassigned|2016-08-16|HA|4||EPI_ISL_235730,2010.1
A/swine/Iowa/A02157567/2018|A_/_H3N2|unassigned|2018-04-09|HA|4||EPI_ISL_329603,1990.4.a
A/swine/Michigan/101508/2016|A_/_H3|unassigned|2016-04-28|HA|4||EPI_ISL_19278980,1990.4.b2
A/swine/Iowa/A02636163/2021|A_/_H3N2|unassigned|2021-09-16|HA|4||EPI_ISL_6816045,2010.1
A/swine/Illinois/100491/2018|A_/_H3|3C.2a1|2018-04-16|HA|4||EPI_ISL_19278605,2010.2
A/swine/Pennsylvania/A02751232/2022|A_/_H3N2|3C.3a|2022-11-15|HA|4||EPI_ISL_16840766,1990.4.a
A/swine/Missouri/A01476458/2013|A_/_H3N1|3C.3a|2013-09-25|HA|4||EPI_ISL_171035,2010.1
A/swine/Minnesota/A02711805/2022|A_/_H3N2|unassigned|2022-04-14|HA|4||EPI_ISL_14224056,2010.1
A/swine/Iowa/A02478767/2019|A_/_H3N2|unassigned|2019-10-16|HA|4||EPI_ISL_399728,2010.1
A/swine/Ohio/A01941023/2015|A_/_H3N2|unassigned|2015-11-09|HA|4||EPI_ISL_205997,1990.4.a
A/swine/Iowa/A02142411/2018|A_/_H3N2|unassigned|2018-01-31|HA|4||EPI_ISL_303876,2010.1
A/swine/Nebraska/CEIRS-I80400/2023|A_/_H3N1|unassigned|2023-08-27|HA|4||EPI_ISL_18750848,1990.4.i
A/swine/Illinois/100580/2019|A_/_H3|3C.2a1|2019-05-16|HA|4||EPI_ISL_19278383,2010.2
A/swine/Illinois/A02478828/2019|A_/_H3N2|unassigned|2019-10-31|HA|4||EPI_ISL_503405,2010.1
A/swine/Ohio/17TOSU4107/2017|A_/_H3N2|unassigned|2017-08-01|HA|4||EPI_ISL_379268,2010.1
A/swine/Iowa/A02138536/2017|A_/_H3N2|unassigned|2017-12-03|HA|4||EPI_ISL_297174,2010.1
A/swine/Kansas/ISU-A02861756/2023|A_/_H3N2|unassigned|2023-08-30|HA|4||EPI_ISL_18338471,1990.4.a
A/swine/Indiana/13TOSU1217/2013|A_/_H3N2|unassigned|2013-07-01|HA|4||EPI_ISL_161151,1990.4.a
A/swine/Minnesota/21057/2005|A_/_H3N2|unassigned|2005-01-01|HA|4||EPI_ISL_30388,1990.4
A/swine/Iowa/A01049750/2011|A_/_H3N2|unassigned|2011-03-28|HA|4||EPI_ISL_97140,1990.4.f
A/swine/Michigan/101577/2020|A_/_H3|3C.2|2020-03-30|HA|4||EPI_ISL_19278173,2010.1
A/swine/Iowa/A02479140/2020|A_/_H3N2|unassigned|2020-03-11|HA|4||EPI_ISL_504129,1990.4.a
A/swine/Illinois/A01462475/2015|A_/_H3N2|unassigned|2015-01-07|HA|4||EPI_ISL_180679,1990.4.e
A/swine/Nebraska/A02254794/2018|A_/_H3N2|unassigned|2018-07-30|HA|4||EPI_ISL_326818,1990.4.a
A/swine/Minnesota/A02248023/2021|A_/_H3N2|unassigned|2021-06-24|HA|4||EPI_ISL_4089919,2010.1
A/swine/Nebraska/A02221499/2017|A_/_H3N2|unassigned|2017-08-28|HA|4||EPI_ISL_285477,1990.4.a
A/swine/Illinois/A02751180/2022|A_/_H3N2|3C.3a|2022-11-04|HA|4||EPI_ISL_16925056,1990.4.a
A/swine/Kentucky/14TOSU23911/2014|A_/_H3N2|unassigned|2014-01-01|HA|4||EPI_ISL_200900,1990.4.b1
"Influenza A virus (A/swine/Ohio/23TOSU4178/2023(H3N2)) segment 4 hemagglutinin (HA) gene, complete cds |Alphainfluenzavirus influenzae|H3N2|USA|Sus scrofa scrofa|2023-08-01|PP445283.1",1990.4.a
A/swine/Iowa/A02171026/2018|A_/_H3N2|unassigned|2018-07-05|HA|4||EPI_ISL_327790,2010.1
A/swine/Iowa/A01671128/2016|A_/_H3N2|unassigned|2016-12-07|HA|4||EPI_ISL_253656,2010.1
A/swine/North_Carolina/A01857103/2015|A_/_H3N2|unassigned|2015-08-31|HA|4||EPI_ISL_200981,1990.4.a
A/swine/Iowa/A02525290/2021|A_/_H3N2|unassigned|2021-03-23|HA|4||EPI_ISL_4082730,1990.4.a
A/swine/Iowa/A01203304/2012|A_/_H3N2|unassigned|2012-02-27|HA|4||EPI_ISL_127700,1990.4.b1
A/swine/Iowa/16TOSU2708/2016|A_/_H3N2|unassigned|2016-06-09|HA|4||EPI_ISL_254008,1990.4.a
A/swine/Kansas/14-000624/2015|A_/_H3N2|unassigned|2015-01-12|HA|4||EPI_ISL_174911,1990.4.a
A/swine/Minnesota/ISU-1884/2023|A_/_H3N2|unassigned|2023-10-09|HA|4||EPI_ISL_18755518,2010.1
A/swine/Missouri/A01554556/2015|A_/_H3N2|unassigned|2015-04-21|HA|4||EPI_ISL_188915,2010.1
A/swine/Iowa/A02215039/2017|A_/_H3N2|unassigned|2017-04-21|HA|4||EPI_ISL_272850,2010.1
A/swine/Indiana/A02635923/2021|A_/_H3N2|unassigned|2021-06-16|HA|4||EPI_ISL_4084491,1990.4.a
A/swine/Iowa/A01481390/2014|A_/_H3N2|unassigned|2014-05-13|HA|4||EPI_ISL_163655,1990.4.a
A/swine/Illinois/A02155577/2018|A_/_H3N2|3C.2a2|2018-01-09|HA|4||EPI_ISL_305775,Other-Human-2010-like
A/swine/Iowa/A02750915/2022|A_/_H3N2|unassigned|2022-09-23|HA|4||EPI_ISL_16215597,2010.1
A/swine/Nebraska/A01300467/2012|A_/_H3N2|unassigned|2012-07-12|HA|4||EPI_ISL_130133,1990.4.f
A/swine/Indiana/A02479029/2019(H3N2)|A_/_H3N2|unassigned|2019-12-31|HA|4||EPI_ISL_505000,1990.4.a
"Influenza A virus (A/swine/Iowa/A02751004/2022(H3N2)) segment 4 hemagglutinin (HA) gene, complete cds |Alphainfluenzavirus influenzae|H3N2|USA: Iowa|Sus scrofa|2022-10-12|OP903563.1",1990.4.a
"Influenza A virus (A/swine/Ohio/OH22-2488/2022(H3N2)) segment 4 hemagglutinin (HA) gene, complete cds |Alphainfluenzavirus influenzae|H3N2|USA: Ohio|Sus scrofa|2022-02-09|OQ750019.1",1990.4.a
A/swine/Indiana/A02751162/2022|A_/_H3N2|3C.2|2022-11-01|HA|4||EPI_ISL_16925109,2010.1
A/swine/Illinois/A01476214/2014|A_/_H3N2|unassigned|2014-08-06|HA|4||EPI_ISL_166552,1990.4.a
A/swine/Nebraska/A01785271/2017|A_/_H3N2|unassigned|2017-06-19|HA|4||EPI_ISL_278764,1990.4.a
A/swine/North_Carolina/ISU-A02862093/2023|A_/_H3N2|3C.2|2023-11-28|HA|4||EPI_ISL_18737876,2010.1
A/swine/Iowa/A02478937/2019|A_/_H3N2|unassigned|2019-12-04|HA|4||EPI_ISL_505891,1990.4.a
A/swine/Indiana/A01797992/2019|A_/_H3N2|unassigned|2019-04-24|HA|4||EPI_ISL_387841,2010.1
A/swine/Iowa/A02750686/2022|A_/_H3N2|unassigned|2022-07-01|HA|4||EPI_ISL_14930641,2010.1
A/swine/Minnesota/01068/2006|A_/_H3N2|unassigned|2006-06-01|HA|4||EPI_ISL_190219,1990.4
A/swine/Iowa/A02635815/2021|A_/_H3N2|unassigned|2021-05-10|HA|4||EPI_ISL_4083693,2010.1
A/swine/Minnesota/A02710699/2022|A_/_H3N2|unassigned|2022-05-31|HA|4||EPI_ISL_14937253,2010.1
A/swine/Missouri/A01785353/2017|A_/_H3N2|unassigned|2017-11-14|HA|4||EPI_ISL_297145,2010.1
A/swine/Indiana/A02862654/2024|A_/_H3N2|unassigned|2024-07-25|HA|4||EPI_ISL_19301206,2010.1
A/swine/Iowa/A01667087/2017|A_/_H3N2|unassigned|2017-03-27|HA|4||EPI_ISL_266544,1990.4.b2
A/swine/Iowa/A02861561/2023|A_/_H3N2|3C.2|2023-06-07|HA|4||EPI_ISL_18037827,2010.1
A/swine/Iowa/A02134228/2017|A_/_H3N2|unassigned|2017-10-18|HA|4||EPI_ISL_296422,2010.1
A/swine/Nebraska/A02246900/2021|A_/_H3N2|unassigned|2021-12-03|HA|4||EPI_ISL_14769994,2010.1
A/swine/Virginia/A02478454/2019|A_/_H3N2|unassigned|2019-04-26|HA|4||EPI_ISL_387834,2010.1
A/swine/Minnesota/A01565290/2014|A_/_H3N2|unassigned|2014-09-22|HA|4||EPI_ISL_167423,1990.4.b1
A/swine/Illinois/100765/2021|A_/_H3|3C.3a|2021-05-19|HA|4||EPI_ISL_19278029,1990.4.a
A/swine/Illinois/100536/2018|A_/_H3|3C.2|2018-12-06|HA|4||EPI_ISL_19278482,2010.1
A/swine/Nebraska/A01785395/2017|A_/_H3N2|unassigned|2017-12-21|HA|4||EPI_ISL_298637,1990.4.b2
A/swine/Illinois/A02479065/2020|A_/_H3N2|unassigned|2020-02-12|HA|4||EPI_ISL_503897,2010.1
A/swine/Ohio/A02524449/2020|A_/_H3N2|3C.2a1|2020-06-25|HA|4||EPI_ISL_499259,2010.2
A/swine/Iowa/100942/2019|A_/_H3|unassigned|2019-10-09|HA|4||EPI_ISL_19278311,2010.1
"Influenza A virus (A/swine/North_Carolina/004661_(A02859136)_H3/2025(H3N2)) segment 4 hemagglutinin (HA) gene, complete cds |Alphainfluenzavirus influenzae|H3N2|USA: North_Carolina|Sus scrofa|2025-12-17|PZ106113.1",2010.1
A/swine/Iowa/101127/2008|A_/_H3|unassigned|2008-10-09|HA|4||EPI_ISL_19279499,1990.4-like
A/swine/North_Carolina/A02478707/2019|A_/_H3N2|unassigned|2019-10-01|HA|4||EPI_ISL_399412,2010.1
A/swine/South_Dakota/MT_12_07_1566/2012|A_/_H3N2|unassigned|2012-10-31|HA|4||EPI_ISL_271083,1990.4
A/swine/Iowa/A02636094/2021|A_/_H3N2|unassigned|2021-08-31|HA|4||EPI_ISL_6785546,2010.1
A/swine/Iowa/A02525263/2021|A_/_H3N2|unassigned|2021-03-16|HA|4||EPI_ISL_4082255,1990.4.a
A/swine/Indiana/ISU-A02861847/2023|A_/_H3N2|3C.2|2023-09-29|HA|4||EPI_ISL_18699075,2010.1
A/swine/Nebraska/A02217400/2017|A_/_H3N2|unassigned|2017-06-28|HA|4||EPI_ISL_279714,1990.4.a
A/swine/Indiana/17TOSU1839/2017|A_/_H3N1|3C.2|2017-07-01|HA|4||EPI_ISL_328740,2010.1
A/swine/Iowa/A02478623/2019|A_/_H3N2|unassigned|2019-08-21|HA|4||EPI_ISL_393510,1990.4.a
A/swine/Nebraska/I021155/2025|A_/_H3N1|unassigned|2025-03-20|HA|4||EPI_ISL_20080718,1990.4.i
A/swine/North_Carolina/A01671018/2016|A_/_H3N2|unassigned|2016-12-05|HA|4||EPI_ISL_253703,1990.4.b2
A/swine/Illinois/F78322/2022|A_/_H3N2|unassigned|2022-08-18|HA|4||EPI_ISL_15620431,1990.4.a
A/swine/Ohio/11SW95/2011|A_/_H3N2|unassigned|2011-08-05|HA|4||EPI_ISL_133876,1990.4.a
A/swine/Utah/A02478810/2019|A_/_H3N2|unassigned|2019-10-25|HA|4||EPI_ISL_503381,2010.1
A/swine/Nebraska/CEIRS-I90241/2023|A_/_H3N2|unassigned|2023-09-27|HA|4||EPI_ISL_18755662,1990.4.i
A/swine/Maryland/A01104048/2012|A_/_H3N2|unassigned|2012-08-16|HA|4||EPI_ISL_129868,1990.4.a
A/swine/North_Carolina/ISU-A02861727/2023|A_/_H3N2|3C.2|2023-08-18|HA|4||EPI_ISL_18291196,2010.1
A/swine/Ohio/09SW73E/2009|A_/_H3N2|unassigned|2009-08-08|HA|4||EPI_ISL_133799,1990.4
A/swine/North_Carolina/A02156991/2018|A_/_H3N2|unassigned|2018-03-22|HA|4||EPI_ISL_329667,1990.4.b2
A/swine/Iowa/A02134242/2017|A_/_H3N2|unassigned|2017-10-23|HA|4||EPI_ISL_296550,1990.4.a
A/swine/Texas/03042/2010|A_/_H3N2|unassigned|2010-07-02|HA|4||EPI_ISL_150942,1990.4.f
A/swine/Iowa/A02218753/2017|A_/_H3N2|unassigned|2017-07-26|HA|4||EPI_ISL_281309,2010.1
A/swine/Missouri/A02525178/2021|A_/_H3N2|unassigned|2021-02-11|HA|4||EPI_ISL_4082031,2010.1
A/swine/Illinois/100806/2021|A_/_H3|3C.3a|2021-12-22|HA|4||EPI_ISL_19277960,1990.4.a
A/swine/Pennsylvania/A02751296/2022|A_/_H3N2|unassigned|2022-12-06|HA|4||EPI_ISL_16840843,1990.4.a
A/swine/Minnesota/A01678595/2018|A_/_H3N2|unassigned|2018-10-31|HA|4||EPI_ISL_379471,2010.1
A/swine/Iowa/A02169067/2018|A_/_H3N2|unassigned|2018-05-20|HA|4||EPI_ISL_328486,2010.1
A/swine/Indiana/OH20-12429/2020|A_/_H3N2|3C.3a|2020-06-16|HA|4||EPI_ISL_17373079,1990.4.a
A/swine/North_Carolina/A01945753/2015|A_/_H3N2|unassigned|2015-10-20|HA|4||EPI_ISL_203114,1990.4.a
A/swine/Iowa/A02524700/2020|A_/_H3N2|unassigned|2020-10-06|HA|4||EPI_ISL_697714,2010.1
A/swine/Indiana/A02750948/2022|A_/_H3N2|unassigned|2022-09-28|HA|4||EPI_ISL_16215694,2010.2
A/swine/Iowa/100877/2019|A_/_H3|unassigned|2019-01-07|HA|4||EPI_ISL_19278463,2010.1
A/swine/Minnesota/A02245296/2019|A_/_H3N2|unassigned|2019-10-23|HA|4||EPI_ISL_399709,2010.1
A/swine/Iowa/A01778713/2016|A_/_H3N2|unassigned|2016-08-19|HA|4||EPI_ISL_235727,2010.1
A/swine/Indiana/25TOSU1642/2025|A_/_H3N2|unassigned|2025-06-19|HA|4||EPI_ISL_20191109,2010.1
A/swine/Iowa/ISU-1882/2023|A_/_H3N2|3C.2|2023-10-05|HA|4||EPI_ISL_18755432,2010.1
A/swine/Iowa/A02978443/2023|A_/_H3N2|unassigned|2023-02-24|HA|4||EPI_ISL_17986903,2010.1
A/swine/Minnesota/A02862729/2024|A_/_H3N2|3C.3a|2024-06-28|HA|4||EPI_ISL_19310326,1990.4.a
A/swine/North_Carolina/A02524916/2020|A_/_H3N2|unassigned|2020-11-18|HA|4||EPI_ISL_4081801,1990.4.a
A/swine/Iowa/A02478871/2019|A_/_H3N2|unassigned|2019-11-12|HA|4||EPI_ISL_505913,2010.1
A/swine/Iowa/A02862535/2024|A_/_H3N2|unassigned|2024-04-08|HA|4||EPI_ISL_19139965,2010.1
A/swine/Nebraska/SG1178/2003|A_/_H3N2|unassigned|2003-08-06|HA|4||EPI_ISL_151613,1990.4
A/swine/Minnesota/A01489046/2014|A_/_H3N2|unassigned|2014-12-17|HA|4||EPI_ISL_180683,1990.4.a
A/swine/Iowa/MT_12_07_1930/2012|A_/_H3N2|unassigned|2012-02-27|HA|4||EPI_ISL_271746,1990.4.f
A/swine/Minnesota/ISU-A02861612/2023|A_/_H3N2|unassigned|2023-07-14|HA|4||EPI_ISL_18228677,1990.4.a
A/swine/North_Carolina/A02478687/2019|A_/_H3N2|unassigned|2019-09-19|HA|4||EPI_ISL_396963,2010.1
A/swine/Indiana/17TOSU2835/2017|A_/_H3N2|unassigned|2017-06-01|HA|4||EPI_ISL_379295,2010.1
A/swine/Ohio/OH20-10685/2020|A_/_H3N2|3C.3a|2020-05-27|HA|4||EPI_ISL_17373085,1990.4.a
A/swine/Michigan/A01259002/2012|A_/_H3N2|unassigned|2012-10-22|HA|4||EPI_ISL_134279,1990.4
A/swine/Iowa/A02478634/2019|A_/_H3N2|unassigned|2019-08-27|HA|4||EPI_ISL_393546,2010.1
A/swine/Minnesota/A02246970/2021|A_/_H3N2|unassigned|2021-09-30|HA|4||EPI_ISL_6816035,1990.4.a
A/swine/Ohio/OH20-23119/2020|A_/_H3N2|3C.3a|2020-10-27|HA|4||EPI_ISL_17373103,1990.4.a
A/swine/South_Dakota/A01480804/2014|A_/_H3N2|unassigned|2014-04-02|HA|4||EPI_ISL_162337,1990.4.d
A/swine/Iowa/A02430102/2019|A_/_H3N2|3C.2a1|2019-01-25|HA|4||EPI_ISL_370481,2010.2
A/swine/Minnesota/4/2012|A_/_H3N2|unassigned|2012-06-01|HA|4||EPI_ISL_122104,1990.4.b1
A/swine/Minnesota/MT_13_01_S74/2013|A_/_H3N2|unassigned|2013-02-25|HA|4||EPI_ISL_281933,1990.4.b1
A/swine/Iowa/A02861531/2023|A_/_H3N2|3C.2|2023-05-18|HA|4||EPI_ISL_18037870,2010.1
A/swine/USA/101806/2016|A_/_H3|3C.2|2016-12-02|HA|4||EPI_ISL_19278900,2010.1
A/swine/North_Carolina/092513_02858802/2025|A_/_H3N2|unassigned|2025-08-28|HA|4||EPI_ISL_20187402,2010.1
A/swine/Ohio/A00138552/2012|A_/_H3N2|unassigned|2012-09-02|HA|4||EPI_ISL_131252,1990.4.a
A/swine/Ohio/OH18-25012.4/2018|A_/_H3N2|unassigned|2018-11-13|HA|4||EPI_ISL_373293,2010.1
A/swine/Minnesota/24877/2005|A_/_H3N2|unassigned|2005-01-01|HA|4||EPI_ISL_30389,1990.4
A/swine/North_Carolina/A01728452/2015|A_/_H3N2|unassigned|2015-12-28|HA|4||EPI_ISL_211805,1990.4.a
"Influenza A virus (A/swine/Ohio/OH19-28222/2019(H3N1)) segment 4 hemagglutinin (HA) gene, complete cds |Alphainfluenzavirus influenzae|H3N1|USA: Ohio|Sus scrofa|2019-12-31|OQ759630.1",2010.1
A/swine/Iowa/A02524561/2020|A_/_H3N2|unassigned|2020-08-21|HA|4||EPI_ISL_707270,1990.4.a
A/swine/Illinois/A01392224/2013|A_/_H3N2|unassigned|2013-09-25|HA|4||EPI_ISL_150521,1990.4.a
A/swine/Missouri/A01411681/2014|A_/_H3N2|unassigned|2014-03-01|HA|4||EPI_ISL_162028,1990.4
A/swine/Oklahoma/A02858623/2025|A_/_H3N2|unassigned|2025-05-13|HA|4||EPI_ISL_19902457,2010.1
A/swine/Minnesota/A01785300/2017|A_/_H3N2|unassigned|2017-09-27|HA|4||EPI_ISL_283465,2010.1
A/swine/Minnesota/USDA-A02978740/2024|A_/_H3N2|3C.2|2024-01-18|HA|4||EPI_ISL_18921475,2010.1
A/swine/Minnesota/A02978881/2024|A_/_H3N2|unassigned|2024-04-04|HA|4||EPI_ISL_19159715,1990.4.a
A/swine/Iowa/A01277915/2012|A_/_H3N2|unassigned|2012-11-26|HA|4||EPI_ISL_133680,1990.4.d
A/swine/North_Carolina/A01728545/2015|A_/_H3N2|unassigned|2015-12-29|HA|4||EPI_ISL_211803,1990.4.a
A/swine/North_Carolina/A01203801/2012|A_/_H3N2|unassigned|2012-09-01|HA|4||EPI_ISL_129805,1990.4.a
"Influenza A virus (A/swine/Illinois/A01462594/2015(H3N2)) segment 4 hemagglutinin (HA) gene, complete cds |Alphainfluenzavirus influenzae|H3N2|USA|Sus scrofa|2015-01-23|KP890041.1",1990.4.a
A/swine/Iowa/A01365015/2013|A_/_H3N2|unassigned|2013-09-25|HA|4||EPI_ISL_151905,1990.4.a
A/swine/Iowa/A02862314/2024|A_/_H3N2|unassigned|2024-02-19|HA|4||EPI_ISL_19219645,2010.1
A/swine/Minnesota/A01076199/2010|A_/_H3N2|unassigned|2010-03-14|HA|4||EPI_ISL_104804,1990.4
A/swine/Ohio/23-23959/2023|A_/_H3N2|unassigned|2023-10-11|HA|4||EPI_ISL_20186012,2010.1
"Influenza A virus (A/swine/Kentucky/23TOSU2283/2023(H3Nx)) segment 4 hemagglutinin (HA) gene, complete cds |Alphainfluenzavirus influenzae|H3Nx|USA|Sus scrofa scrofa|2023-07-05|PP445818.1",1990.4.a
A/swine/Illinois/A01475273/2014|A_/_H3N2|unassigned|2014-04-01|HA|4||EPI_ISL_162313,1990.4.a
A/swine/Minnesota/578/2007|A_/_H3N2|unassigned|2007-01-01|HA|4||EPI_ISL_29806,1990.4
A/swine/Iowa/A02214656/2017|A_/_H3N2|unassigned|2017-03-28|HA|4||EPI_ISL_266549,2010.1
"Influenza A virus (A/swine/Iowa/A01509846/2014(H3N2)) segment 4 hemagglutinin (HA) gene, complete cds |Alphainfluenzavirus influenzae|H3N2|USA: Iowa|Sus scrofa|2014-04-23|KJ847684.1",1990.4.b1
A/swine/Indiana/A01202867/2011|A_/_H3N2|unassigned|2011-11-16|HA|4||EPI_ISL_124318,1990.4.c
A/swine/Indiana/17TOSU1135/2017|A_/_H3N2|unassigned|2017-06-01|HA|4||EPI_ISL_379348,2010.1
A/swine/Colorado/ISU-A02758608/2023|A_/_H3N2|3C.2a1b.2a.2a.1|2023-05-10|HA|4||EPI_ISL_18216806,Other-Human-2020
A/swine/Indiana/A01327215/2012|A_/_H3N2|unassigned|2012-02-06|HA|4||EPI_ISL_130025,1990.4.a
A/swine/Iowa/225-9/2008|A_/_H3|unassigned|2008-01-01|HA|4||EPI_ISL_30295,1990.4
A/swine/Oklahoma/A02245747/2020|A_/_H3N2|unassigned|2020-10-14|HA|4||EPI_ISL_697751,2010.1
A/swine/Minnesota/A02711797/2022|A_/_H3N2|unassigned|2022-03-22|HA|4||EPI_ISL_14835205,1990.4
A/swine/Nebraska/A02245112/2019|A_/_H3N2|unassigned|2019-04-22|HA|4||EPI_ISL_367000,1990.4.a
"Influenza A virus (A/swine/Iowa/02204/2008(H3N2)) hemagglutinin (HA) gene, partial cds |Alphainfluenzavirus influenzae|H3N2|USA: Iowa|Sus scrofa|2008-06-11|CY159898.1",1990.4
A/swine/Indiana/18TOSU3605/2018|A_/_H3N2|unassigned|2018-06-01|HA|4||EPI_ISL_379740,2010.1
A/swine/Minnesota/A02978530/2023|A_/_H3N2|3C.3a|2023-06-09|HA|4||EPI_ISL_18090334,1990.4.a
A/swine/Iowa/A02711598/2022|A_/_H3N2|unassigned|2022-11-07|HA|4||EPI_ISL_16891385,2010.1
A/swine/Iowa/A02636593/2022|A_/_H3N2|unassigned|2022-03-31|HA|4||EPI_ISL_14779649,1990.4.a
A/swine/Iowa/A02863080/2024|A_/_H3N2|unassigned|2024-10-28|HA|4||EPI_ISL_19592753,1990.4
A/swine/Iowa/A02862572/2024|A_/_H3N2|unassigned|2024-04-18|HA|4||EPI_ISL_19141100,2010.1
A/swine/Indiana/A01812303/2020|A_/_H3N2|unassigned|2020-01-30|HA|4||EPI_ISL_503428,1990.4.a
A/swine/Minnesota/A01047396/2011|A_/_H3N2|unassigned|2011-01-13|HA|4||EPI_ISL_109876,1990.4.e
A/swine/Nebraska/A02751434/2022|A_/_H3N2|unassigned|2022-12-23|HA|4||EPI_ISL_17184137,1990.4.i
A/swine/Missouri/A02636458/2022|A_/_H3N2|unassigned|2022-02-02|HA|4||EPI_ISL_14775598,2010.1
A/swine/Nebraska/A01785583/2018|A_/_H3N2|unassigned|2018-07-11|HA|4||EPI_ISL_327796,1990.4.a
A/swine/Iowa/A01432308/2013|A_/_H3N2|unassigned|2013-01-01|HA|4||EPI_ISL_136574,1990.4.a
A/swine/Iowa/A01300445/2012|A_/_H3N2|unassigned|2012-06-13|HA|4||EPI_ISL_156334,1990.4.f
A/swine/Nebraska/A01822258/2015|A_/_H3N2|unassigned|2015-05-19|HA|4||EPI_ISL_190891,1990.4.a
A/swine/Minnesota/17/2012|A_/_H3N2|unassigned|2012-08-10|HA|4||EPI_ISL_129607,1990.4.f
A/swine/Iowa/A01932575/2017|A_/_H3N2|unassigned|2017-02-27|HA|4||EPI_ISL_260820,2010.1
A/swine/Illinois/A02862344/2024|A_/_H3N2|3C.2a1b.2a.2a.1|2024-03-01|HA|4||EPI_ISL_19126047,Other-Human-2020
A/swine/Iowa/A02524429/2020|A_/_H3N2|unassigned|2020-06-16|HA|4||EPI_ISL_499249,2010.1
A/swine/Indiana/100781/2021|A_/_H3|unassigned|2021-10-15|HA|4||EPI_ISL_19277997,1990.4.a
A/swine/Illinois/A01502036/2014|A_/_H3N2|unassigned|2014-06-18|HA|4||EPI_ISL_168472,1990.4.a
A/swine/Missouri/A01943095/2016|A_/_H3N1|3C.2|2016-03-22|HA|4||EPI_ISL_225526,2010.1
A/swine/Iowa/A02025203/2015|A_/_H3N2|unassigned|2015-07-08|HA|4||EPI_ISL_197218,1990.4.a
A/swine/Indiana/A01203372/2012|A_/_H3N2|unassigned|2012-04-03|HA|4||EPI_ISL_127707,1990.4.a
A/swine/Iowa/A02478910/2019|A_/_H3N2|unassigned|2019-11-20|HA|4||EPI_ISL_505937,2010.1
A/swine/Oklahoma/A02858392/2025|A_/_H3N2|unassigned|2025-02-18|HA|4||EPI_ISL_19790177,2010.1
A/swine/Nebraska/A01300022/2012|A_/_H3N2|unassigned|2012-06-25|HA|4||EPI_ISL_130117,1990.4.f
A/swine/Indiana/A00968380/2012|A_/_H3N2|unassigned|2012-07-18|HA|4||EPI_ISL_128502,1990.4.a
A/swine/Illinois/100156/2015|A_/_H3|unassigned|2015-09-24|HA|4||EPI_ISL_19279163,1990.4.a
A/swine/Oklahoma/A02978886/2024|A_/_H3N2|unassigned|2024-04-24|HA|4||EPI_ISL_19159730,2010.1
A/swine/North_Carolina/A01781410/2016|A_/_H3N2|unassigned|2016-09-14|HA|4||EPI_ISL_243370,1990.4.a
A/swine/Illinois/A02076874/2015|A_/_H3N2|unassigned|2015-05-07|HA|4||EPI_ISL_191501,1990.4.a
A/swine/New_Mexico/SG1158/2003|A_/_H3N2|unassigned|2003-06-19|HA|4||EPI_ISL_151602,1990.4-like
A/swine/Indiana/A02750772/2022|A_/_H3N2|unassigned|2022-08-05|HA|4||EPI_ISL_15215287,2010.2
A/swine/Nebraska/A01785325/2017|A_/_H3N2|unassigned|2017-10-23|HA|4||EPI_ISL_296688,1990.4.a
A/swine/Iowa/A01076507/2010|A_/_H3N2|unassigned|2010-10-04|HA|4||EPI_ISL_124401,1990.4
A/swine/North_Carolina/A01076214/2010|A_/_H3N2|unassigned|2010-07-04|HA|4||EPI_ISL_116348,1990.4
A/swine/Kansas/A02525393/2021|A_/_H3N2|unassigned|2021-04-19|HA|4||EPI_ISL_4083577,1990.4.b1
A/swine/North_Carolina/A01785744/2018|A_/_H3N2|unassigned|2018-11-07|HA|4||EPI_ISL_378907,2010.1
A/swine/Illinois/A01241469/2012|A_/_H3N2|unassigned|2012-02-08|HA|4||EPI_ISL_124295,1990.4.a
A/swine/Minnesota/A02245661/2020|A_/_H3N2|unassigned|2020-05-27|HA|4||EPI_ISL_502053,1990.4.a
A/swine/Minnesota/A02979389/2025|A_/_H3N2|unassigned|2025-02-06|HA|4||EPI_ISL_19848742,2010.1
A/swine/Ohio/17TOSU4791/2017|A_/_H3N2|unassigned|2017-09-01|HA|4||EPI_ISL_379357,2010.1
A/swine/Ohio/14TOSU0306/2014|A_/_H3N2|unassigned|2014-08-04|HA|4||EPI_ISL_243765,1990.4.b1
A/swine/North_Carolina/ISU-A02758607/2023|A_/_H3N2|3C.2a1b.2a.2b|2023-05-01|HA|4||EPI_ISL_18216812,Other-Human-2020
A/swine/Indiana/A02862363/2024|A_/_H3N2|3C.2|2024-03-06|HA|4||EPI_ISL_19067865,2010.1
A/swine/Illinois/101861/2015|A_/_H3|3C.3a|2015-10-19|HA|4||EPI_ISL_19279154,1990.4.a
A/swine/Michigan/100534/2018|A_/_H3|unassigned|2018-11-28|HA|4||EPI_ISL_19278485,Other-Human-2010-like
A/swine/Nebraska/A01394567/2013|A_/_H3N2|unassigned|2013-10-31|HA|4||EPI_ISL_153864,1990.4.a
A/swine/USA/24/2018|A_/_H3N2|3C.2a1|2018-10-11|HA|4||EPI_ISL_505857,2010.2
A/swine/North_Carolina/A02978753/2024|A_/_H3N2|unassigned|2024-02-07|HA|4||EPI_ISL_19134598,2010.1
A/swine/Minnesota/00395/2004|A_/_H3N1|unassigned|2004-01-01|HA|4||EPI_ISL_9540,1990.4
A/swine/Missouri/A01840170/2014|A_/_H3N2|unassigned|2014-12-15|HA|4||EPI_ISL_174472,2010.1
A/swine/Ohio/ISU-A02861975/2023|A_/_H3N2|3C.2|2023-11-01|HA|4||EPI_ISL_18777068,2010.1
A/swine/Iowa/20TOSU2074/2020|A_/_H3N2|unassigned|2020-07-09|HA|4||EPI_ISL_14224366,1990.4.a
A/swine/Ohio/A02214230/2017|A_/_H3N2|unassigned|2017-03-20|HA|4||EPI_ISL_264204,2010.1
A/swine/Iowa/A01785505/2018|A_/_H3N2|unassigned|2018-04-11|HA|4||EPI_ISL_329620,2010.1
A/swine/Minnesota/A01785461/2018|A_/_H3N2|unassigned|2018-03-02|HA|4||EPI_ISL_388947,2010.1
A/swine/Iowa/A02478486/2019|A_/_H3N2|unassigned|2019-05-16|HA|4||EPI_ISL_368847,2010.1
A/swine/Kansas/A02751267/2022|A_/_H3N2|unassigned|2022-11-16|HA|4||EPI_ISL_16840786,1990.4.b1
A/swine/Iowa/A02479427/2020|A_/_H3N2|unassigned|2020-06-04|HA|4||EPI_ISL_499203,2010.1
A/swine/Nebraska/I016436/2025|A_/_H3N1|unassigned|2025-02-13|HA|4||EPI_ISL_19801888,1990.4.i
A/swine/Utah/A02158322/2018|A_/_H3N2|unassigned|2018-05-02|HA|4||EPI_ISL_328865,2010.1
A/swine/North_Carolina/A02525094/2021|A_/_H3N2|unassigned|2021-01-15|HA|4||EPI_ISL_4081971,1990.4.a
A/swine/Oklahoma/A01678581/2018|A_/_H3N2|unassigned|2018-08-28|HA|4||EPI_ISL_381445,2010.2
"Influenza A virus (A/swine/North_Carolina/004579_(A02859060)_H3/2025(H3N2)) segment 4 hemagglutinin (HA) gene, complete cds |Alphainfluenzavirus influenzae|H3N2|USA: North_Carolina|Sus scrofa|2025-11-12|PZ106057.1",2010.1
A/swine/North_Carolina/A02751329/2022|A_/_H3N2|3C.2a1b.2a.2b|2022-12-05|HA|4||EPI_ISL_20370565,Other-Human-2020
A/swine/Ohio/A01567020/2014|A_/_H3N2|unassigned|2014-12-10|HA|4||EPI_ISL_182442,1990.4.a
A/swine/Iowa/A02635882/2021|A_/_H3N2|unassigned|2021-06-01|HA|4||EPI_ISL_4084173,1990.4.a
A/swine/Iowa/101149/2009|A_/_H3|unassigned|2009-02-18|HA|4||EPI_ISL_19279478,1990.4.b2
A/swine/Nebraska/4D-0114-P29/2014|A_/_H3N2|unassigned|2014-01-01|HA|4||EPI_ISL_16705252,1990.4.a
A/swine/Missouri/A02862453/2024|A_/_H3N2|unassigned|2024-03-19|HA|4||EPI_ISL_19072937,2010.1
"Influenza A virus (A/swine/Oklahoma/A02712161/2022(H3N?)) segment 4 hemagglutinin (HA) gene, complete cds |Alphainfluenzavirus influenzae|H3N?|USA: Oklahoma|Sus scrofa|2022-10-05|OQ352180.1",2010.1
A/swine/Iowa/101105/2008|A_/_H3|unassigned|2008-04-07|HA|4||EPI_ISL_19279519,1990.4
A/swine/Minnesota/MT_12_07_11_3_27/2011|A_/_H3N2|unassigned|2011-12-09|HA|4||EPI_ISL_271725,1990.4.b2
A/swine/Iowa/C39563/2022|A_/_H3N2|unassigned|2022-04-22|HA|4||EPI_ISL_14874535,1990.4.a
A/swine/North_Carolina/03289/2011|A_/_H3N2|unassigned|2011-01-07|HA|4||EPI_ISL_150994,1990.4
A/swine/North_Carolina/A01785421/2018|A_/_H3N2|unassigned|2018-01-18|HA|4||EPI_ISL_300558,1990.4.b2
A/swine/North_Carolina/A02636058/2021|A_/_H3N2|unassigned|2021-08-16|HA|4||EPI_ISL_6781477,1990.4.a
A/swine/Minnesota/A01472881/2015|A_/_H3N2|unassigned|2015-08-10|HA|4||EPI_ISL_198203,1990.4.a
A/swine/Iowa/A01783002/2016|A_/_H3N2|unassigned|2016-10-31|HA|4||EPI_ISL_245589,2010.1
A/swine/Iowa/A02750881/2022|A_/_H3N2|unassigned|2022-09-09|HA|4||EPI_ISL_15620545,1990.4.a
A/swine/Oklahoma/075902_A02862768/2024|A_/_H3N2|unassigned|2024-07-19|HA|4||EPI_ISL_19367266,2010.2
A/swine/Iowa/ISU-A02862039/2023|A_/_H3N2|3C.2|2023-11-15|HA|4||EPI_ISL_18777056,2010.1
A/swine/Iowa/A02858710/2025|A_/_H3N2|unassigned|2025-07-08|HA|4||EPI_ISL_20100693,2010.1
A/swine/Minnesota/A01480518/2014|A_/_H3N2|unassigned|2014-03-11|HA|4||EPI_ISL_161335,1990.4.a
A/swine/Minnesota/A02158927/2018|A_/_H3N2|unassigned|2018-05-17|HA|4||EPI_ISL_328476,2010.1
A/swine/Illinois/A01241916/2012|A_/_H3N2|unassigned|2012-03-01|HA|4||EPI_ISL_124317,1990.4.a
A/swine/Ohio/23-30797-3/2023|A_/_H3N2|unassigned|2023-12-15|HA|4||EPI_ISL_20185990,2010.1
A/swine/Indiana/A01476391/2014|A_/_H3N2|unassigned|2014-09-09|HA|4||EPI_ISL_167426,1990.4.b1
A/swine/Kansas/A02978505/2023|A_/_H3N2|unassigned|2023-05-04|HA|4||EPI_ISL_18090346,2010.1
A/swine/Illinois/A02751529/2023|A_/_H3N2|3C.2|2023-01-30|HA|4||EPI_ISL_17373145,2010.1
A/swine/Minnesota/A02711811/2022|A_/_H3N2|unassigned|2022-04-22|HA|4||EPI_ISL_14224151,2010.1
A/swine/Minnesota/A02245641/2020|A_/_H3N2|unassigned|2020-05-11|HA|4||EPI_ISL_501770,2010.1
A/swine/Iowa/A02478976/2019|A_/_H3N2|unassigned|2019-12-24|HA|4||EPI_ISL_503333,1990.4.a
A/swine/Indiana/A02635711/2021|A_/_H3N2|unassigned|2021-04-19|HA|4||EPI_ISL_4083621,1990.4.a
A/swine/Indiana/A01260268/2013|A_/_H3N2|unassigned|2013-04-05|HA|4||EPI_ISL_143496,1990.4.e
A/swine/Iowa/A01202709/2011|A_/_H3N2|unassigned|2011-10-19|HA|4||EPI_ISL_102544,1990.4.e
A/swine/Minnesota/A02978472/2023|A_/_H3N2|3C.2|2023-04-14|HA|4||EPI_ISL_17809147,2010.1
A/swine/Nebraska/A02862536/2024|A_/_H3N2|unassigned|2024-04-05|HA|4||EPI_ISL_19139952,1990.4.a
A/swine/Illinois/101355/2012|A_/_H3|3C.2|2012-04-16|HA|4||EPI_ISL_19279378,1990.4.a
A/swine/Minnesota/A01785759/2018|A_/_H3N2|unassigned|2018-11-16|HA|4||EPI_ISL_378931,2010.1
"Influenza A virus (A/swine/Iowa/A02751003/2022(H3N2)) segment 4 hemagglutinin (HA) gene, complete cds |Alphainfluenzavirus influenzae|H3N2|USA: Iowa|Sus scrofa|2022-10-10|OP903575.1",2010.1
"Influenza A virus (A/swine/Oklahoma/A02246912/2022(H3N?)) segment 4 hemagglutinin (HA) gene, complete cds |Alphainfluenzavirus influenzae|H3N?|USA: Oklahoma|Sus scrofa|2022-01-06|OM654382.1",2010.1
A/swine/Indiana/ISU-A02862002/2023|A_/_H3N2|unassigned|2023-11-07|HA|4||EPI_ISL_18777099,2010.1
A/swine/Iowa/A01202640/2011|A_/_H3N2|unassigned|2011-09-30|HA|4||EPI_ISL_102523,1990.4.a
A/swine/Indiana/A02525281/2021|A_/_H3N2|unassigned|2021-03-25|HA|4||EPI_ISL_4082699,1990.4.a
A/swine/Iowa/ISU-A02861921/2023|A_/_H3N2|3C.2|2023-10-18|HA|4||EPI_ISL_18758268,2010.1
A/swine/North_Carolina/A02635734/2021|A_/_H3N2|unassigned|2021-04-23|HA|4||EPI_ISL_4083606,1990.4.a
A/swine/Nebraska/A01300023/2012|A_/_H3N2|unassigned|2012-06-12|HA|4||EPI_ISL_156336,1990.4.f
A/swine/South_Dakota/A01279518/2012|A_/_H3N2|unassigned|2012-12-03|HA|4||EPI_ISL_133704,1990.4
A/swine/Iowa/A02524818/2020|A_/_H3N2|unassigned|2020-10-28|HA|4||EPI_ISL_4081591,1990.4.a
A/swine/Indiana/101498/2016|A_/_H3|unassigned|2016-02-12|HA|4||EPI_ISL_19278993,1990.4.a
A/swine/Iowa/A02863220/2024|A_/_H3N2|unassigned|2024-12-11|HA|4||EPI_ISL_19678844,2010.1
A/swine/Iowa/A02525020/2020|A_/_H3N2|unassigned|2020-12-27|HA|4||EPI_ISL_4081916,1990.4.a
A/swine/Kansas/13-105721a/2013|A_/_H3N2|unassigned|2013-02-20|HA|4||EPI_ISL_140923,1990.4.a
A/swine/Iowa/A02636649/2022|A_/_H3N2|unassigned|2022-04-20|HA|4||EPI_ISL_14835696,2010.1
A/swine/North_Carolina/A01785551/2018|A_/_H3N2|unassigned|2018-05-22|HA|4||EPI_ISL_328665,2010.1
A/swine/Ohio/A02525262/2021|A_/_H3N2|unassigned|2021-03-15|HA|4||EPI_ISL_4082270,1990.4.a
A/swine/Indiana/17TOSU1568/2017|A_/_H3N2|unassigned|2017-07-01|HA|4||EPI_ISL_379341,2010.1
A/Swine/Iowa/8548-1/98|A_/_H3N2|unassigned|1998-01-01|HA|4||EPI_ISL_1262,1990.1
A/swine/North_Carolina/A02978850/2024|A_/_H3N2|unassigned|2024-03-13|HA|4||EPI_ISL_19134607,2010.1
A/swine/Iowa/ISU-A02862078/2023|A_/_H3N2|unassigned|2023-11-27|HA|4||EPI_ISL_18701693,2010.1
A/swine/Iowa/ISU-A02862186/2023|A_/_H3N2|unassigned|2023-12-28|HA|4||EPI_ISL_18847082,2010.1
A/swine/Illinois/100622/2019|A_/_H3|3C.3a|2019-11-19|HA|4||EPI_ISL_19278268,1990.4.a
A/swine/Iowa/ISU-A02862016/2023|A_/_H3N2|3C.2|2023-11-03|HA|4||EPI_ISL_18777117,2010.1
A/swine/Iowa/ISU-A02861998/2023|A_/_H3N1|unassigned|2023-11-06|HA|4||EPI_ISL_18777115,2010.1
A/swine/Illinois/100240/2017|A_/_H3|unassigned|2017-01-19|HA|4||EPI_ISL_19278882,1990.4.a
A/swine/Missouri/A02479155/2020|A_/_H3N2|unassigned|2020-03-19|HA|4||EPI_ISL_504070,1990.1
A/swine/Iowa/A01049185/2010|A_/_H3N2|unassigned|2010-12-01|HA|4||EPI_ISL_90371,1990.4.b2
A/swine/North_Carolina/A01841335/2015|A_/_H3N2|unassigned|2015-03-05|HA|4||EPI_ISL_177580,1990.4.a
A/swine/Minnesota/A02979400/2025|A_/_H3N2|unassigned|2025-02-27|HA|4||EPI_ISL_19878586,2010.1
A/swine/Indiana/A02478733/2019|A_/_H3N2|unassigned|2019-10-01|HA|4||EPI_ISL_399414,1990.4.a
A/swine/North_Carolina/A02034953/2015|A_/_H3N2|unassigned|2015-07-29|HA|4||EPI_ISL_198364,1990.4.a
A/swine/Illinois/63607-18/2008|A_/_H3N2|unassigned|2008-01-01|HA|4||EPI_ISL_30290,1990.4
A/swine/Minnesota/A02711845/2024|A_/_H3N2|3C.2|2024-05-23|HA|4||EPI_ISL_19328776,2010.1
A/swine/Illinois/100352/2018|A_/_H3|unassigned|2018-05-29|HA|4||EPI_ISL_19278582,1990.1
A/swine/Iowa/H03LDH5/2003|A_/_H3N2|unassigned|2003-08-01|HA|4||EPI_ISL_83306,Other-Human-2000
A/swine/Iowa/A02636183/2021|A_/_H3N2|unassigned|2021-09-23|HA|4||EPI_ISL_6795352,2010.1
A/swine/South_Dakota/MT_12_07_1554/2012|A_/_H3N2|unassigned|2012-10-31|HA|4||EPI_ISL_271066,1990.4
A/swine/Iowa/A02525298/2021|A_/_H3N2|unassigned|2021-03-08|HA|4||EPI_ISL_4082588,2010.1
A/swine/Iowa/004504_02858993/2025|A_/_H3N2|unassigned|2025-10-14|HA|4||EPI_ISL_20389449,2010.1
A/swine/Iowa/A02478562/2019|A_/_H3N2|unassigned|2019-06-18|HA|4||EPI_ISL_372920,2010.1
A/swine/Iowa/A01203248/2012|A_/_H3N2|unassigned|2012-02-09|HA|4||EPI_ISL_127895,1990.4.b1
A/swine/Iowa/A02139133/2017|A_/_H3N2|unassigned|2017-12-12|HA|4||EPI_ISL_295679,2010.1
A/Swine/Illinois/21587/99|A_/_H3N2|unassigned|1999-01-01|HA|4||EPI_ISL_1747,1990.4-like
A/swine/Minnesota/ISU-A02862125/2023|A_/_H3N2|unassigned|2023-12-11|HA|4||EPI_ISL_18773618,2010.1
A/swine/Maryland/A01104040/2012|A_/_H3N2|unassigned|2012-08-15|HA|4||EPI_ISL_129867,1990.4.a
A/swine/Virginia/A01785950/2019|A_/_H3N2|unassigned|2019-02-06|HA|4||EPI_ISL_370642,1990.4.b2
A/swine/Illinois/A02430694/2019|A_/_H3N2|3C.2a1|2019-02-19|HA|4||EPI_ISL_372168,2010.2
A/swine/Iowa/101036/2005|A_/_H3|unassigned|2005-07-08|HA|4||EPI_ISL_19279579,1990.4
A/swine/Iowa/A01076311/2010|A_/_H3N2|unassigned|2010-09-20|HA|4||EPI_ISL_116349,1990.4
A/swine/Ohio/A02862954/2024|A_/_H3N2|unassigned|2024-10-08|HA|4||EPI_ISL_19548169,2010.2
A/swine/Iowa/A02524828/2020|A_/_H3N2|unassigned|2020-10-29|HA|4||EPI_ISL_4081621,1990.4.a
A/swine/Iowa/A02862545/2024|A_/_H3N2|3C.3a|2024-04-10|HA|4||EPI_ISL_19139961,1990.4.a
A/swine/Nebraska/A02858648/2025|A_/_H3N2|unassigned|2025-05-22|HA|4||EPI_ISL_19917961,2010.1
A/swine/Ohio/24-9371-4/2024|A_/_H3N2|unassigned|2024-04-05|HA|4||EPI_ISL_20187740,2010.1
A/swine/Minnesota/USDA-A02978604/2023|A_/_H3N2|unassigned|2023-11-06|HA|4||EPI_ISL_18746637,2010.1
A/swine/Arkansas/A01476939/2014|A_/_H3N2|unassigned|2014-11-10|HA|4||EPI_ISL_182326,1990.4.a
A/swine/Ohio/11SW112/2011|A_/_H3N2|unassigned|2011-08-05|HA|4||EPI_ISL_133867,1990.4.a
A/swine/Indiana/A02635944/2021|A_/_H3N2|unassigned|2021-07-07|HA|4||EPI_ISL_4084599,1990.4.a
A/swine/Illinois/A02751264/2022|A_/_H3N2|3C.2|2022-11-17|HA|4||EPI_ISL_16840790,2010.1
A/swine/Oklahoma/A01728023/2015|A_/_H3N2|unassigned|2015-12-16|HA|4||EPI_ISL_211800,1990.4.a
A/swine/Illinois/A01536186/2014|A_/_H3N2|unassigned|2014-03-14|HA|4||EPI_ISL_162914,1990.4.a
A/swine/Illinois/A02214843/2017|A_/_H3N2|unassigned|2017-04-14|HA|4||EPI_ISL_272788,2010.1
A/swine/Kansas/077917_A02862790/2024|A_/_H3N2|unassigned|2024-08-06|HA|4||EPI_ISL_19367286,1990.4.b1
A/swine/Iowa/A02219788/2017|A_/_H3N2|unassigned|2017-08-22|HA|4||EPI_ISL_282405,2010.1
A/swine/Iowa/A02862853/2024|A_/_H3N2|unassigned|2024-08-30|HA|4||EPI_ISL_19451742,2010.1
A/swine/Kansas/015252/2009|A_/_H3N2|unassigned|2009-01-01|HA|4||EPI_ISL_62733,1990.4
A/swine/Iowa/A02135000/2017|A_/_H3N2|unassigned|2017-10-26|HA|4||EPI_ISL_296391,2010.1
A/swine/North_Carolina/A02245824/2020|A_/_H3N2|unassigned|2020-12-07|HA|4||EPI_ISL_4081834,1990.4.a
A/swine/Missouri/USDA-A02978598/2023|A_/_H3N2|unassigned|2023-11-01|HA|4||EPI_ISL_18758895,2010.1
A/swine/North_Carolina/A02429717/2019|A_/_H3N2|unassigned|2019-01-18|HA|4||EPI_ISL_373512,2010.1
A/swine/Iowa/097153_02858836/2025|A_/_H3N2|unassigned|2025-09-15|HA|4||EPI_ISL_20220034,2010.1
A/swine/Illinois/A01409717/2014|A_/_H3N2|unassigned|2014-01-01|HA|4||EPI_ISL_155782,1990.4.a
A/swine/Nebraska/A02431880/2019|A_/_H3N2|unassigned|2019-03-26|HA|4||EPI_ISL_366313,1990.4.a
A/swine/Ohio/12TOSU411/2012|A_/_H3N2|unassigned|2012-08-06|HA|4||EPI_ISL_140912,1990.4.a
A/swine/North_Carolina/A01857750/2015|A_/_H3N2|unassigned|2015-10-13|HA|4||EPI_ISL_203096,1990.4.a
A/swine/Illinois/A01489869/2014|A_/_H3N2|unassigned|2014-08-27|HA|4||EPI_ISL_177589,1990.4.a
A/swine/Illinois/100256/2017|A_/_H3|unassigned|2017-01-23|HA|4||EPI_ISL_19278866,1990.4.a
"Influenza A virus (A/swine/Oklahoma/A01785722/2018(H3N2)) segment 4 hemagglutinin (HA) gene, complete cds |Alphainfluenzavirus influenzae|H3N2|USA: Oklahoma|Sus scrofa|2018-10-25|MK176506.1",2010.1
A/swine/Ohio/OH20-25166/2020|A_/_H3N2|3C.3a|2020-11-25|HA|4||EPI_ISL_17373119,1990.4.a
A/swine/North_Carolina/ISU-A02862147/2024|A_/_H3N2|unassigned|2024-01-02|HA|4||EPI_ISL_18847107,1990.4.a
A/swine/Arkansas/A01554688/2015|A_/_H3N2|unassigned|2015-04-23|HA|4||EPI_ISL_190534,1990.4.b1
A/swine/North_Carolina/A02218550/2017|A_/_H3N2|unassigned|2017-07-26|HA|4||EPI_ISL_281240,1990.4.b2
A/swine/Nebraska/A02430692/2019|A_/_H3N2|unassigned|2019-02-19|HA|4||EPI_ISL_372166,1990.4.a
A/swine/Michigan/33261/2010|A_/_H3N2|unassigned|2010-06-01|HA|4||EPI_ISL_142713,1990.4.b2
A/swine/South_Carolina/A02525279/2021|A_/_H3N2|unassigned|2021-03-26|HA|4||EPI_ISL_4082667,1990.4.a
"Influenza A virus (A/swine/Iowa/A02978812/2024(H3N2)) segment 4 hemagglutinin (HA) gene, complete cds |Alphainfluenzavirus influenzae|H3N2|USA|Sus scrofa|2024-02-22|PP580018.1",1990.4.a
"Influenza A virus (A/swine/Iowa/20TOSU2274/2020(H3N2)) segment 4 hemagglutinin (HA) gene, complete cds |Alphainfluenzavirus influenzae|H3N2|USA|Sus scrofa scrofa|2020-07-10|OP654990.1",1990.4.a
A/swine/Indiana/A01260667/2014|A_/_H3N2|unassigned|2014-09-24|HA|4||EPI_ISL_168508,1990.4.a
"Influenza A virus (A/swine/Minnesota/A01785595/2018(H3N2)) segment 4 hemagglutinin (HA) gene, complete cds |Alphainfluenzavirus influenzae|H3N2|USA: Minnesota|Sus scrofa|2018-08-07|MH814939.1",1990.4.i
A/swine/Illinois/100429/2019|A_/_H3|unassigned|2019-11-15|HA|4||EPI_ISL_19278271,2010.1
A/swine/Minnesota/SG-00234/2005|A_/_H3N2|unassigned|2005-08-18|HA|4||EPI_ISL_25301,1990.4
A/swine/Nebraska/I058034/2024|A_/_H3N2|unassigned|2024-06-04|HA|4||EPI_ISL_19283991,1990.4.i
A/swine/Illinois/101836/2015|A_/_H3|3C.3a|2015-12-11|HA|4||EPI_ISL_19279023,1990.4.a
A/swine/Illinois/A02479045/2020|A_/_H3N2|unassigned|2020-02-03|HA|4||EPI_ISL_503620,1990.4.a
A/swine/Kansas/083991_02858766/2025|A_/_H3N2|unassigned|2025-08-11|HA|4||EPI_ISL_20170549,2010.1
A/swine/Iowa/A02858480/2025|A_/_H3N2|unassigned|2025-03-27|HA|4||EPI_ISL_19850024,2010.1
A/swine/Iowa/B26540/2023|A_/_H3N2|unassigned|2023-03-15|HA|4||EPI_ISL_17592609,2010.1
A/swine/Iowa/A02158709/2018|A_/_H3N2|unassigned|2018-05-17|HA|4||EPI_ISL_328723,2010.1
A/swine/Ohio/A01133464/2012|A_/_H3N2|unassigned|2012-08-03|HA|4||EPI_ISL_129874,1990.4.a
A/swine/North_Carolina/A02245385/2020|A_/_H3N2|unassigned|2020-01-10|HA|4||EPI_ISL_503469,1990.4.a
A/swine/Indiana/A01049653/2011|A_/_H3N2|unassigned|2011-03-08|HA|4||EPI_ISL_97080,1990.4.a
A/swine/Missouri/01040/2006|A_/_H3N2|unassigned|2006-06-01|HA|4||EPI_ISL_190209,1990.4-like
A/swine/Iowa/A02016889/2018|A_/_H3N2|unassigned|2018-06-01|HA|4||EPI_ISL_328429,2010.1
"Influenza A virus (A/swine/Iowa/004545_(A02859031)_H3/2025(H3N2)) segment 4 hemagglutinin (HA) gene, complete cds |Alphainfluenzavirus influenzae|H3N2|USA: Iowa|Sus scrofa|2025-10-29|PZ106047.1",2010.1
A/swine/Illinois/101654/2022|A_/_H3|unassigned|2022-03-03|HA|4||EPI_ISL_19277936,2010.1
"Influenza A virus (A/swine/Iowa/A01475544/2014(H3N2)) segment 4 hemagglutinin (HA) gene, complete cds |Alphainfluenzavirus influenzae|H3N2|USA: Iowa|Sus scrofa|2014-05|KJ941334.1",1990.4.a
A/swine/Kansas/A01377619/2015|A_/_H3N2|unassigned|2015-10-22|HA|4||EPI_ISL_206040,1990.4.a
"Influenza A virus (A/swine/North Carolina/A01410732/2014(H3N2)) segment 4 hemagglutinin (HA) gene, complete cds |Alphainfluenzavirus influenzae|H3N2|USA: North Carolina|Sus scrofa|2014-04|KJ859567.1",1990.4.a
A/swine/Illinois/101030/2004|A_/_H3|unassigned|2004-10-21|HA|4||EPI_ISL_19279583,1990.4
A/swine/Minnesota/MT_12_07_1647/2012|A_/_H3N2|unassigned|2012-10-31|HA|4||EPI_ISL_271055,1990.4.b2
A/swine/Indiana/A01812159/2016|A_/_H3N2|unassigned|2016-01-27|HA|4||EPI_ISL_236813,1990.4.b2
A/swine/Ohio/17TOSU1801/2017|A_/_H3N2|unassigned|2017-07-01|HA|4||EPI_ISL_379284,2010.1
A/swine/Minnesota/A02751446/2023|A_/_H3N2|3C.3a|2023-01-02|HA|4||EPI_ISL_17184140,2010.1
A/swine/Minnesota/A02478714/2019|A_/_H3N2|unassigned|2019-09-24|HA|4||EPI_ISL_399413,2010.1
A/swine/Nebraska/A01785572/2018|A_/_H3N2|unassigned|2018-06-13|HA|4||EPI_ISL_328410,2010.1
A/swine/Virginia/A02478581/2019|A_/_H3N2|3C.3a1|2019-04-22|HA|4||EPI_ISL_393494,Other-Human-2010
A/swine/Iowa/A02751239/2022|A_/_H3N2|unassigned|2022-11-14|HA|4||EPI_ISL_16840785,2010.1
A/swine/Illinois/ISU-A02861729/2023|A_/_H3N2|3C.2|2023-08-21|HA|4||EPI_ISL_18291200,2010.1
A/swine/Kentucky/16TOSU8840/2016|A_/_H3N2|unassigned|2016-08-01|HA|4||EPI_ISL_280227,2010.1
A/swine/Ohio/21TOSU1115/2021|A_/_H3N2|3C.3a|2021-06-05|HA|4||EPI_ISL_18005774,1990.4.a
A/swine/Iowa/A02858823/2025|A_/_H3N2|unassigned|2025-09-11|HA|4||EPI_ISL_20196477,2010.1
A/swine/Indiana/A02636047/2021|A_/_H3N2|unassigned|2021-08-10|HA|4||EPI_ISL_6781483,1990.4
A/swine/Minnesota/A02248198/2021|A_/_H3N2|unassigned|2021-09-02|HA|4||EPI_ISL_6785476,2010.1
A/swine/Iowa/A02138535/2017|A_/_H3N2|unassigned|2017-12-03|HA|4||EPI_ISL_297211,2010.1
A/swine/Iowa/A02525002/2020|A_/_H3N2|unassigned|2020-12-21|HA|4||EPI_ISL_4081908,2010.1
"Influenza A virus (A/swine/Nebraska/A02524763/2020(H3N2)) segment 4 hemagglutinin (HA) gene, complete cds |Alphainfluenzavirus influenzae|H3N2|USA: Nebraska|Sus scrofa|2020-10-20|MW266877.1",2010.1
A/swine/Nebraska/A01327581/2012|A_/_H3N2|unassigned|2012-04-16|HA|4||EPI_ISL_130068,1990.4.f
A/swine/Ohio/A02430905/2019|A_/_H3N2|unassigned|2019-02-21|HA|4||EPI_ISL_372269,2010.1
A/swine/Nebraska/A02246457/2021|A_/_H3N2|unassigned|2021-04-15|HA|4||EPI_ISL_4089913,2010.1
A/swine/Iowa/A02138762/2017|A_/_H3N2|unassigned|2017-12-14|HA|4||EPI_ISL_295671,2010.1
"Influenza A virus (A/swine/Iowa/A02524768/2020(H3N2)) segment 4 hemagglutinin (HA) gene, complete cds |Alphainfluenzavirus influenzae|H3N2|USA: Iowa|Sus scrofa|2020-10-21|MW266889.1",1990.4.a
A/swine/Minnesota/A02979361/2024|A_/_H3N2|unassigned|2024-10-29|HA|4||EPI_ISL_19820119,1990.4.a
A/swine/Illinois/101125/2008|A_/_H3|unassigned|2008-10-03|HA|4||EPI_ISL_19279501,1990.4
A/swine/Iowa/H03HB4/2003|A_/_H3N2|unassigned|2003-02-01|HA|4||EPI_ISL_83309,1990.4-like
"Influenza A virus (A/swine/OK/A01377622/2015(H3N2)) segment 4 hemagglutinin (HA) gene, complete cds |Alphainfluenzavirus influenzae|H3N2|USA|Sus scrofa|2015-11-04|KU229904.1",1990.4.a
A/swine/North_Carolina/A02858354/2025|A_/_H3N2|unassigned|2025-02-04|HA|4||EPI_ISL_19769018,2010.1
A/swine/Missouri/A01671485/2016|A_/_H3N2|unassigned|2016-12-15|HA|4||EPI_ISL_253705,2010.1
A/swine/Iowa/A02431148/2019|A_/_H3N2|unassigned|2019-03-07|HA|4||EPI_ISL_369489,2010.1
A/swine/North_Carolina/A02142700/2018|A_/_H3N2|unassigned|2018-02-13|HA|4||EPI_ISL_303867,2010.1
A/swine/Oklahoma/A02431948/2019|A_/_H3N2|unassigned|2019-04-03|HA|4||EPI_ISL_366321,1990.4.a
A/swine/North_Carolina/A02525172/2021|A_/_H3N2|unassigned|2021-02-16|HA|4||EPI_ISL_4082050,1990.4.a
A/swine/Indiana/ISU-A02862047/2023|A_/_H3N2|3C.2|2023-11-16|HA|4||EPI_ISL_18777095,2010.1
"Influenza A virus (A/swine/Ohio/21TOSU0540/2021(H3N2)) segment 4 hemagglutinin (HA) gene, complete cds |Alphainfluenzavirus influenzae|H3N2|USA|Sus scrofa scrofa|2021-05-22|OP656260.1",1990.4.a
A/swine/North_Carolina/A02479041/2020|A_/_H3N2|unassigned|2020-02-06|HA|4||EPI_ISL_503612,2010.1
A/swine/Indiana/24TOSU0745/2024|A_/_H3N2|3C.3a|2024-06-13|HA|4||EPI_ISL_19332098,1990.4.a
A/swine/Minnesota/A01366004/2013|A_/_H3N2|unassigned|2013-11-25|HA|4||EPI_ISL_153845,1990.4.b1
A/swine/Iowa/A02524475/2020|A_/_H3N2|unassigned|2020-06-26|HA|4||EPI_ISL_700959,2010.1
"Influenza A virus (A/swine/Minnesota/A02980712/2025(H3N2)) segment 4 hemagglutinin (HA) gene, complete cds |Alphainfluenzavirus influenzae|H3N2|USA|Sus scrofa|2025-10-01|PX698768.1",2010.1
A/swine/North_Carolina/A02525210/2021|A_/_H3N2|unassigned|2021-02-24|HA|4||EPI_ISL_4082076,1990.4.a
A/swine/Iowa/16TOSU2424/2016|A_/_H3N2|unassigned|2016-06-09|HA|4||EPI_ISL_253990,1990.4.a
A/swine/Kansas/11-104467/2011|A_/_H3N2|unassigned|2011-02-16|HA|4||EPI_ISL_100249,1990.4.f
A/swine/North_Carolina/23592/2009|A_/_H3N2|unassigned|2009-06-01|HA|4||EPI_ISL_142722,1990.4
A/swine/Iowa/A02429949/2019|A_/_H3N2|unassigned|2019-01-21|HA|4||EPI_ISL_373547,2010.1
A/swine/Iowa/A02978439/2023|A_/_H3N2|3C.2|2023-02-27|HA|4||EPI_ISL_17373182,2010.1
A/swine/Iowa/A02218754/2017|A_/_H3N2|unassigned|2017-07-28|HA|4||EPI_ISL_281305,2010.1
A/swine/North_Carolina/A01290759/2013|A_/_H3N2|unassigned|2013-11-01|HA|4||EPI_ISL_153763,1990.4.a
A/swine/Missouri/101627/2022|A_/_H3|3C.2|2022-09-21|HA|4||EPI_ISL_19277908,2010.1
A/swine/Pennsylvania/A02218184/2017|A_/_H3N2|unassigned|2017-06-21|HA|4||EPI_ISL_280369,2010.1
A/swine/Iowa/101614/2022|A_/_H3|3C.2|2022-10-26|HA|4||EPI_ISL_19277895,2010.1
A/swine/Colorado/A01203748/2012|A_/_H3N2|unassigned|2012-08-13|HA|4||EPI_ISL_130191,1990.4-like
A/swine/Nebraska/A01566334/2014|A_/_H3N2|unassigned|2014-10-24|HA|4||EPI_ISL_170844,1990.4.a
A/swine/Oklahoma/A02863207/2024|A_/_H3N2|unassigned|2024-12-05|HA|4||EPI_ISL_19678838,1990.4.b1
A/swine/Iowa/A01782998/2016|A_/_H3N1|unassigned|2016-10-28|HA|4||EPI_ISL_245576,2010.1
A/swine/Illinois/101604/2023|A_/_H3|unassigned|2023-01-16|HA|4||EPI_ISL_19277829,2010.1
A/swine/Nebraska/A02862451/2024|A_/_H3N2|unassigned|2024-03-20|HA|4||EPI_ISL_19072928,1990.4.a
A/swine/Oklahoma/ISU-A02862086/2023|A_/_H3N2|unassigned|2023-11-29|HA|4||EPI_ISL_18739164,2010.1
A/swine/Iowa/A01202088/2011|A_/_H3N2|unassigned|2011-06-16|HA|4||EPI_ISL_109922,1990.4
A/swine/Iowa/101059/2006|A_/_H3|unassigned|2006-04-11|HA|4||EPI_ISL_19279560,1990.4
A/swine/Minnesota/SG-00237/2007|A_/_H3N2|unassigned|2007-01-19|HA|4||EPI_ISL_25304,1990.4
A/swine/Ohio/OH20-24176/2020|A_/_H3N2|3C.3a|2020-11-12|HA|4||EPI_ISL_17373109,1990.4.a
A/swine/Minnesota/A01785814/2019|A_/_H3N2|unassigned|2019-01-04|HA|4||EPI_ISL_376880,2010.1
A/swine/Iowa/A02524435/2020|A_/_H3N2|unassigned|2020-06-18|HA|4||EPI_ISL_499248,1990.4.a
A/swine/Iowa/A02751597/2023|A_/_H3N2|3C.3a|2023-02-16|HA|4||EPI_ISL_17353495,1990.4.a
A/swine/Pennsylvania/ISU-A02862094/2023|A_/_H3N2|unassigned|2023-11-29|HA|4||EPI_ISL_18702058,1990.4.a
A/swine/Iowa/100847/2018|A_/_H3|3C.2|2018-09-25|HA|4||EPI_ISL_19278549,2010.1
A/swine/Illinois/101678/2021|A_/_H3|3C.2|2021-11-10|HA|4||EPI_ISL_19277987,2010.1
A/swine/USA/6/2017|A_/_H3N2|3C.2a1|2017-06-05|HA|4||EPI_ISL_505841,2010.2
A/swine/Iowa/A02134240/2017|A_/_H3N2|unassigned|2017-10-19|HA|4||EPI_ISL_296428,2010.1
A/swine/Nebraska/A01785736/2018|A_/_H3N2|unassigned|2018-11-02|HA|4||EPI_ISL_378859,2010.1
A/swine/Minnesota/A02862472/2024|A_/_H3N2|unassigned|2024-03-26|HA|4||EPI_ISL_19072938,1990.4
A/swine/Nebraska/A01409533/2013|A_/_H3N2|unassigned|2013-12-01|HA|4||EPI_ISL_155696,1990.4.a
A/swine/North_Dakota/A01104084/2014|A_/_H3N2|unassigned|2014-07-25|HA|4||EPI_ISL_166532,1990.4.b1
A/swine/Iowa/A01785783/2018|A_/_H3N2|unassigned|2018-12-07|HA|4||EPI_ISL_376863,2010.1
A/swine/Iowa/A01668669/2016|A_/_H3N1|unassigned|2016-11-29|HA|4||EPI_ISL_252696,2010.1
A/swine/Minnesota/02981/2010|A_/_H3N2|unassigned|2010-02-22|HA|4||EPI_ISL_71833,1990.4
A/swine/Iowa/A02478758/2019|A_/_H3N2|unassigned|2019-10-07|HA|4||EPI_ISL_399607,1990.4.a
"Influenza A virus (A/swine/Iowa/22TOSU1365/2022(H3N2)) segment 4 hemagglutinin (HA) gene, complete cds |Alphainfluenzavirus influenzae|H3N2|USA|Sus scrofa scrofa|2022-06-16|OP870214.1",2010.1
A/swine/Indiana/18TOSU3614/2018|A_/_H3N2|unassigned|2018-06-01|HA|4||EPI_ISL_379739,2010.1
A/swine/Iowa/A01365406/2013|A_/_H3N2|unassigned|2013-10-17|HA|4||EPI_ISL_150643,1990.4.a
A/swine/Michigan/A01671484/2016|A_/_H3N2|unassigned|2016-12-16|HA|4||EPI_ISL_253719,1990.4.b2
A/swine/Iowa/A02862888/2024|A_/_H3N2|unassigned|2024-09-12|HA|4||EPI_ISL_19501190,1990.4.a
A/swine/Iowa/A02478595/2019|A_/_H3N2|unassigned|2019-07-16|HA|4||EPI_ISL_388621,2010.1
A/swine/Iowa/A02524986/2020|A_/_H3N2|unassigned|2020-12-16|HA|4||EPI_ISL_4081875,2010.1
A/swine/Texas/00816/2005|A_/_H3N2|unassigned|2005-10-12|HA|4||EPI_ISL_151287,1990.4
"Influenza A virus (A/swine/Ohio/22TOSU0360/2022(H3N2)) segment 4 hemagglutinin (HA) gene, complete cds |Alphainfluenzavirus influenzae|H3N2|USA|Sus scrofa scrofa|2022-04-23|OP871056.1",2010.1
A/swine/Ohio/A01785284/2017|A_/_H3N2|unassigned|2017-01-25|HA|4||EPI_ISL_282053,2010.1
A/swine/Iowa/A02751538/2023|A_/_H3N2|3C.3a|2023-02-01|HA|4||EPI_ISL_17373193,1990.4.a
A/swine/Iowa/A01432867/2013|A_/_H3N2|unassigned|2013-07-01|HA|4||EPI_ISL_145741,1990.4.a
A/swine/Indiana/A02636320/2021|A_/_H3N2|unassigned|2021-09-29|HA|4||EPI_ISL_14770631,1990.4.a
A/swine/Minnesota/A02980713/2025|A_/_H3N2|unassigned|2025-10-09|HA|4||EPI_ISL_20258460,Other-Human-2020
A/swine/Iowa/A02154071/2018|A_/_H3N2|unassigned|2018-02-21|HA|4||EPI_ISL_305780,2010.1
A/swine/Minnesota/A01301617/2012|A_/_H3N2|unassigned|2012-09-07|HA|4||EPI_ISL_131140,1990.4.b1
A/swine/Ohio/21TOSU1125/2021|A_/_H3N2|3C.3a|2021-06-05|HA|4||EPI_ISL_18005766,1990.4.a
A/swine/Iowa/A02478825/2019|A_/_H3N2|unassigned|2019-10-29|HA|4||EPI_ISL_505612,1990.4.a
A/swine/Iowa/A01203942/2012|A_/_H3N2|unassigned|2012-10-02|HA|4||EPI_ISL_132349,1990.4.d
A/swine/Illinois/03040/2010|A_/_H3N2|unassigned|2010-06-18|HA|4||EPI_ISL_79848,1990.4
A/swine/Nebraska/A02136759/2017|A_/_H3N2|unassigned|2017-11-13|HA|4||EPI_ISL_297100,2010.1
"Influenza A virus (A/swine/Ohio/22TOSU0441/2022(H3N2)) segment 4 hemagglutinin (HA) gene, complete cds |Alphainfluenzavirus influenzae|H3N2|USA|Sus scrofa scrofa|2022-04-23|OP871078.1",2010.1
"Influenza A virus (A/swine/Missouri/A02862300/2024(H3N2)) segment 4 hemagglutinin (HA) gene, complete cds |Alphainfluenzavirus influenzae|H3N2|USA: Missouri|Sus scrofa|2024-02-14|PP467090.1",2010.1
A/swine/Iowa/004502_02858991/2025|A_/_H3N2|unassigned|2025-10-14|HA|4||EPI_ISL_20389450,2010.1
"Influenza A virus (A/swine/North Carolina/A02862875/2024(H3N2)) segment 4 hemagglutinin (HA) gene, complete cds |Alphainfluenzavirus influenzae|H3N2|USA: North Carolina|Sus scrofa|2024-09-12|PX919043.1",2010.1
A/swine/South_Dakota/A02980486/2025|A_/_H3N2|unassigned|2025-05-02|HA|4||EPI_ISL_20100715,2010.1
A/swine/Texas/A02248051/2021|A_/_H3N2|unassigned|2021-11-24|HA|4||EPI_ISL_14770023,2010.1
A/swine/Iowa/20TOSU2301/2020|A_/_H3N2|unassigned|2020-07-10|HA|4||EPI_ISL_14224295,1990.4.a
A/swine/Nebraska/A01395921/2013|A_/_H3N2|unassigned|2013-12-10|HA|4||EPI_ISL_156307,1990.4.a
"Influenza A virus (A/swine/Iowa/20TOSU2447/2020(H3N2)) segment 4 hemagglutinin (HA) gene, complete cds |Alphainfluenzavirus influenzae|H3N2|USA|Sus scrofa scrofa|2020-07-10|OP655105.1",1990.4.a
A/swine/Indiana/18TOSU2225/2018|A_/_H3N2|unassigned|2018-08-01|HA|4||EPI_ISL_387951,1990.4.a
A/swine/Illinois/101603/2023|A_/_H3|unassigned|2023-01-19|HA|4||EPI_ISL_19277826,2010.1
A/swine/Iowa/A02478703/2019|A_/_H3N2|unassigned|2019-09-25|HA|4||EPI_ISL_399364,1990.4.a
A/swine/Nebraska/I086398/2024|A_/_H3N1|unassigned|2024-08-27|HA|4||EPI_ISL_19740020,1990.4.i
A/swine/Minnesota/A01785267/2017|A_/_H3N2|unassigned|2017-06-01|HA|4||EPI_ISL_278203,2010.1
A/swine/Iowa/A01501685/2014|A_/_H3N2|unassigned|2014-06-05|HA|4||EPI_ISL_165150,1990.4.a
A/swine/Nebraska/4B-1113-P20/2013|A_/_H3N2|unassigned|2013-01-01|HA|4||EPI_ISL_16702403,1990.4.a
A/swine/Ohio/10SW122/2010|A_/_H3N2|unassigned|2010-08-12|HA|4||EPI_ISL_133833,1990.4.a
"Influenza A virus (A/swine/Ohio/OH22-20447/2022(H3N2)) segment 4 hemagglutinin (HA) gene, complete cds |Alphainfluenzavirus influenzae|H3N2|USA: Ohio|Sus scrofa|2022-09-01|OQ750011.1",2010.1
A/swine/Minnesota/A01785628/2018|A_/_H3N2|unassigned|2018-09-26|HA|4||EPI_ISL_379923,2010.1
A/swine/Indiana/25TOSU1648/2025|A_/_H3N2|unassigned|2025-06-19|HA|4||EPI_ISL_20191139,2010.1
A/swine/Ohio/7/2012|A_/_H3N2|unassigned|2012-06-01|HA|4||EPI_ISL_123129,1990.4.a
A/swine/Ohio/20TOSU3133/2020|A_/_H3N2|unassigned|2020-08-17|HA|4||EPI_ISL_14224205,1990.4.a
A/swine/Illinois/A02478974/2019|A_/_H3N2|unassigned|2019-12-26|HA|4||EPI_ISL_501656,2010.1
A/swine/Nebraska/A02245411/2020|A_/_H3N2|unassigned|2020-02-04|HA|4||EPI_ISL_503723,1990.4.a
A/swine/South_Dakota/A01350803/2013|A_/_H3N2|unassigned|2013-05-30|HA|4||EPI_ISL_143763,1990.4.a
A/swine/Indiana/A02267447/2018|A_/_H3N2|3C.2a1|2018-10-09|HA|4||EPI_ISL_379419,2010.2
A/swine/Indiana/A00968397/2012|A_/_H3N2|unassigned|2012-08-06|HA|4||EPI_ISL_130419,1990.4.a
A/swine/Nebraska/075907_A02862773/2024|A_/_H3N2|unassigned|2024-07-25|HA|4||EPI_ISL_19367261,2010.1
A/swine/Kansas/A01785786/2018|A_/_H3N2|unassigned|2018-12-10|HA|4||EPI_ISL_376670,1990.4.a
A/swine/Iowa/A01795793/2015|A_/_H3N2|unassigned|2015-11-05|HA|4||EPI_ISL_205067,1990.4.a
A/swine/Ohio/23-6005/2023|A_/_H3N2|unassigned|2023-03-13|HA|4||EPI_ISL_20185905,2010.2
A/swine/Nebraska/A02478470/2019|A_/_H3N2|unassigned|2019-05-09|HA|4||EPI_ISL_368769,1990.1
A/swine/Iowa/A02432156/2019|A_/_H3N2|unassigned|2019-04-08|HA|4||EPI_ISL_366155,1990.4.a
"Influenza A virus (A/swine/Texas/A02246998/2021(H3N?)) segment 4 hemagglutinin (HA) gene, complete cds |Alphainfluenzavirus influenzae|H3N?|USA: Texas|Sus scrofa|2021-11-18|OM654397.1",2010.1
"Influenza A virus (A/swine/Indiana/A01410287/2014(H3N2)) segment 4 hemagglutinin (HA) gene, complete cds |Alphainfluenzavirus influenzae|H3N2|USA: Indiana|Sus scrofa|2014-02|KJ605102.1",1990.4.a
A/swine/Minnesota/2014016871/2014|A_/_H3N1|unassigned|2014-03-08|HA|4||EPI_ISL_167185,1990.4
"Influenza A virus (A/swine/Oklahoma/A02712160/2022(H3N?)) segment 4 hemagglutinin (HA) gene, complete cds |Alphainfluenzavirus influenzae|H3N?|USA: Oklahoma|Sus scrofa|2022-10-05|OQ352174.1",2010.1
A/swine/Iowa/A02751483/2022|A_/_H3N2|unassigned|2022-12-08|HA|4||EPI_ISL_17184168,2010.1
A/swine/Missouri/00260/2004|A_/_H3N2|unassigned|2004-06-01|HA|4||EPI_ISL_190215,1990.4-like
A/swine/Iowa/A02257394/2018|A_/_H3N2|unassigned|2018-09-12|HA|4||EPI_ISL_379800,2010.1
A/swine/Kansas/11-101926/2011|A_/_H3N2|unassigned|2011-01-19|HA|4||EPI_ISL_100247,1990.4.f
"Influenza A virus (A/swine/Iowa/22TOSU1686/2022(H3N2)) segment 4 hemagglutinin (HA) gene, complete cds |Alphainfluenzavirus influenzae|H3N2|USA|Sus scrofa scrofa|2022-06-16|OP871072.1",2010.1
A/swine/Illinois/A01201633/2011|A_/_H3N2|unassigned|2011-06-07|HA|4||EPI_ISL_124298,1990.4.d
A/swine/Minnesota/A02245351/2019|A_/_H3N2|unassigned|2019-12-02|HA|4||EPI_ISL_505938,2010.1
A/swine/Minnesota/A02711864/2022|A_/_H3N2|unassigned|2022-08-17|HA|4||EPI_ISL_16212284,2010.1
A/swine/Ohio/OH-10318/2021|A_/_H3N2|3C.3a|2021-04-30|HA|4||EPI_ISL_17471721,1990.4.a
A/swine/Indiana/A01203509/2012|A_/_H3N2|unassigned|2012-05-09|HA|4||EPI_ISL_124049,1990.4.a
A/swine/Minnesota/A02245014/2019|A_/_H3N2|unassigned|2019-03-18|HA|4||EPI_ISL_370052,1990.4.a
A/swine/Iowa/ISU-A02862183/2023|A_/_H3N2|3C.2|2023-12-28|HA|4||EPI_ISL_18847083,2010.1
A/swine/Illinois/106657_02858919/2025|A_/_H3N2|unassigned|2025-10-15|HA|4||EPI_ISL_20252056,2010.1
A/swine/Missouri/ISU-A02862187/2023|A_/_H3N2|3C.2|2023-12-27|HA|4||EPI_ISL_18847112,2010.1
A/swine/Montana/083993_02858768/2025|A_/_H3N2|unassigned|2025-08-11|HA|4||EPI_ISL_20170550,2010.1
A/swine/Iowa/A01932578/2017|A_/_H3N2|unassigned|2017-02-27|HA|4||EPI_ISL_260821,2010.1
A/swine/Minnesota/A02862464/2024|A_/_H3N2|3C.3a|2024-03-24|HA|4||EPI_ISL_19072940,1990.4.a
A/swine/North_Carolina/A02862290/2024|A_/_H3N2|3C.2|2024-02-08|HA|4||EPI_ISL_19029140,2010.1
A/swine/Iowa/A02254363/2018|A_/_H3N2|unassigned|2018-07-25|HA|4||EPI_ISL_326820,2010.1
A/swine/North_Carolina/A01895763/2016|A_/_H3N2|unassigned|2016-04-20|HA|4||EPI_ISL_225510,1990.4.a
A/swine/Indiana/13TOSU1319/2013|A_/_H3N2|unassigned|2013-08-01|HA|4||EPI_ISL_161141,1990.4.a
A/swine/Nebraska/8534/2011|A_/_H3N2|unassigned|2011-06-01|HA|4||EPI_ISL_142714,1990.4
A/swine/Minnesota/A02979359/2024|A_/_H3N2|3C.2a1b.2a.2a.1b|2024-10-30|HA|4||EPI_ISL_19820121,Other-Human-2020
A/swine/Indiana/A02751182/2022|A_/_H3N2|3C.2|2022-11-04|HA|4||EPI_ISL_16925106,2010.1
A/swine/Iowa/A02636431/2022|A_/_H3N2|unassigned|2022-01-21|HA|4||EPI_ISL_14775855,1990.4.a
A/swine/Iowa/A02858658/2025|A_/_H3N2|unassigned|2025-06-03|HA|4||EPI_ISL_20051675,2010.1
A/swine/Indiana/17TOSU1731/2017|A_/_H3N2|unassigned|2017-07-01|HA|4||EPI_ISL_379328,2010.1
A/swine/Ohio/A02479354/2020|A_/_H3N2|unassigned|2020-05-19|HA|4||EPI_ISL_501780,1990.4.a
"Influenza A virus (A/swine/Iowa/A01731412/2016(H3N2)) segment 4 hemagglutinin (HA) gene, complete cds |Alphainfluenzavirus influenzae|H3N2|USA: Iowa|Sus scrofa|2016-02-10|KU877359.1",2010.1
A/swine/Iowa/A01777671/2016|A_/_H3N2|unassigned|2016-07-06|HA|4||EPI_ISL_234950,2010.1
A/swine/Minnesota/A01785568/2018|A_/_H3N2|unassigned|2018-06-08|HA|4||EPI_ISL_328409,2010.1
A/swine/Iowa/A02266076/2018|A_/_H3N2|unassigned|2018-10-03|HA|4||EPI_ISL_379377,2010.1
A/swine/Iowa/103208_02858887/2025|A_/_H3N2|unassigned|2025-10-09|HA|4||EPI_ISL_20247429,2010.1
A/swine/Iowa/083995_02858770/2025|A_/_H3N2|unassigned|2025-08-13|HA|4||EPI_ISL_20170553,2010.1
A/swine/Iowa/13G060/2013|A_/_H3N2|unassigned|2013-07-19|HA|4||EPI_ISL_157605,1990.4
A/swine/Illinois/100227/2017|A_/_H3|unassigned|2017-01-04|HA|4||EPI_ISL_19278890,1990.4.a
A/swine/Iowa/A02858706/2025|A_/_H3N2|unassigned|2025-06-30|HA|4||EPI_ISL_20098717,Other-Human-2020
A/swine/Nebraska/A01823392/2015|A_/_H3N2|unassigned|2015-07-07|HA|4||EPI_ISL_195445,1990.4.a
A/swine/Ohio/12TOSU527/2012|A_/_H3N2|unassigned|2012-08-15|HA|4||EPI_ISL_131258,1990.4.a
A/swine/Indiana/A02862840/2024|A_/_H3N2|unassigned|2024-08-26|HA|4||EPI_ISL_19436815,2010.2
A/swine/Illinois/53612-3/2009|A_/_H3N2|unassigned|2009-09-21|HA|4||EPI_ISL_86216,1990.4
A/swine/Kansas/A01377243/2014|A_/_H3N2|unassigned|2014-03-07|HA|4||EPI_ISL_162472,1990.4.a
A/swine/Illinois/A01555180/2014|A_/_H3N2|unassigned|2014-12-18|HA|4||EPI_ISL_173675,1990.4.b1
A/swine/Minnesota/A01301000/2012|A_/_H3N2|unassigned|2012-05-03|HA|4||EPI_ISL_130149,1990.4.f
A/swine/Iowa/A02245581/2020|A_/_H3N2|unassigned|2020-04-06|HA|4||EPI_ISL_504160,1990.4.a
A/swine/Indiana/A02478818/2019|A_/_H3N2|unassigned|2019-10-28|HA|4||EPI_ISL_503406,1990.4.a
A/swine/Illinois/100558/2019|A_/_H3|3C.2a1|2019-02-20|HA|4||EPI_ISL_19278431,2010.2
A/swine/Iowa/A02525106/2021|A_/_H3N2|unassigned|2021-01-22|HA|4||EPI_ISL_4081990,2010.1
A/swine/North_Carolina/A01076212/2010|A_/_H3N2|unassigned|2010-06-27|HA|4||EPI_ISL_104806,1990.4
A/swine/Iowa/A02861232/2023|A_/_H3N2|3C.2|2023-02-23|HA|4||EPI_ISL_17353482,2010.1
A/swine/Iowa/16TOSU2707/2016|A_/_H3N2|unassigned|2016-06-09|HA|4||EPI_ISL_254007,1990.4.a
A/swine/West_Virginia/17TOSU4485/2017|A_/_H3N2|unassigned|2017-08-01|HA|4||EPI_ISL_379311,2010.1
A/swine/Iowa/A02862659/2024|A_/_H3N2|unassigned|2024-07-25|HA|4||EPI_ISL_19301243,2010.1
A/swine/Iowa/13H075/2013|A_/_H3N2|unassigned|2013-08-28|HA|4||EPI_ISL_157606,1990.4.a
A/swine/Iowa/A02524556/2020|A_/_H3N2|unassigned|2020-08-19|HA|4||EPI_ISL_707249,1990.4.a
A/swine/Illinois/A02751215/2022|A_/_H3N2|3C.2|2022-11-09|HA|4||EPI_ISL_16925072,2010.1
A/swine/North_Carolina/A02525158/2021|A_/_H3N2|unassigned|2021-02-05|HA|4||EPI_ISL_4082026,1990.4.a
A/swine/Iowa/A02524889/2020|A_/_H3N2|unassigned|2020-11-10|HA|4||EPI_ISL_4081721,1990.4.a
A/swine/Minnesota/A01049936/2011|A_/_H3N2|unassigned|2011-05-03|HA|4||EPI_ISL_97112,1990.4.b2
A/swine/Iowa/A02157859/2018|A_/_H3N2|unassigned|2018-04-17|HA|4||EPI_ISL_329207,2010.1
A/swine/Nebraska/I087903/2025|A_/_H3N1|unassigned|2025-08-27|HA|4||EPI_ISL_20327339,1990.4.i
A/swine/Iowa/A02862392/2024|A_/_H3N2|3C.2|2024-03-12|HA|4||EPI_ISL_19072325,2010.1
A/swine/Wyoming/A01444562/2013|A_/_H3N2|unassigned|2013-01-13|HA|4||EPI_ISL_136647,1990.4.a
A/swine/South_Dakota/A02430908/2019|A_/_H3N2|unassigned|2019-02-26|HA|4||EPI_ISL_372265,1990.1
A/swine/North_Carolina/ISU-A02862250/2024|A_/_H3N2|unassigned|2024-01-24|HA|4||EPI_ISL_18934815,2010.1
A/swine/Minnesota/A02978849/2024|A_/_H3N2|unassigned|2024-03-13|HA|4||EPI_ISL_19134581,2010.1
A/swine/Indiana/100731/2020|A_/_H3|3C.3a|2020-12-09|HA|4||EPI_ISL_19278083,1990.4.a
A/swine/Iowa/A01781973/2016|A_/_H3N2|unassigned|2016-09-28|HA|4||EPI_ISL_243787,1990.4.i
A/swine/Indiana/ISU-A02861738/2023|A_/_H3N2|unassigned|2023-08-21|HA|4||EPI_ISL_18291198,1990.4.a
"Influenza A virus (A/swine/Iowa/20TOSU2329/2020(H3N2)) segment 4 hemagglutinin (HA) gene, complete cds |Alphainfluenzavirus influenzae|H3N2|USA|Sus scrofa scrofa|2020-07-10|OP654931.1",1990.4.a
"Influenza A virus (A/swine/Iowa/A02862299/2024(H3N2)) segment 4 hemagglutinin (HA) gene, complete cds |Alphainfluenzavirus influenzae|H3N2|USA: Iowa|Sus scrofa|2024-02-13|PP467088.1",2010.1
A/swine/Ohio/A02751478/2023|A_/_H3N2|3C.2|2023-01-17|HA|4||EPI_ISL_17184162,2010.1
A/swine/Missouri/A02271170/2018|A_/_H3N2|unassigned|2018-12-03|HA|4||EPI_ISL_376391,2010.1
A/swine/Minnesota/A02978435/2023|A_/_H3N2|3C.3a|2023-02-20|HA|4||EPI_ISL_17373179,1990.4.a
A/swine/Illinois/A01290508/2013|A_/_H3N2|unassigned|2013-10-01|HA|4||EPI_ISL_151732,1990.4.a
A/swine/Illinois/A01410110/2014|A_/_H3N2|unassigned|2014-01-01|HA|4||EPI_ISL_157195,1990.4.a
A/swine/Nebraska/I026909/2024|A_/_H3N2|unassigned|2024-03-12|HA|4||EPI_ISL_19268411,1990.4.i
A/swine/Iowa/A02076873/2015|A_/_H3N2|unassigned|2015-05-08|HA|4||EPI_ISL_190487,1990.4.a
A/swine/North_Carolina/A02858305/2025|A_/_H3N2|unassigned|2025-01-15|HA|4||EPI_ISL_19764683,2010.1
A/swine/Missouri/100528/2018|A_/_H3|3C.3a|2018-11-07|HA|4||EPI_ISL_19278498,1990.1
A/swine/Ohio/A02685090/2022|A_/_H3N2|unassigned|2022-12-27|HA|4||EPI_ISL_17805955,2010.2
A/swine/North_Carolina/2003|A_/_H3N2|unassigned|2003-01-01|HA|4||EPI_ISL_67421,1990.4
A/swine/Nebraska/A01270879/2012|A_/_H3N2|unassigned|2012-10-01|HA|4||EPI_ISL_132377,1990.4.f
A/swine/Indiana/A01812250/2016|A_/_H3N2|unassigned|2016-11-14|HA|4||EPI_ISL_328416,1990.4.a
A/swine/Ohio/A02245339/2019|A_/_H3N2|unassigned|2019-11-19|HA|4||EPI_ISL_505704,1990.4.a
"Influenza A virus (A/swine/Iowa/A02862381/2024(H3N2)) segment 4 hemagglutinin (HA) gene, complete cds |Alphainfluenzavirus influenzae|H3N2|USA: Iowa|Sus scrofa|2024-03-07|PP620667.1",1990.4.i
"Influenza A virus (A/swine/Ohio/OH22-7012/2022(H3N2)) segment 4 hemagglutinin (HA) gene, complete cds |Alphainfluenzavirus influenzae|H3N2|USA: Ohio|Sus scrofa|2022-03-28|OQ750091.1",1990.4.a
A/swine/Minnesota/A01481073/2014|A_/_H3N2|unassigned|2014-04-16|HA|4||EPI_ISL_162474,1990.4.a
A/swine/Minnesota/A02863005/2024|A_/_H3N2|3C.2|2024-10-14|HA|4||EPI_ISL_19554443,2010.1
A/swine/North_Carolina/A02978858/2024|A_/_H3N2|unassigned|2024-03-19|HA|4||EPI_ISL_19134604,1990.4.b1
A/swine/Iowa/A02635864/2021|A_/_H3N2|unassigned|2021-06-10|HA|4||EPI_ISL_4084156,2010.1
A/swine/Missouri/A01667102/2017|A_/_H3N2|unassigned|2017-03-13|HA|4||EPI_ISL_262582,2010.1
A/swine/Ohio/OH20-25043/2020|A_/_H3N2|3C.3a|2020-11-24|HA|4||EPI_ISL_17373117,1990.4.a
A/swine/Oklahoma/A02712149/2022|A_/_H3N2|unassigned|2022-09-09|HA|4||EPI_ISL_16212290,2010.1
A/swine/Nebraska/ISU-A02861598/2023|A_/_H3N2|unassigned|2023-06-22|HA|4||EPI_ISL_18228673,2010.1
A/swine/North_Carolina/A02751477/2023|A_/_H3N2|3C.2|2023-01-12|HA|4||EPI_ISL_17184153,2010.1
A/swine/IA/38421/2018|A_/_H3N2|unassigned|2018-05-25|HA|4||EPI_ISL_389815,1990.1
A/swine/Ohio/OH20-14132/2020|A_/_H3N2|3C.3a|2020-07-02|HA|4||EPI_ISL_17373092,1990.4.a
A/swine/Michigan/22TOSU3743/2022|A_/_H3N2|3C.2|2022-08-06|HA|4||EPI_ISL_17409535,2010.1
A/swine/Nebraska/A02215046/2017|A_/_H3N2|unassigned|2017-04-26|HA|4||EPI_ISL_267144,1990.4.a
A/swine/North_Carolina/A01290722/2013|A_/_H3N2|unassigned|2013-11-01|HA|4||EPI_ISL_153732,1990.4.a
A/swine/Minnesota/A02246907/2021|A_/_H3N2|unassigned|2021-12-29|HA|4||EPI_ISL_14769982,1990.4.a
A/swine/Missouri/100609/2019|A_/_H3|3C.3a|2019-10-07|HA|4||EPI_ISL_19278316,1990.4.a
A/swine/Iowa/108538_02858921/2025|A_/_H3N2|unassigned|2025-10-22|HA|4||EPI_ISL_20252097,2010.1
A/swine/Minnesota/A01785415/2018|A_/_H3N2|unassigned|2018-01-09|HA|4||EPI_ISL_299575,2010.1
A/swine/Illinois/02945/2010|A_/_H3N2|unassigned|2010-01-13|HA|4||EPI_ISL_70389,1990.4
A/swine/Ohio/A01351710/2013|A_/_H3N2|unassigned|2013-07-18|HA|4||EPI_ISL_145800,1990.4.a
"Influenza A virus (A/swine/Indiana/A02750798/2022(H3N2)) segment 4 hemagglutinin (HA) gene, complete cds |Alphainfluenzavirus influenzae|H3N2|USA: Indiana|Sus scrofa|2022-08-18|OP454951.1",2010.1
A/swine/Kentucky/17TOSU6274/2017|A_/_H3N2|unassigned|2017-07-01|HA|4||EPI_ISL_373643,2010.1
A/swine/Nebraska/A01240337/2011|A_/_H3N2|unassigned|2011-11-01|HA|4||EPI_ISL_130154,1990.4.f
A/swine/Iowa/004554_02859038/2025|A_/_H3N2|unassigned|2025-11-05|HA|4||EPI_ISL_20389489,2010.1
A/swine/Missouri/100744/2021|A_/_H3|unassigned|2021-02-08|HA|4||EPI_ISL_19278066,2010.1
A/swine/North_Carolina/A01290717/2013|A_/_H3N2|unassigned|2013-11-01|HA|4||EPI_ISL_153745,1990.4.a
A/swine/Iowa/ISU-A02862234/2024|A_/_H3N2|unassigned|2024-01-17|HA|4||EPI_ISL_18898146,2010.1
A/swine/Iowa/A02479283/2020|A_/_H3N2|unassigned|2020-04-28|HA|4||EPI_ISL_502894,1990.4.i
A/swine/North_Carolina/082307_02858748/2025|A_/_H3N2|unassigned|2025-08-03|HA|4||EPI_ISL_20153179,2010.1
A/swine/Iowa/A02479026/2020|A_/_H3N2|unassigned|2020-01-22|HA|4||EPI_ISL_501283,1990.4.a
A/swine/Texas/SG1186/2004|A_/_H3N2|unassigned|2004-10-22|HA|4||EPI_ISL_150703,1990.4-like
A/swine/Indiana/A00968322/2010|A_/_H3N2|unassigned|2010-10-18|HA|4||EPI_ISL_102557,1990.4.a
A/swine/Iowa/A02750910/2022|A_/_H3N2|unassigned|2022-09-21|HA|4||EPI_ISL_16215596,1990.4.a
A/swine/Iowa/A02218164/2017|A_/_H3N2|unassigned|2017-06-19|HA|4||EPI_ISL_279509,2010.1
A/swine/Iowa/A02862960/2024|A_/_H3N2|3C.2|2024-10-10|HA|4||EPI_ISL_19548145,2010.1
A/swine/Minnesota/A02978499/2023|A_/_H3N2|3C.2|2023-05-01|HA|4||EPI_ISL_17809142,2010.1
A/swine/Minnesota/A01785322/2017|A_/_H3N2|unassigned|2017-10-18|HA|4||EPI_ISL_290282,1990.4.a
A/swine/Ohio/09SW81/2009|A_/_H3N2|unassigned|2009-08-13|HA|4||EPI_ISL_133815,1990.4
A/swine/Michigan/A02479000/2020|A_/_H3N2|unassigned|2020-01-16|HA|4||EPI_ISL_502400,1990.4.a
A/swine/Indiana/14TOSU0235/2014|A_/_H3N2|unassigned|2014-01-01|HA|4||EPI_ISL_200875,1990.4.b1
"Influenza A virus (A/swine/Ohio/22TOSU0494/2022(H3N2)) segment 4 hemagglutinin (HA) gene, complete cds |Alphainfluenzavirus influenzae|H3N2|USA|Sus scrofa scrofa|2022-04-30|OP871129.1",2010.1
"Influenza A virus (A/swine/Iowa/A02861377/2023(H3N2)) segment 4 hemagglutinin (HA) gene, complete cds |Alphainfluenzavirus influenzae|H3N2|USA: Iowa|Sus scrofa|2023-04-12|OQ996065.1",1990.4.a
"Influenza A virus (A/swine/North Carolina/A02861997/2023(H3N2)) segment 4 hemagglutinin (HA) gene, complete cds |Alphainfluenzavirus influenzae|H3N2|USA: North Carolina|Sus scrofa|2023-11-14|OR887651.1",1990.4.a
A/swine/Nebraska/A01049235/2010|A_/_H3N2|unassigned|2010-12-07|HA|4||EPI_ISL_93351,1990.4.b2
A/swine/Illinois/100610/2019|A_/_H3|3C.3a|2019-10-14|HA|4||EPI_ISL_19278308,1990.4.a
A/swine/Ohio/17TOSU1420/2017|A_/_H3N2|unassigned|2017-07-01|HA|4||EPI_ISL_379277,2010.1
"Influenza A virus (A/swine/Iowa/18Tosu0488/2018(H3N2)) segment 4 hemagglutinin (HA) gene, complete cds |Alphainfluenzavirus influenzae|H3N2|USA: Iowa|Sus scrofa|2018-06-07|MK705413.1",2010.1
A/swine/Kentucky/14TOSU23948/2014|A_/_H3N2|unassigned|2014-01-01|HA|4||EPI_ISL_200850,1990.4.b1
A/swine/Pennsylvania/ISU-A02861876/2023|A_/_H3N2|3C.3a|2023-10-09|HA|4||EPI_ISL_18755225,1990.4.a
"Influenza A virus (A/swine/Ohio/23TOSU1299/2023(H3Nx)) segment 4 hemagglutinin (HA) gene, complete cds |Alphainfluenzavirus influenzae|H3Nx|USA|Sus scrofa scrofa|2023-05-20|OR779255.1",
A/swine/Minnesota/A02978444/2023|A_/_H3N2|unassigned|2023-03-06|HA|4||EPI_ISL_17986897,1990.4.a
A/swine/Illinois/100787/2021|A_/_H3|3C.3a|2021-11-12|HA|4||EPI_ISL_19277986,1990.4.a
A/swine/Indiana/A02270009/2018|A_/_H3N2|unassigned|2018-11-15|HA|4||EPI_ISL_376363,2010.1
A/swine/Ohio/A02862881/2024|A_/_H3N2|unassigned|2024-09-17|HA|4||EPI_ISL_19501200,2010.2
A/swine/Illinois/101024/2004|A_/_H3|unassigned|2004-05-18|HA|4||EPI_ISL_19279586,1990.4
A/swine/Minnesota/A01785768/2018|A_/_H3N2|unassigned|2018-11-26|HA|4||EPI_ISL_378942,2010.1
A/swine/Minnesota/7931/2007|A_/_H3N2|unassigned|2007-01-01|HA|4||EPI_ISL_29810,1990.4
A/swine/Minnesota/SG-00242/2006|A_/_H3N2|unassigned|2006-10-12|HA|4||EPI_ISL_25309,1990.4
A/swine/Minnesota/A02978441/2023|A_/_H3N2|unassigned|2023-02-22|HA|4||EPI_ISL_17986898,2010.1
A/swine/Illinois/A01554671/2015|A_/_H3N2|unassigned|2015-04-22|HA|4||EPI_ISL_190530,1990.4.e
A/swine/Oklahoma/A02245329/2019|A_/_H3N2|unassigned|2019-11-11|HA|4||EPI_ISL_505599,2010.1
A/swine/Ohio/UCHI-A02978544/2023|A_/_H3N2|3C.3a|2023-08-14|HA|4||EPI_ISL_18388335,1990.4.a
A/swine/North_Carolina/A01410136/2014|A_/_H3N2|unassigned|2014-01-01|HA|4||EPI_ISL_157192,1990.4.a
A/swine/Illinois/101665/2022|A_/_H3|unassigned|2022-01-10|HA|4||EPI_ISL_19277949,2010.1
A/swine/North_Carolina/A02636370/2022|A_/_H3N2|unassigned|2022-01-05|HA|4||EPI_ISL_14775405,1990.4.a
A/swine/Minnesota/00611/2005|A_/_H3N2|unassigned|2005-05-20|HA|4||EPI_ISL_96923,1990.4
A/swine/Minnesota/A02979267/2024|A_/_H3N2|unassigned|2024-10-09|HA|4||EPI_ISL_19556786,2010.1
A/swine/Minnesota/A01076531/2010|A_/_H3N2|unassigned|2010-10-07|HA|4||EPI_ISL_124404,1990.4
A/swine/Kansas/A02863102/2024|A_/_H3N2|unassigned|2024-10-28|HA|4||EPI_ISL_19613886,2010.1
A/swine/Iowa/A02525305/2021|A_/_H3N2|unassigned|2021-03-25|HA|4||EPI_ISL_4082636,1990.4.a
A/swine/Iowa/A02750661/2022|A_/_H3N2|unassigned|2022-06-23|HA|4||EPI_ISL_14885997,1990.4.a
A/swine/Iowa/A02636341/2021|A_/_H3N2|unassigned|2021-12-13|HA|4||EPI_ISL_14770833,2010.1
A/swine/Iowa/A01672418/2017|A_/_H3N2|unassigned|2017-01-19|HA|4||EPI_ISL_256559,2010.1
A/swine/North_Carolina/A02858537/2025|A_/_H3N2|unassigned|2025-04-16|HA|4||EPI_ISL_19870994,2010.1
A/swine/Iowa/A02636488/2022|A_/_H3N2|unassigned|2022-02-11|HA|4||EPI_ISL_14777799,2010.1
A/swine/Minnesota/A01493481/2014|A_/_H3N2|unassigned|2014-03-26|HA|4||EPI_ISL_162336,1990.4.a
A/swine/Texas/SG1501/2010|A_/_H3N2|unassigned|2010-04-20|HA|4||EPI_ISL_151350,1990.4
A/swine/Iowa/A02751412/2022|A_/_H3N2|3C.3a|2022-12-15|HA|4||EPI_ISL_17061074,1990.4.a
A/swine/Illinois/A01857433/2015|A_/_H3N2|unassigned|2015-09-14|HA|4||EPI_ISL_201414,1990.4.a
A/swine/Illinois/100165/2015|A_/_H3|unassigned|2015-10-29|HA|4||EPI_ISL_19279141,1990.4.a
A/swine/Illinois/V082432/2025|A_/_H3N2|unassigned|2025-08-05|HA|4||EPI_ISL_20327330,2010.1
A/swine/Iowa/A02858523/2025|A_/_H3N2|3C.2|2025-04-09|HA|4||EPI_ISL_19855223,2010.1
A/swine/Iowa/A02479304/2020|A_/_H3N2|unassigned|2020-05-04|HA|4||EPI_ISL_501674,1990.4.a
A/swine/Minnesota/03008/2010|A_/_H3N2|unassigned|2010-04-22|HA|4||EPI_ISL_75418,1990.4.b2
A/swine/Iowa/A02524727/2020|A_/_H3N2|unassigned|2020-04-09|HA|4||EPI_ISL_697761,2010.1
A/swine/Utah/A02478569/2019|A_/_H3N2|unassigned|2019-06-25|HA|4||EPI_ISL_372915,2010.1
A/swine/Ohio/09SW79E/2009|A_/_H3N2|unassigned|2009-08-08|HA|4||EPI_ISL_133802,1990.4
A/swine/Illinois/101677/2021|A_/_H3|3C.3a|2021-11-16|HA|4||EPI_ISL_19277984,1990.4.a
A/swine/Utah/A02525117/2021|A_/_H3N2|unassigned|2021-01-27|HA|4||EPI_ISL_4081986,2010.1
A/swine/Iowa/A02524639/2020|A_/_H3N2|unassigned|2020-09-16|HA|4||EPI_ISL_697547,1990.4.a
A/swine/Minnesota/A02978541/2023|A_/_H3N2|unassigned|2023-07-03|HA|4||EPI_ISL_18090330,2010.1
A/swine/Iowa/A02524891/2020|A_/_H3N2|unassigned|2020-11-11|HA|4||EPI_ISL_4081722,2010.1
A/swine/Illinois/100644/2020|A_/_H3|3C.3a|2020-02-03|HA|4||EPI_ISL_19278228,1990.4.a
"Influenza A virus (A/swine/Indiana/23TOSU2416/2023(H3N2)) segment 4 hemagglutinin (HA) gene, complete cds |Alphainfluenzavirus influenzae|H3N2|USA|Sus scrofa scrofa|2023-07-13|PP461259.1",1990.4.a
A/swine/Indiana/100764/2021|A_/_H3|3C.3a|2021-05-18|HA|4||EPI_ISL_19278030,1990.4.a
A/swine/Indiana/22TOSU3199/2022|A_/_H3N2|3C.2|2022-07-31|HA|4||EPI_ISL_17409524,2010.1
A/swine/Iowa/A02636476/2022|A_/_H3N2|unassigned|2022-02-07|HA|4||EPI_ISL_14777804,2010.1
A/swine/Iowa/A02524934/2020|A_/_H3N2|unassigned|2020-11-30|HA|4||EPI_ISL_4081818,2010.1
A/swine/Iowa/16TOSU2409/2016|A_/_H3N2|unassigned|2016-06-09|HA|4||EPI_ISL_253986,2010.1
A/swine/Indiana/A01672517/2017|A_/_H3N2|unassigned|2017-01-20|HA|4||EPI_ISL_257035,1990.4.a
A/swine/USA/32/2019|A_/_H3N2|3C.2a1|2019-01-14|HA|4||EPI_ISL_505865,2010.2
A/Kansas/A01377457/2014|A_/_H3N2|unassigned|2014-12-11|HA|4||EPI_ISL_174858,1990.4.a
"Influenza A virus (A/swine/North Carolina/A01840506/2015(H3N2)) segment 4 hemagglutinin (HA) gene, complete cds |Alphainfluenzavirus influenzae|H3N2|USA: North Carolina|Sus scrofa|2015-01-16|KP842745.1",1990.4.a
A/swine/Iowa/A01781490/2016|A_/_H3N2|unassigned|2016-09-12|HA|4||EPI_ISL_243376,2010.1
A/swine/Pennsylvania/A02524504/2020|A_/_H3N2|unassigned|2020-07-24|HA|4||EPI_ISL_707112,1990.4.a
A/swine/Iowa/A02863131/2024|A_/_H3N2|unassigned|2024-11-11|HA|4||EPI_ISL_19613885,1990.4.i
A/swine/Ohio/23-3974/2023|A_/_H3N2|unassigned|2023-02-23|HA|4||EPI_ISL_20185961,2010.1
A/swine/Iowa/A02750928/2022|A_/_H3N2|unassigned|2022-09-21|HA|4||EPI_ISL_16215646,2010.1
A/swine/Ohio/24TOSU1442/2024|A_/_H3N2|3C.3a|2024-05-12|HA|4||EPI_ISL_19332129,1990.4.a
A/swine/Texas/A02245368/2019|A_/_H3N2|unassigned|2019-12-19|HA|4||EPI_ISL_503151,2010.1
A/swine/Ohio/OH21-14991/2021|A_/_H3N2|unassigned|2021-06-18|HA|4||EPI_ISL_17760619,1990.4.a
"Influenza A virus (A/swine/North Carolina/121616/2016(H3N1)) segment 4 hemagglutinin, HA2 region, (HA) gene, partial cds |Alphainfluenzavirus influenzae|H3N1|USA|Sus scrofa|2016-02-19|MW839788.1",1990.4
A/swine/Texas/A01049555/2011|A_/_H3N2|unassigned|2011-02-14|HA|4||EPI_ISL_97087,1990.4.f
A/swine/Indiana/A02214844/2017|A_/_H3N2|unassigned|2017-04-03|HA|4||EPI_ISL_272781,1990.4.a
A/swine/Wisconsin/100078/2014|A_/_H3|3C.3a|2014-07-15|HA|4||EPI_ISL_19279267,1990.4.b2
A/swine/Iowa/A02524590/2020|A_/_H3N2|unassigned|2020-08-31|HA|4||EPI_ISL_707304,2010.1
A/swine/Illinois/A02861443/2023|A_/_H3N2|3C.2|2023-04-28|HA|4||EPI_ISL_17805851,2010.1
A/swine/Iowa/A02711862/2022|A_/_H3N2|unassigned|2022-08-11|HA|4||EPI_ISL_16212273,1990.4.a
A/swine/North_Carolina/A01774759/2016|A_/_H3N2|unassigned|2016-05-04|HA|4||EPI_ISL_225550,1990.4.b2
A/swine/Ohio/A01208180/2012|A_/_H3N2|unassigned|2012-07-31|HA|4||EPI_ISL_142027,1990.4.a
A/swine/Minnesota/A01350866/2013|A_/_H3N2|unassigned|2013-06-04|HA|4||EPI_ISL_143740,1990.4.a
A/swine/Indiana/A02430356/2019|A_/_H3N2|3C.2a1|2019-02-14|HA|4||EPI_ISL_372179,2010.2
A/swine/Texas/A01785529/2018|A_/_H3N2|unassigned|2018-04-30|HA|4||EPI_ISL_328625,2010.1
A/swine/Arkansas/A01678528/2017|A_/_H3N2|3C.2a1|2017-12-14|HA|4||EPI_ISL_296691,2010.2
A/swine/Iowa/A02478829/2019|A_/_H3N2|unassigned|2019-11-04|HA|4||EPI_ISL_503393,2010.1
A/swine/Kansas/A02861449/2023|A_/_H3N2|unassigned|2023-05-03|HA|4||EPI_ISL_17885909,1990.4.b1
A/swine/Ohio/ISU-A02861681/2023|A_/_H3N2|unassigned|2023-07-24|HA|4||EPI_ISL_18228667,2010.2
A/swine/Iowa/A02479429/2020|A_/_H3N2|unassigned|2020-06-03|HA|4||EPI_ISL_499201,1990.4.a
A/swine/Iowa/A02524560/2020|A_/_H3N2|unassigned|2020-08-20|HA|4||EPI_ISL_707266,2010.1
A/swine/Kansas/A02978456/2023|A_/_H3N2|unassigned|2023-03-16|HA|4||EPI_ISL_17986899,1990.4.b1
A/swine/Ohio/A02479264/2020|A_/_H3N2|unassigned|2020-04-19|HA|4||EPI_ISL_502847,1990.4.a
A/swine/Kansas/A01378039/2018|A_/_H3N2|unassigned|2018-03-05|HA|4||EPI_ISL_329652,1990.4.a
A/swine/Iowa/A02863178/2024|A_/_H3N2|3C.2|2024-11-21|HA|4||EPI_ISL_19678836,2010.1
A/swine/Iowa/A01290438/2013|A_/_H3N2|unassigned|2013-09-01|HA|4||EPI_ISL_151712,1990.4.a
A/swine/Texas/A02858482/2025|A_/_H3N2|3C.2|2025-03-26|HA|4||EPI_ISL_19847188,2010.1
A/swine/North_Carolina/A02142722/2018|A_/_H3N2|unassigned|2018-02-14|HA|4||EPI_ISL_305781,2010.1
A/swine/Missouri/USDA-A02978606/2023|A_/_H3N2|unassigned|2023-11-09|HA|4||EPI_ISL_18746621,2010.1
A/swine/Iowa/ISU-A02862051/2023|A_/_H3N2|3C.2|2023-11-17|HA|4||EPI_ISL_18777051,2010.1
A/swine/Arkansas/A01857979/2015|A_/_H3N2|unassigned|2015-10-26|HA|4||EPI_ISL_203119,1990.4.a
A/swine/Illinois/100340/2018|A_/_H3|unassigned|2018-01-22|HA|4||EPI_ISL_19278655,1990.4.a
A/swine/Indiana/ISU-A02861682/2023|A_/_H3N2|unassigned|2023-07-26|HA|4||EPI_ISL_18228697,2010.1
A/swine/Illinois/A01732588/2016|A_/_H3N2|unassigned|2016-02-25|HA|4||EPI_ISL_236803,1990.4.a
A/swine/Texas/A02858558/2025|A_/_H3N1|unassigned|2025-04-21|HA|4||EPI_ISL_19885033,2010.1
A/swine/North_Carolina/ISU-A02862207/2024|A_/_H3N2|unassigned|2024-01-04|HA|4||EPI_ISL_18847103,1990.4.a
A/swine/Iowa/ISU-1878/2023|A_/_H3N2|unassigned|2023-10-05|HA|4||EPI_ISL_18755434,1990.4.a
"Influenza A virus (A/swine/Texas/A02711804/2022(H3N?)) segment 4 hemagglutinin (HA) gene, complete cds |Alphainfluenzavirus influenzae|H3N?|USA: Texas|Sus scrofa|2022-04-08|ON427076.1",2010.1
A/swine/Nebraska/01711/2007|A_/_H3N2|unassigned|2007-07-31|HA|4||EPI_ISL_150881,1990.4
A/swine/Missouri/A02479183/2020|A_/_H3N2|unassigned|2020-03-26|HA|4||EPI_ISL_502565,1990.4.a
A/swine/North_Carolina/SG1306/2008|A_/_H3N2|unassigned|2008-07-03|HA|4||EPI_ISL_150893,1990.4
A/swine/Iowa/A02750684/2022|A_/_H3N2|unassigned|2022-06-30|HA|4||EPI_ISL_14930643,1990.4.a
A/swine/Nebraska/A01489870/2014|A_/_H3N2|unassigned|2014-09-11|HA|4||EPI_ISL_177592,1990.4.a
A/swine/USA/2014001372/2014|A_/_H3N1|unassigned|2014-05-01|HA|4||EPI_ISL_163909,2010.1
A/swine/Minnesota/A01432433/2013|A_/_H3N2|unassigned|2013-02-01|HA|4||EPI_ISL_138850,1990.4.b1
A/swine/Illinois/100215/2016|A_/_H3|unassigned|2016-08-03|HA|4||EPI_ISL_19278917,1990.4.a
A/swine/Iowa/A02479075/2020|A_/_H3N1|3C.2|2020-02-19|HA|4||EPI_ISL_503900,1990.4.a
A/swine/Kentucky/14TOSU23978/2014|A_/_H3N2|unassigned|2014-01-01|HA|4||EPI_ISL_200842,1990.4.b1
A/swine/Texas/A02701693/2021|A_/_H3N2|unassigned|2021-11-30|HA|4||EPI_ISL_14770026,2010.1
A/swine/Kentucky/15TOSU1974/2015|A_/_H3N2|unassigned|2015-11-08|HA|4||EPI_ISL_245783,1990.4.b1
A/swine/NorthCarolina/A02862497/2024|A_/_H3N2|unassigned|2024-04-02|HA|4||EPI_ISL_19095224,1990.4.a
A/swine/North_Carolina/A02479010/2020|A_/_H3N2|unassigned|2020-01-22|HA|4||EPI_ISL_503430,1990.4.a
"Influenza A virus (A/swine/Colorado/A01785738/2018(H3N2)) segment 4 hemagglutinin (HA) gene, complete cds |Alphainfluenzavirus influenzae|H3N2|USA: Colorado|Sus scrofa|2018-11-05|MK243702.1",2010.1
A/swine/Indiana/A01812162/2016|A_/_H3N2|unassigned|2016-01-27|HA|4||EPI_ISL_236811,1990.4.b2
A/swine/Iowa/A02525261/2021|A_/_H3N2|unassigned|2021-03-16|HA|4||EPI_ISL_4082224,2010.1
A/swine/Nebraska/071804_A02862748/2024|A_/_H3N2|unassigned|2024-07-10|HA|4||EPI_ISL_19367400,2010.1
A/swine/Minnesota/A02710701/2022|A_/_H3N2|unassigned|2022-06-01|HA|4||EPI_ISL_14937246,2010.1
A/swine/Nebraska/A01822664/2015|A_/_H3N2|unassigned|2015-06-05|HA|4||EPI_ISL_195332,1990.4.a
A/swine/Illinois/A01411232/2014|A_/_H3N2|unassigned|2014-01-01|HA|4||EPI_ISL_155792,1990.4.a
A/swine/Ohio/7727-2/2019|A_/_H3N2|3C.3a1|2019-04-08|HA|4||EPI_ISL_17204330,Other-Human-2010
A/swine/Illinois/100408/2019|A_/_H3|3C.3a|2019-06-24|HA|4||EPI_ISL_19278362,1990.1
A/swine/North_Carolina/A02216473/2016|A_/_H3N2|unassigned|2016-11-14|HA|4||EPI_ISL_272669,Other-Human-2010-like
A/swine/Ohio/14TOSU22294/2014|A_/_H3N2|unassigned|2014-08-07|HA|4||EPI_ISL_245778,1990.4.b1
A/swine/Ohio/23-28740/2023|A_/_H3N2|unassigned|2023-11-27|HA|4||EPI_ISL_20186005,2010.1
A/swine/Nebraska/A02862912/2024|A_/_H3N2|unassigned|2024-09-24|HA|4||EPI_ISL_19521803,1990.4.a
A/swine/Iowa/13H098/2013|A_/_H3N2|unassigned|2013-08-28|HA|4||EPI_ISL_167147,1990.4.a
A/swine/Iowa/099659_02858858/2025|A_/_H3N2|unassigned|2025-09-23|HA|4||EPI_ISL_20220224,2010.1
A/swine/Iowa/A02635849/2021|A_/_H3N2|unassigned|2021-05-20|HA|4||EPI_ISL_4084474,1990.4.a
A/swine/Indiana/25TOSU1474/2025|A_/_H3N2|unassigned|2025-06-11|HA|4||EPI_ISL_20191338,2010.1
A/swine/Minnesota/A02862450/2024|A_/_H3N2|3C.3a|2024-03-26|HA|4||EPI_ISL_19072967,1990.4.a
A/swine/Indiana/A01260276/2013|A_/_H3N2|unassigned|2013-04-16|HA|4||EPI_ISL_143497,1990.4.a
A/swine/Minnesota/A02216467/2017|A_/_H3N2|unassigned|2017-05-30|HA|4||EPI_ISL_278445,2010.1
"Influenza A virus (A/swine/Iowa/01700/2007(H3N2)) hemagglutinin (HA) gene, partial cds |Alphainfluenzavirus influenzae|H3N2|USA: Iowa|Sus scrofa|2007-07-31|CY099027.1",1990.4
"Influenza A virus (A/swine/Missouri/A01840724/2015(H3N2)) segment 4 hemagglutinin (HA) gene, complete cds |Alphainfluenzavirus influenzae|H3N2|USA: Missouri|Sus scrofa|2015-02-05|KP901306.1",2010.1
A/swine/Missouri/100686/2020|A_/_H3|unassigned|2020-05-28|HA|4||EPI_ISL_19278155,2010.1
A/swine/Illinois/100074/2014|A_/_H3|3C.3a|2014-04-04|HA|4||EPI_ISL_19279269,1990.4.b2
A/swine/Illinois/A01554952/2015|A_/_H3N2|unassigned|2015-05-14|HA|4||EPI_ISL_191509,1990.4.b1
A/swine/Missouri/100662/2020|A_/_H3|unassigned|2020-03-06|HA|4||EPI_ISL_19278208,2010.1
A/swine/North_Carolina/CR168215/2015|A_/_H3N2|unassigned|2015-08-29|HA|4||EPI_ISL_4082113,1990.4
A/swine/Indiana/101472/2015|A_/_H3|unassigned|2015-10-07|HA|4||EPI_ISL_19279159,1990.4.c
A/swine/North_Carolina/A02478880/2019|A_/_H3N2|unassigned|2019-11-14|HA|4||EPI_ISL_503386,2010.1
A/swine/North_Carolina/A02479237/2020|A_/_H3N2|unassigned|2020-04-16|HA|4||EPI_ISL_502851,1990.4.a
A/swine/Missouri/A01932257/2017|A_/_H3N2|unassigned|2017-02-14|HA|4||EPI_ISL_260810,2010.1
A/swine/Iowa/A02478604/2019|A_/_H3N2|unassigned|2019-08-01|HA|4||EPI_ISL_389843,1990.4.a
A/swine/Iowa/A02248056/2021|A_/_H3N2|unassigned|2021-03-12|HA|4||EPI_ISL_4089912,2010.1
A/swine/Iowa/ISU-A02862012/2023|A_/_H3N2|3C.3a|2023-11-07|HA|4||EPI_ISL_18777109,1990.4.a
A/swine/Missouri/A02862328/2024|A_/_H3N2|unassigned|2024-02-22|HA|4||EPI_ISL_19126034,2010.1
A/swine/Iowa/A02138770/2017|A_/_H3N2|unassigned|2017-12-12|HA|4||EPI_ISL_295667,2010.1
"Influenza A virus (A/swine/North Carolina/A02024648/2015(H3N2)) segment 4 hemagglutinin (HA) gene, complete cds |Alphainfluenzavirus influenzae|H3N2|USA: North Carolina|Sus scrofa|2015-06-03|KT198618.1",1990.4.a
A/swine/Minnesota/A01076218/2010|A_/_H3N2|unassigned|2010-08-01|HA|4||EPI_ISL_104807,1990.4.b2
A/swine/Indiana/14TOSU2891/2014|A_/_H3N2|unassigned|2014-01-01|HA|4||EPI_ISL_200883,1990.4.b1
A/swine/Iowa/20TOSU2141/2020|A_/_H3N2|unassigned|2020-07-10|HA|4||EPI_ISL_14224330,1990.4.a
A/swine/Minnesota/A01271731/2012|A_/_H3N2|unassigned|2012-10-31|HA|4||EPI_ISL_133006,1990.4.b1
A/swine/Iowa/A02858312/2025|A_/_H3N2|unassigned|2025-01-16|HA|4||EPI_ISL_19764686,1990.4.a
A/swine/Ohio/OH20-6729/2020|A_/_H3N2|3C.3a|2020-03-30|HA|4||EPI_ISL_17373132,1990.4.a
A/swine/Iowa/A02525043/2021|A_/_H3N2|unassigned|2021-01-05|HA|4||EPI_ISL_4081938,1990.1
A/swine/Nebraska/A01785515/2018|A_/_H3N2|unassigned|2018-04-19|HA|4||EPI_ISL_329155,1990.4.b2
A/swine/Iowa/24TOSU4057/2024|A_/_H3N2|3C.2|2024-08-09|HA|4||EPI_ISL_19815590,2010.1
A/swine/Iowa/A02636299/2021|A_/_H3N2|unassigned|2021-10-01|HA|4||EPI_ISL_14770774,1990.4.a
A/swine/Michigan/16TOSU3342/2016|A_/_H3N2|unassigned|2016-06-18|HA|4||EPI_ISL_254036,1990.4.a
A/swine/Iowa/03017/2010|A_/_H3N2|unassigned|2010-04-28|HA|4||EPI_ISL_76477,1990.4
A/swine/North_Carolina/A01944728/2015|A_/_H3N2|unassigned|2015-10-16|HA|4||EPI_ISL_203142,1990.4.a
A/swine/Indiana/13TOSU1035/2013|A_/_H3N2|unassigned|2013-07-01|HA|4||EPI_ISL_161124,1990.4.a
A/swine/Illinois/A02858222/2024|A_/_H3N2|3C.2a1b.2a.2a.1|2024-02-06|HA|4||EPI_ISL_19191108,Other-Human-2020
A/swine/Nebraska/ISU-A02862068/2023|A_/_H3N2|3C.3a|2023-11-28|HA|4||EPI_ISL_18701683,1990.4.a
A/swine/Minnesota/A02245684/2020|A_/_H3N2|unassigned|2020-08-12|HA|4||EPI_ISL_707261,2010.1
A/swine/Iowa/ISU-A02861810/2023|A_/_H3N2|3C.2|2023-09-14|HA|4||EPI_ISL_18698902,2010.1
A/swine/Minnesota/A02245812/2020|A_/_H3N2|unassigned|2020-11-19|HA|4||EPI_ISL_4081843,1990.4.a
"Influenza A virus (A/swine/Oklahoma/A01785611/2018(H3N2)) segment 4 hemagglutinin (HA) gene, complete cds |Alphainfluenzavirus influenzae|H3N2|USA: Oklahoma|Sus scrofa|2018-09-04|MK024147.1",2010.1
A/swine/Iowa/075905_A02862771/2024|A_/_H3N2|unassigned|2024-07-23|HA|4||EPI_ISL_19367306,2010.1
A/swine/Indiana/17TOSU3748/2017|A_/_H3N2|unassigned|2017-06-01|HA|4||EPI_ISL_373579,2010.1
A/swine/Illinois/A02479007/2020|A_/_H3N2|unassigned|2020-01-21|HA|4||EPI_ISL_500718,1990.4.b2
A/swine/Missouri/A01798099/2015|A_/_H3N2|unassigned|2015-11-17|HA|4||EPI_ISL_208917,2010.1
A/swine/Minnesota/A02257619/2018|A_/_H3N2|unassigned|2018-09-20|HA|4||EPI_ISL_379928,1990.4.g
A/swine/Kentucky/A02525075/2021|A_/_H3N2|unassigned|2021-01-13|HA|4||EPI_ISL_4081951,1990.4.a
A/swine/Iowa/A02525136/2021|A_/_H3N2|unassigned|2021-02-01|HA|4||EPI_ISL_4082014,1990.4.a
A/swine/South_Dakota/A01841915/2015|A_/_H3N2|unassigned|2015-03-27|HA|4||EPI_ISL_179621,1990.4.b1
A/swine/Minnesota/A01847108/2015|A_/_H3N2|unassigned|2015-04-03|HA|4||EPI_ISL_190489,1990.4.b1
A/swine/Arkansas/SG1298/2008|A_/_H3N2|unassigned|2008-12-30|HA|4||EPI_ISL_150884,1990.4
A/swine/Iowa/A02254608/2018|A_/_H3N2|unassigned|2018-07-21|HA|4||EPI_ISL_326800,2010.1
A/swine/Maryland/A01764005/2017|A_/_H3N2|unassigned|2017-09-17|HA|4||EPI_ISL_284705,2010.1
A/swine/Iowa/A02479225/2020|A_/_H3N2|unassigned|2020-04-15|HA|4||EPI_ISL_502867,1990.4.a
A/swine/North_Carolina/A01410672/2014|A_/_H3N2|unassigned|2014-04-01|HA|4||EPI_ISL_162891,1990.4.a
A/swine/Iowa/A02525108/2021|A_/_H3N2|unassigned|2021-01-22|HA|4||EPI_ISL_4081991,1990.4.a
A/swine/Illinois/A01047188/2010|A_/_H3N2|unassigned|2010-11-30|HA|4||EPI_ISL_109864,1990.4
A/swine/Iowa/SG1469/2004|A_/_H3N2|unassigned|2004-10-14|HA|4||EPI_ISL_151283,1990.4
A/swine/Iowa/A01667094/2017|A_/_H3N2|unassigned|2017-03-14|HA|4||EPI_ISL_262583,2010.1
A/swine/North_Carolina/A01785534/2018|A_/_H3N2|unassigned|2018-05-08|HA|4||EPI_ISL_328664,2010.1
A/swine/Indiana/A02429798/2019|A_/_H3N2|unassigned|2019-01-08|HA|4||EPI_ISL_373513,1990.1
A/swine/Wyoming/A01380335/2013|A_/_H3N2|unassigned|2013-04-30|HA|4||EPI_ISL_143215,1990.4.a
A/swine/Iowa/A02862420/2024|A_/_H3N2|3C.2|2024-03-18|HA|4||EPI_ISL_19064632,2010.1
A/swine/Kansas/A02245740/2020|A_/_H3N2|unassigned|2020-10-09|HA|4||EPI_ISL_697739,2010.1
A/swine/Iowa/A02016898/2018|A_/_H3N2|unassigned|2018-06-06|HA|4||EPI_ISL_328394,2010.1
A/swine/Texas/A02862860/2024|A_/_H3N1|unassigned|2024-09-04|HA|4||EPI_ISL_19451750,2010.1
A/swine/Iowa/A01796498/2015|A_/_H3N2|unassigned|2015-11-24|HA|4||EPI_ISL_208989,2010.1
A/swine/Pennsylvania/A02525244/2021|A_/_H3N2|unassigned|2021-03-04|HA|4||EPI_ISL_4082161,1990.4.a
A/swine/Iowa/A02636382/2022|A_/_H3N2|unassigned|2022-01-12|HA|4||EPI_ISL_14775285,2010.1
A/swine/Minnesota/A01781226/2016|A_/_H3N2|unassigned|2016-09-08|HA|4||EPI_ISL_243368,1990.4.b2
A/swine/Pennsylvania/A02751501/2023|A_/_H3N2|3C.2|2023-01-24|HA|4||EPI_ISL_17086453,2010.1
A/swine/Iowa/A02978440/2023|A_/_H3N2|3C.3a|2023-02-28|HA|4||EPI_ISL_17373172,1990.4.a
A/swine/Montana/21/2012|A_/_H3N2|unassigned|2012-09-14|HA|4||EPI_ISL_130359,1990.4
A/swine/Iowa/A02862823/2024|A_/_H3N2|unassigned|2024-08-19|HA|4||EPI_ISL_19418480,1990.4.a
A/swine/Iowa/17TOSU3483/2017|A_/_H3N2|unassigned|2017-06-01|HA|4||EPI_ISL_373624,2010.1
A/swine/Minnesota/A02636090/2021|A_/_H3N2|unassigned|2021-09-01|HA|4||EPI_ISL_6795215,2010.1
A/swine/Iowa/A02862567/2024|A_/_H3N2|unassigned|2024-04-17|HA|4||EPI_ISL_19141096,2010.1
A/swine/Iowa/A01667096/2017|A_/_H3N2|unassigned|2017-03-14|HA|4||EPI_ISL_262585,2010.1
A/swine/Missouri/A02751007/2022|A_/_H3N2|unassigned|2022-10-11|HA|4||EPI_ISL_16854574,2010.1
A/swine/Minnesota/A02858243/2024|A_/_H3N2|unassigned|2024-12-23|HA|4||EPI_ISL_19678842,1990.4.i
A/swine/Iowa/A02479259/2020|A_/_H3N2|unassigned|2020-04-17|HA|4||EPI_ISL_502841,1990.4.a
A/swine/Iowa/A02524794/2020|A_/_H3N2|unassigned|2020-10-22|HA|4||EPI_ISL_4081597,1990.4.a
A/swine/Missouri/A02135876/2017|A_/_H3N2|unassigned|2017-11-02|HA|4||EPI_ISL_296250,2010.1
A/swine/Illinois/101575/2019|A_/_H3|unassigned|2019-12-06|HA|4||EPI_ISL_19278253,2010.1
A/swine/Indiana/A02635878/2021|A_/_H3N2|3C.2a1|2021-05-27|HA|4||EPI_ISL_4084237,2010.2
A/swine/Illinois/A01944946/2015|A_/_H3N2|unassigned|2015-10-29|HA|4||EPI_ISL_205064,1990.4.a
A/swine/Iowa/A01728956/2016|A_/_H3N2|unassigned|2016-01-04|HA|4||EPI_ISL_212207,2010.1
A/swine/Minnesota/A02245133/2019|A_/_H3N2|unassigned|2019-05-15|HA|4||EPI_ISL_368787,2010.1
A/swine/North_Carolina/A02862284/2024|A_/_H3N2|unassigned|2024-02-07|HA|4||EPI_ISL_18988772,2010.1
A/swine/Nebraska/A02751119/2022|A_/_H3N2|3C.2|2022-10-26|HA|4||EPI_ISL_16854586,2010.1
A/swine/Iowa/A02861433/2023|A_/_H3N2|unassigned|2023-04-25|HA|4||EPI_ISL_17805888,2010.1
A/swine/Iowa/A02524660/2020|A_/_H3N2|unassigned|2020-09-24|HA|4||EPI_ISL_697535,1990.4.a
A/swine/Minnesota/A02479268/2020|A_/_H3N2|unassigned|2020-04-23|HA|4||EPI_ISL_502840,2010.1
A/swine/North_Carolina/A02979404/2025|A_/_H3N2|unassigned|2025-02-28|HA|4||EPI_ISL_19878580,2010.1
A/swine/Nebraska/A01785261/2017|A_/_H3N2|unassigned|2017-05-02|HA|4||EPI_ISL_272844,1990.4.a
A/swine/Indiana/15TOSU8822/2015|A_/_H3N2|unassigned|2015-07-24|HA|4||EPI_ISL_243757,1990.4.a
A/swine/Kansas/A01378045/2019|A_/_H3N2|unassigned|2019-10-30|HA|4||EPI_ISL_504964,2010.1
A/swine/Iowa/A02862855/2024|A_/_H3N2|3C.3a|2024-09-03|HA|4||EPI_ISL_19451744,1990.4.a
A/swine/Illinois/A02525253/2021|A_/_H3N2|unassigned|2021-03-12|HA|4||EPI_ISL_4082162,1990.1
A/swine/Arkansas/A01678591/2018|A_/_H3N2|3C.2a1|2018-10-17|HA|4||EPI_ISL_379266,2010.2
A/swine/Kentucky/D0385/2013|A_/_H3N2|unassigned|2013-05-20|HA|4||EPI_ISL_207088,1990.4.a
A/swine/Ohio/13TOSU1238/2013|A_/_H3N2|unassigned|2013-01-01|HA|4||EPI_ISL_16706165,1990.4.a
A/swine/Illinois/A02524521/2020|A_/_H3N2|unassigned|2020-07-29|HA|4||EPI_ISL_707125,2010.1
A/swine/Illinois/A01445725/2013|A_/_H3N2|unassigned|2013-02-20|HA|4||EPI_ISL_141076,1990.4.e
A/swine/Iowa/A02525183/2021|A_/_H3N2|unassigned|2021-02-17|HA|4||EPI_ISL_4082021,2010.1
"Influenza A virus (A/swine/Indiana/22TOSU3178/2022(H3Nx)) segment 4 hemagglutinin (HA) gene, complete cds |Alphainfluenzavirus influenzae|H3Nx|USA|Sus scrofa scrofa|2022-07-31|OQ723179.1",2010.1
A/swine/Iowa/A02861484/2023|A_/_H3N2|3C.2|2023-05-10|HA|4||EPI_ISL_17885913,2010.1
A/swine/Indiana/A01260361/2013|A_/_H3N2|unassigned|2013-08-08|HA|4||EPI_ISL_149658,1990.4.a
A/swine/Texas/00519/2005|A_/_H3N2|unassigned|2005-06-01|HA|4||EPI_ISL_190221,1990.4-like
A/swine/Minnesota/A02479332/2020|A_/_H3N2|unassigned|2020-05-12|HA|4||EPI_ISL_501738,2010.1
A/swine/Minnesota/A01943420/2016|A_/_H3N2|unassigned|2016-05-05|HA|4||EPI_ISL_225557,2010.1
A/swine/North_Carolina/A02478666/2019|A_/_H3N2|unassigned|2019-09-12|HA|4||EPI_ISL_396146,1990.4.a
A/swine/Indiana/24TOSU0759/2024|A_/_H3N2|3C.3a|2024-06-13|HA|4||EPI_ISL_19332099,1990.4.a
"Influenza A virus (A/swine/Minnesota/A01785848/2019(H3N2)) segment 4 hemagglutinin (HA) gene, complete cds |Alphainfluenzavirus influenzae|H3N2|USA: Minnesota|Sus scrofa|2019-01-11|MK506987.1",2010.1
A/swine/Iowa/100927/2019|A_/_H3|3C.3a|2019-08-06|HA|4||EPI_ISL_19278343,1990.4.a
A/swine/Michigan/100502/2018|A_/_H3|3C.2a2|2018-05-30|HA|4||EPI_ISL_19278581,Other-Human-2010-like
A/swine/Indiana/80683/2020|A_/_H3N2|unassigned|2020-10-15|HA|4||EPI_ISL_4081732,2010.2
A/swine/Illinois/A01749223/2015|A_/_H3N2|unassigned|2015-11-06|HA|4||EPI_ISL_206019,1990.4.e
A/swine/Ohio/OH20-1952/2020|A_/_H3N2|3C.3a|2020-01-29|HA|4||EPI_ISL_17373100,1990.4.a
"Influenza A virus (A/swine/Minnesota/A02979317/2024(H3N2)) segment 4 hemagglutinin (HA) gene, complete cds |Alphainfluenzavirus influenzae|H3N2|USA|Sus scrofa|2024-11-05|PQ851399.1",1990.4.i
A/swine/Iowa/A02524851/2020|A_/_H3N2|unassigned|2020-10-30|HA|4||EPI_ISL_4081681,2010.1
"Influenza A virus (A/swine/Iowa/A02524761/2020(H3N2)) segment 4 hemagglutinin (HA) gene, complete cds |Alphainfluenzavirus influenzae|H3N2|USA: Iowa|Sus scrofa|2020-10-19|MW266865.1",1990.4.a
A/swine/Kansas/A02978430/2023|A_/_H3N2|unassigned|2023-02-10|HA|4||EPI_ISL_17373180,2010.1
A/swine/Iowa/A02479421/2020|A_/_H3N2|unassigned|2020-06-06|HA|4||EPI_ISL_499199,1990.4.a
A/swine/Minnesota/A02525130/2021|A_/_H3N2|unassigned|2021-01-29|HA|4||EPI_ISL_4082040,1990.4.a
A/swine/Iowa/13H081/2013|A_/_H3N2|unassigned|2013-08-28|HA|4||EPI_ISL_157607,1990.4.a
A/swine/Minnesota/A02862884/2024|A_/_H3N2|3C.2|2024-09-16|HA|4||EPI_ISL_19501208,2010.1
A/swine/Minnesota/63607-11/2008|A_/_H3|unassigned|2008-01-01|HA|4||EPI_ISL_30306,1990.4
A/swine/Illinois/A01410373/2014|A_/_H3N2|unassigned|2014-03-01|HA|4||EPI_ISL_162041,1990.4.b2
"Influenza A virus (A/swine/Minnesota/A02245671/2020(H3N2)) segment 4 hemagglutinin (HA) gene, complete cds |Alphainfluenzavirus influenzae|H3N2|USA: Minnesota|Sus scrofa|2020-06-12|MT792680.1",1990.4.i
A/swine/Indiana/A02636521/2022|A_/_H3N2|3C.2a1|2022-02-23|HA|4||EPI_ISL_14778348,2010.2
A/swine/Minnesota/A02979175/2024|A_/_H3N2|3C.3a|2024-07-17|HA|4||EPI_ISL_19483728,1990.4.a
A/swine/North_Carolina/A01775461/2016|A_/_H3N2|unassigned|2016-05-13|HA|4||EPI_ISL_226068,1990.4.a
A/swine/Illinois/A02751440/2022|A_/_H3N2|3C.2|2022-12-29|HA|4||EPI_ISL_17184129,2010.1
A/swine/Indiana/A02525012/2020|A_/_H3N2|unassigned|2020-12-23|HA|4||EPI_ISL_4081903,1990.4.a
A/swine/Indiana/9622/2011|A_/_H3N2|unassigned|2011-06-01|HA|4||EPI_ISL_142716,1990.4.a
A/swine/Iowa/A02478494/2019|A_/_H3N2|unassigned|2019-05-16|HA|4||EPI_ISL_368842,1990.4.a
A/swine/Minnesota/A01785400/2017|A_/_H3N2|unassigned|2017-12-27|HA|4||EPI_ISL_295647,2010.1
"Influenza A virus (A/swine/Iowa/A02861253/2023(H3N2)) segment 4 hemagglutinin (HA) gene, complete cds |Alphainfluenzavirus influenzae|H3N2|USA: Iowa|Sus scrofa|2023-03-02|OQ836567.1",1990.4.a
A/swine/Indiana/A01271853/2012|A_/_H3N2|unassigned|2012-11-06|HA|4||EPI_ISL_132981,1990.4.a
A/swine/Ohio/OH20-7443/2020|A_/_H3N2|3C.3a|2020-04-10|HA|4||EPI_ISL_17373135,1990.4.a
A/swine/Minnesota/A01267989/2012|A_/_H3N2|unassigned|2012-10-29|HA|4||EPI_ISL_132340,1990.4.b1
A/swine/Illinois/53612-7/2010|A_/_H3N2|unassigned|2010-06-11|HA|4||EPI_ISL_86220,1990.4
"Influenza A virus (A/swine/Iowa/A02861320/2023(H3N2)) segment 4 hemagglutinin (HA) gene, complete cds |Alphainfluenzavirus influenzae|H3N2|USA: Iowa|Sus scrofa|2023-03-21|OQ859577.1",1990.4.a
A/swine/Iowa/93362/2019|A_/_H3N2|3C.2a1|2019-12-10|HA|4||EPI_ISL_4081727,2010.2
A/swine/Iowa/A01432077/2012|A_/_H3N2|unassigned|2012-10-01|HA|4||EPI_ISL_132333,1990.4.b1
A/swine/Iowa/A02862933/2024|A_/_H3N2|unassigned|2024-09-27|HA|4||EPI_ISL_19521811,2010.1
A/swine/Iowa/A01202889/2011|A_/_H3N2|unassigned|2011-11-18|HA|4||EPI_ISL_124320,1990.4.d
A/swine/Minnesota/A02525223/2021|A_/_H3N2|unassigned|2021-02-26|HA|4||EPI_ISL_4082077,2010.1
A/swine/Iowa/A01785379/2017|A_/_H3N2|unassigned|2017-12-06|HA|4||EPI_ISL_297144,2010.1
A/swine/Utah/A02142228/2018|A_/_H3N2|unassigned|2018-01-29|HA|4||EPI_ISL_301930,2010.1
A/swine/Nebraska/I015761/2024|A_/_H3N2|unassigned|2024-02-13|HA|4||EPI_ISL_19268400,1990.4.i
A/swine/North_Carolina/A02245398/2020|A_/_H3N2|unassigned|2020-01-09|HA|4||EPI_ISL_503477,2010.1
A/swine/Minnesota/A01490759/2013|A_/_H3N2|unassigned|2013-12-26|HA|4||EPI_ISL_155774,1990.4.a
A/swine/Minnesota/A02245106/2019|A_/_H3N2|unassigned|2019-04-16|HA|4||EPI_ISL_366147,2010.1
A/swine/Nebraska/I069001/2024|A_/_H3N1|unassigned|2024-07-02|HA|4||EPI_ISL_19501205,1990.4.i
A/swine/Minnesota/A02978829/2024|A_/_H3N2|unassigned|2024-03-12|HA|4||EPI_ISL_19159722,2010.1
A/swine/North_Carolina/A01895828/2016|A_/_H3N2|unassigned|2016-04-14|HA|4||EPI_ISL_225508,1990.4.a
A/swine/Minnesota/A02525121/2021|A_/_H3N2|unassigned|2021-01-28|HA|4||EPI_ISL_4081987,1990.4.a
A/swine/North_Carolina/A02862955/2024|A_/_H3N2|3C.2|2024-10-11|HA|4||EPI_ISL_19548161,2010.1
A/swine/Nebraska/101916/2014|A_/_H3|3C.3a|2014-10-21|HA|4||EPI_ISL_19279262,1990.4.a
A/swine/Indiana/13TOSU1128/2013|A_/_H3N2|unassigned|2013-07-25|HA|4||EPI_ISL_150111,1990.4.a
A/swine/Iowa/A02158757/2018|A_/_H3N2|unassigned|2018-05-21|HA|4||EPI_ISL_328638,2010.1
A/swine/Illinois/100127/2015|A_/_H3|3C.3a|2015-06-15|HA|4||EPI_ISL_19279197,1990.4.b2
A/swine/Ohio/A01203186/2012|A_/_H3N2|unassigned|2012-01-24|HA|4||EPI_ISL_124294,1990.4.a
A/swine/Minnesota/A01366050/2013|A_/_H3N2|unassigned|2013-11-27|HA|4||EPI_ISL_154324,1990.4.a
A/swine/Indiana/29545/2020|A_/_H3N2|3C.2a1|2020-04-13|HA|4||EPI_ISL_4081728,2010.2
