"sequence_name","clade","name_cleaned","location","date"
"A/swine/Indiana/A0109091/2010|A_/_H3N2|unassigned|2010-11-18|HA|4|EPI_ISL_90122","1990.4.a","A/swine/Indiana/A0109091/2010|A_/_H3N2|1990.4.a|2010-11-18|HA|4|EPI_ISL_90122","Indiana","2010-11-18"
"A/swine/Indiana/9622/2011|A_/_H3N2|unassigned|2011-06-01|HA|4|EPI_ISL_142716","1990.4.a","A/swine/Indiana/9622/2011|A_/_H3N2|1990.4.a|2011-06-01|HA|4|EPI_ISL_142716","Indiana","2011-06-01"
"A/swine/Ohio/11TOSU559/2011|A_/_H3N2|unassigned|2011-10-28|HA|4|EPI_ISL_245790","1990.4.a","A/swine/Ohio/11TOSU559/2011|A_/_H3N2|1990.4.a|2011-10-28|HA|4|EPI_ISL_245790","Ohio","2011-10-28"
"A/swine/North_Carolina/A01203272/2012|A_/_H3N2|unassigned|2012-02-13|HA|4|EPI_ISL_127896","unassigned","A/swine/North Carolina/A01203272/2012|A_/_H3N2|unassigned|2012-02-13|HA|4|EPI_ISL_127896","North Carolina","2012-02-13"
"A/swine/North_Carolina/A01270394/2012|A_/_H3N2|unassigned|2012-05-31|HA|4|EPI_ISL_129915","unassigned","A/swine/North Carolina/A01270394/2012|A_/_H3N2|unassigned|2012-05-31|HA|4|EPI_ISL_129915","North Carolina","2012-05-31"
"A/swine/NY/A01104005/2011|A_/_H3N2|unassigned|2011-09-13|HA|4|EPI_ISL_99174","1990.4.a","A/swine/New York/A01104005/2011|A_/_H3N2|1990.4.a|2011-09-13|HA|4|EPI_ISL_99174","New York","2011-09-13"
"A/swine/Ohio/A01203186/2012|A_/_H3N2|unassigned|2012-01-24|HA|4|EPI_ISL_124294","1990.4.a","A/swine/Ohio/A01203186/2012|A_/_H3N2|1990.4.a|2012-01-24|HA|4|EPI_ISL_124294","Ohio","2012-01-24"
"A/swine/Illinois/A00857304b/2012|A_/_H3N2|unassigned|2012-01-05|HA|4|EPI_ISL_117563","1990.4.a","A/swine/Illinois/A00857304b/2012|A_/_H3N2|1990.4.a|2012-01-05|HA|4|EPI_ISL_117563","Illinois","2012-01-05"
"A/swine/Illinois/A00857304a/2012|A_/_H3N2|unassigned|2012-01-05|HA|4|EPI_ISL_117562","unassigned","A/swine/Illinois/A00857304a/2012|A_/_H3N2|unassigned|2012-01-05|HA|4|EPI_ISL_117562","Illinois","2012-01-05"
"A/swine/Iowa/A01202640/2011|A_/_H3N2|unassigned|2011-09-30|HA|4|EPI_ISL_102523","1990.4.a","A/swine/Iowa/A01202640/2011|A_/_H3N2|1990.4.a|2011-09-30|HA|4|EPI_ISL_102523","Iowa","2011-09-30"
"A/swine/Iowa/A01202530/2011|A_/_H3N2|unassigned|2011-08-22|HA|4|EPI_ISL_124247","1990.4.a","A/swine/Iowa/A01202530/2011|A_/_H3N2|1990.4.a|2011-08-22|HA|4|EPI_ISL_124247","Iowa","2011-08-22"
"A/swine/Iowa/A01202529/2011|A_/_H3N2|unassigned|2011-08-22|HA|4|EPI_ISL_124313","unassigned","A/swine/Iowa/A01202529/2011|A_/_H3N2|unassigned|2011-08-22|HA|4|EPI_ISL_124313","Iowa","2011-08-22"
"A/swine/Iowa/A01202573/2011|A_/_H3N2|unassigned|2011-09-07|HA|4|EPI_ISL_124314","unassigned","A/swine/Iowa/A01202573/2011|A_/_H3N2|unassigned|2011-09-07|HA|4|EPI_ISL_124314","Iowa","2011-09-07"
"A/swine/Illinois/A00857131/2011|A_/_H3N2||2011-09-24|HA|4|EPI_ISL_121898.1","unassigned","A/swine/Illinois/A00857131/2011|A_/_H3N2||2011-09-24|HA|4|EPI_ISL_121898.1","Illinois","2011-09-24"
"A/swine/Iowa/A01202659/2011|A_/_H3N2|unassigned|2011-10-06|HA|4|EPI_ISL_102531","1990.4.a","A/swine/Iowa/A01202659/2011|A_/_H3N2|1990.4.a|2011-10-06|HA|4|EPI_ISL_102531","Iowa","2011-10-06"
"A/swine/Iowa/A01202878/2011|A_/_H3N2|unassigned|2011-11-17|HA|4|EPI_ISL_127868","1990.4.a","A/swine/Iowa/A01202878/2011|A_/_H3N2|1990.4.a|2011-11-17|HA|4|EPI_ISL_127868","Iowa","2011-11-17"
"A/swine/Iowa/A01202879/2011|A_/_H3N2|unassigned|2011-11-17|HA|4|EPI_ISL_124319","unassigned","A/swine/Iowa/A01202879/2011|A_/_H3N2|unassigned|2011-11-17|HA|4|EPI_ISL_124319","Iowa","2011-11-17"
"A/swine/Iowa/A01202639/2011|A_/_H3N2|unassigned|2011-09-30|HA|4|EPI_ISL_124312","1990.4.a","A/swine/Iowa/A01202639/2011|A_/_H3N2|1990.4.a|2011-09-30|HA|4|EPI_ISL_124312","Iowa","2011-09-30"
"A/swine/Texas/A01104013/2012|A_/_H3N2|unassigned|2012-02-15|HA|4|EPI_ISL_124250","1990.4.a","A/swine/Texas/A01104013/2012|A_/_H3N2|1990.4.a|2012-02-15|HA|4|EPI_ISL_124250","Texas","2012-02-15"
"A/swine/Illinois/A01202978/2011|A_/_H3N2|unassigned|2011-12-16|HA|4|EPI_ISL_127583","1990.4.a","A/swine/Illinois/A01202978/2011|A_/_H3N2|1990.4.a|2011-12-16|HA|4|EPI_ISL_127583","Illinois","2011-12-16"
"A/swine/Illinois/A01240891/2012|A_/_H3N2|unassigned|2012-01-05|HA|4|EPI_ISL_130024","1990.4.a","A/swine/Illinois/A01240891/2012|A_/_H3N2|1990.4.a|2012-01-05|HA|4|EPI_ISL_130024","Illinois","2012-01-05"
"A/swine/Illinois/A01240835/2012|A_/_H3N2|unassigned|2012-01-03|HA|4|EPI_ISL_130031","unassigned","A/swine/Illinois/A01240835/2012|A_/_H3N2|unassigned|2012-01-03|HA|4|EPI_ISL_130031","Illinois","2012-01-03"
"A/swine/Illinois/A01240836/2012|A_/_H3N2|unassigned|2012-01-03|HA|4|EPI_ISL_130098","unassigned","A/swine/Illinois/A01240836/2012|A_/_H3N2|unassigned|2012-01-03|HA|4|EPI_ISL_130098","Illinois","2012-01-03"
"A/swine/Illinois/A01241469/2012|A_/_H3N2|unassigned|2012-02-08|HA|4|EPI_ISL_124295","1990.4.a","A/swine/Illinois/A01241469/2012|A_/_H3N2|1990.4.a|2012-02-08|HA|4|EPI_ISL_124295","Illinois","2012-02-08"
"A/swine/Illinois/A01241842/2012|A_/_H3N2|unassigned|2012-02-27|HA|4|EPI_ISL_124323","1990.4.a","A/swine/Illinois/A01241842/2012|A_/_H3N2|1990.4.a|2012-02-27|HA|4|EPI_ISL_124323","Illinois","2012-02-27"
"A/swine/Indiana/A01327215/2012|A_/_H3N2|unassigned|2012-02-06|HA|4|EPI_ISL_130025","1990.4.a","A/swine/Indiana/A01327215/2012|A_/_H3N2|1990.4.a|2012-02-06|HA|4|EPI_ISL_130025","Indiana","2012-02-06"
"A/swine/Indiana/A01327213/2012|A_/_H3N2|unassigned|2012-02-06|HA|4|EPI_ISL_130050","unassigned","A/swine/Indiana/A01327213/2012|A_/_H3N2|unassigned|2012-02-06|HA|4|EPI_ISL_130050","Indiana","2012-02-06"
"A/swine/Illinois/A01241840/2012|A_/_H3N2|unassigned|2012-02-27|HA|4|EPI_ISL_130094","unassigned","A/swine/Illinois/A01241840/2012|A_/_H3N2|unassigned|2012-02-27|HA|4|EPI_ISL_130094","Illinois","2012-02-27"
"A/swine/North_Carolina/A01049436/2011|A_/_H3N2|unassigned|2011-01-19|HA|4|EPI_ISL_93364","1990.4.a","A/swine/North Carolina/A01049436/2011|A_/_H3N2|1990.4.a|2011-01-19|HA|4|EPI_ISL_93364","North Carolina","2011-01-19"
"A/swine/Illinois/A00857318a/2012|A_/_H3N2|unassigned|2012-02-23|HA|4|EPI_ISL_127928","1990.4.a","A/swine/Illinois/A00857318a/2012|A_/_H3N2|1990.4.a|2012-02-23|HA|4|EPI_ISL_127928","Illinois","2012-02-23"
"A/swine/Indiana/A01049744/2011|A_/_H3N2|unassigned|2011-03-23|HA|4|EPI_ISL_97119","1990.4.a","A/swine/Indiana/A01049744/2011|A_/_H3N2|1990.4.a|2011-03-23|HA|4|EPI_ISL_97119","Indiana","2011-03-23"
"A/swine/Indiana/A01049745/2011|A_/_H3N2|unassigned|2011-03-23|HA|4|EPI_ISL_97118","1990.4.a","A/swine/Indiana/A01049745/2011|A_/_H3N2|1990.4.a|2011-03-23|HA|4|EPI_ISL_97118","Indiana","2011-03-23"
"A/swine/Indiana/A00968321/2010|A_/_H3N2|unassigned|2010-10-18|HA|4|EPI_ISL_102546","1990.4.a","A/swine/Indiana/A00968321/2010|A_/_H3N2|1990.4.a|2010-10-18|HA|4|EPI_ISL_102546","Indiana","2010-10-18"
"A/swine/Illinois/A01076719/2010|A_/_H3N2|unassigned|2010-11-01|HA|4|EPI_ISL_103957","unassigned","A/swine/Illinois/A01076719/2010|A_/_H3N2|unassigned|2010-11-01|HA|4|EPI_ISL_103957","Illinois","2010-11-01"
"A/swine/Indiana/A00968322/2010|A_/_H3N2|unassigned|2010-10-18|HA|4|EPI_ISL_102557","1990.4.a","A/swine/Indiana/A00968322/2010|A_/_H3N2|1990.4.a|2010-10-18|HA|4|EPI_ISL_102557","Indiana","2010-10-18"
"A/swine/Ohio/10SW128/2010|A_/_H3N2|unassigned|2010-08-12|HA|4|EPI_ISL_133837","1990.4.a","A/swine/Ohio/10SW128/2010|A_/_H3N2|1990.4.a|2010-08-12|HA|4|EPI_ISL_133837","Ohio","2010-08-12"
"A/swine/Ohio/10SW156/2010|A_/_H3N2|unassigned|2010-08-19|HA|4|EPI_ISL_133846","unassigned","A/swine/Ohio/10SW156/2010|A_/_H3N2|unassigned|2010-08-19|HA|4|EPI_ISL_133846","Ohio","2010-08-19"
"A/swine/Ohio/10SW137/2010|A_/_H3N2|unassigned|2010-08-12|HA|4|EPI_ISL_133844","unassigned","A/swine/Ohio/10SW137/2010|A_/_H3N2|unassigned|2010-08-12|HA|4|EPI_ISL_133844","Ohio","2010-08-12"
"A/swine/Ohio/10SW218/2010|A_/_H3N2|unassigned|2010-08-24|HA|4|EPI_ISL_133861","unassigned","A/swine/Ohio/10SW218/2010|A_/_H3N2|unassigned|2010-08-24|HA|4|EPI_ISL_133861","Ohio","2010-08-24"
"A/swine/Ohio/10SW215/2010|A_/_H3N2|unassigned|2010-06-01|HA|4|EPI_ISL_142725","unassigned","A/swine/Ohio/10SW215/2010|A_/_H3N2|unassigned|2010-06-01|HA|4|EPI_ISL_142725","Ohio","2010-06-01"
"A/swine/Ohio/10SW135/2010|A_/_H3N2|unassigned|2010-08-12|HA|4|EPI_ISL_133842","1990.4.a","A/swine/Ohio/10SW135/2010|A_/_H3N2|1990.4.a|2010-08-12|HA|4|EPI_ISL_133842","Ohio","2010-08-12"
"A/swine/Ohio/10SW134/2010|A_/_H3N2|unassigned|2010-08-12|HA|4|EPI_ISL_133841","1990.4.a","A/swine/Ohio/10SW134/2010|A_/_H3N2|1990.4.a|2010-08-12|HA|4|EPI_ISL_133841","Ohio","2010-08-12"
"A/swine/Ohio/10SW130/2010|A_/_H3N2|unassigned|2010-06-01|HA|4|EPI_ISL_142726","1990.4.a","A/swine/Ohio/10SW130/2010|A_/_H3N2|1990.4.a|2010-06-01|HA|4|EPI_ISL_142726","Ohio","2010-06-01"
"A/swine/Ohio/10SW126/2010|A_/_H3N2|unassigned|2010-08-12|HA|4|EPI_ISL_133835","1990.4.a","A/swine/Ohio/10SW126/2010|A_/_H3N2|1990.4.a|2010-08-12|HA|4|EPI_ISL_133835","Ohio","2010-08-12"
"A/swine/Minnesota/A01134337/2010|A_/_H3N2|unassigned|2010-11-17|HA|4|EPI_ISL_116233","1990.4.a","A/swine/Minnesota/A01134337/2010|A_/_H3N2|1990.4.a|2010-11-17|HA|4|EPI_ISL_116233","Minnesota","2010-11-17"
"A/swine/Indiana/A01049653/2011|A_/_H3N2|unassigned|2011-03-08|HA|4|EPI_ISL_97080","1990.4.a","A/swine/Indiana/A01049653/2011|A_/_H3N2|1990.4.a|2011-03-08|HA|4|EPI_ISL_97080","Indiana","2011-03-08"
"A/swine/Minnesota/A01076999/2010|A_/_H3N2|unassigned|2010-09-22|HA|4|EPI_ISL_116395","unassigned","A/swine/Minnesota/A01076999/2010|A_/_H3N2|unassigned|2010-09-22|HA|4|EPI_ISL_116395","Minnesota","2010-09-22"
"A/swine/Ohio/10SW125/2010|A_/_H3N2|unassigned|2010-08-12|HA|4|EPI_ISL_133834","unassigned","A/swine/Ohio/10SW125/2010|A_/_H3N2|unassigned|2010-08-12|HA|4|EPI_ISL_133834","Ohio","2010-08-12"
"A/swine/Ohio/10SW121/2010|A_/_H3N2|unassigned|2010-08-12|HA|4|EPI_ISL_133832","unassigned","A/swine/Ohio/10SW121/2010|A_/_H3N2|unassigned|2010-08-12|HA|4|EPI_ISL_133832","Ohio","2010-08-12"
"A/swine/Ohio/10SW131/2010|A_/_H3N2|unassigned|2010-08-12|HA|4|EPI_ISL_133838","unassigned","A/swine/Ohio/10SW131/2010|A_/_H3N2|unassigned|2010-08-12|HA|4|EPI_ISL_133838","Ohio","2010-08-12"
"A/swine/Ohio/10SW132/2010|A_/_H3N2|unassigned|2010-08-12|HA|4|EPI_ISL_133839","unassigned","A/swine/Ohio/10SW132/2010|A_/_H3N2|unassigned|2010-08-12|HA|4|EPI_ISL_133839","Ohio","2010-08-12"
"A/swine/Ohio/10SW136/2010|A_/_H3N2|unassigned|2010-08-12|HA|4|EPI_ISL_133843","unassigned","A/swine/Ohio/10SW136/2010|A_/_H3N2|unassigned|2010-08-12|HA|4|EPI_ISL_133843","Ohio","2010-08-12"
"A/swine/Ohio/10SW202/2010|A_/_H3N2|unassigned|2010-08-24|HA|4|EPI_ISL_133847","unassigned","A/swine/Ohio/10SW202/2010|A_/_H3N2|unassigned|2010-08-24|HA|4|EPI_ISL_133847","Ohio","2010-08-24"
"A/swine/Ohio/10SW139/2010|A_/_H3N2|unassigned|2010-08-12|HA|4|EPI_ISL_133845","unassigned","A/swine/Ohio/10SW139/2010|A_/_H3N2|unassigned|2010-08-12|HA|4|EPI_ISL_133845","Ohio","2010-08-12"
"A/swine/Ohio/10SW205/2010|A_/_H3N2|unassigned|2010-08-24|HA|4|EPI_ISL_133850","unassigned","A/swine/Ohio/10SW205/2010|A_/_H3N2|unassigned|2010-08-24|HA|4|EPI_ISL_133850","Ohio","2010-08-24"
"A/swine/Ohio/10SW206/2010|A_/_H3N2|unassigned|2010-08-24|HA|4|EPI_ISL_133851","unassigned","A/swine/Ohio/10SW206/2010|A_/_H3N2|unassigned|2010-08-24|HA|4|EPI_ISL_133851","Ohio","2010-08-24"
"A/swine/Ohio/10SW203/2010|A_/_H3N2|unassigned|2010-08-24|HA|4|EPI_ISL_133848","unassigned","A/swine/Ohio/10SW203/2010|A_/_H3N2|unassigned|2010-08-24|HA|4|EPI_ISL_133848","Ohio","2010-08-24"
"A/swine/Ohio/10SW209/2010|A_/_H3N2|unassigned|2010-08-24|HA|4|EPI_ISL_133854","unassigned","A/swine/Ohio/10SW209/2010|A_/_H3N2|unassigned|2010-08-24|HA|4|EPI_ISL_133854","Ohio","2010-08-24"
"A/swine/Ohio/10SW210/2010|A_/_H3N2|unassigned|2010-08-24|HA|4|EPI_ISL_133855","unassigned","A/swine/Ohio/10SW210/2010|A_/_H3N2|unassigned|2010-08-24|HA|4|EPI_ISL_133855","Ohio","2010-08-24"
"A/swine/Ohio/10SW207/2010|A_/_H3N2|unassigned|2010-08-24|HA|4|EPI_ISL_133852","unassigned","A/swine/Ohio/10SW207/2010|A_/_H3N2|unassigned|2010-08-24|HA|4|EPI_ISL_133852","Ohio","2010-08-24"
"A/swine/Ohio/10SW208/2010|A_/_H3N2|unassigned|2010-08-24|HA|4|EPI_ISL_133853","unassigned","A/swine/Ohio/10SW208/2010|A_/_H3N2|unassigned|2010-08-24|HA|4|EPI_ISL_133853","Ohio","2010-08-24"
"A/swine/Ohio/10SW213/2010|A_/_H3N2|unassigned|2010-08-24|HA|4|EPI_ISL_133858","unassigned","A/swine/Ohio/10SW213/2010|A_/_H3N2|unassigned|2010-08-24|HA|4|EPI_ISL_133858","Ohio","2010-08-24"
"A/swine/Ohio/10SW214/2010|A_/_H3N2|unassigned|2010-08-24|HA|4|EPI_ISL_133859","unassigned","A/swine/Ohio/10SW214/2010|A_/_H3N2|unassigned|2010-08-24|HA|4|EPI_ISL_133859","Ohio","2010-08-24"
"A/swine/Ohio/10SW211/2010|A_/_H3N2|unassigned|2010-08-24|HA|4|EPI_ISL_133856","unassigned","A/swine/Ohio/10SW211/2010|A_/_H3N2|unassigned|2010-08-24|HA|4|EPI_ISL_133856","Ohio","2010-08-24"
"A/swine/Ohio/10SW212/2010|A_/_H3N2|unassigned|2010-08-24|HA|4|EPI_ISL_133857","unassigned","A/swine/Ohio/10SW212/2010|A_/_H3N2|unassigned|2010-08-24|HA|4|EPI_ISL_133857","Ohio","2010-08-24"
"A/swine/Ohio/10SW219/2010|A_/_H3N2|unassigned|2010-08-24|HA|4|EPI_ISL_133862","unassigned","A/swine/Ohio/10SW219/2010|A_/_H3N2|unassigned|2010-08-24|HA|4|EPI_ISL_133862","Ohio","2010-08-24"
"A/swine/Ohio/10SW220/2010|A_/_H3N2|unassigned|2010-08-24|HA|4|EPI_ISL_133863","unassigned","A/swine/Ohio/10SW220/2010|A_/_H3N2|unassigned|2010-08-24|HA|4|EPI_ISL_133863","Ohio","2010-08-24"
"A/swine/Ohio/10SW216/2010|A_/_H3N2|unassigned|2010-08-24|HA|4|EPI_ISL_133860","unassigned","A/swine/Ohio/10SW216/2010|A_/_H3N2|unassigned|2010-08-24|HA|4|EPI_ISL_133860","Ohio","2010-08-24"
"A/swine/Ohio/10SW122/2010|A_/_H3N2|unassigned|2010-08-12|HA|4|EPI_ISL_133833","1990.4.a","A/swine/Ohio/10SW122/2010|A_/_H3N2|1990.4.a|2010-08-12|HA|4|EPI_ISL_133833","Ohio","2010-08-12"
"A/swine/Ohio/10SW127/2010|A_/_H3N2|unassigned|2010-08-12|HA|4|EPI_ISL_133836","1990.4.a","A/swine/Ohio/10SW127/2010|A_/_H3N2|1990.4.a|2010-08-12|HA|4|EPI_ISL_133836","Ohio","2010-08-12"
"A/swine/Ohio/10SW133/2010|A_/_H3N2|unassigned|2010-08-12|HA|4|EPI_ISL_133840","1990.4.a","A/swine/Ohio/10SW133/2010|A_/_H3N2|1990.4.a|2010-08-12|HA|4|EPI_ISL_133840","Ohio","2010-08-12"
"A/swine/Ohio/10SW204/2010|A_/_H3N2|unassigned|2010-08-24|HA|4|EPI_ISL_133849","1990.4.a","A/swine/Ohio/10SW204/2010|A_/_H3N2|1990.4.a|2010-08-24|HA|4|EPI_ISL_133849","Ohio","2010-08-24"
"A/swine/Ohio/11SW109/2011|A_/_H3N2|unassigned|2011-08-05|HA|4|EPI_ISL_133866","1990.4.a","A/swine/Ohio/11SW109/2011|A_/_H3N2|1990.4.a|2011-08-05|HA|4|EPI_ISL_133866","Ohio","2011-08-05"
"A/swine/Ohio/11SW112/2011|A_/_H3N2|unassigned|2011-08-05|HA|4|EPI_ISL_133867","1990.4.a","A/swine/Ohio/11SW112/2011|A_/_H3N2|1990.4.a|2011-08-05|HA|4|EPI_ISL_133867","Ohio","2011-08-05"
"A/swine/Ohio/11SW103/2011|A_/_H3N2|unassigned|2011-08-05|HA|4|EPI_ISL_133864","unassigned","A/swine/Ohio/11SW103/2011|A_/_H3N2|unassigned|2011-08-05|HA|4|EPI_ISL_133864","Ohio","2011-08-05"
"A/swine/Ohio/11SW113/2011|A_/_H3N2|unassigned|2011-08-05|HA|4|EPI_ISL_133868","unassigned","A/swine/Ohio/11SW113/2011|A_/_H3N2|unassigned|2011-08-05|HA|4|EPI_ISL_133868","Ohio","2011-08-05"
"A/swine/Ohio/11SW96/2011|A_/_H3N2|unassigned|2011-08-05|HA|4|EPI_ISL_133877","unassigned","A/swine/Ohio/11SW96/2011|A_/_H3N2|unassigned|2011-08-05|HA|4|EPI_ISL_133877","Ohio","2011-08-05"
"A/swine/Ohio/11SW163/2011|A_/_H3N2|unassigned|2011-08-08|HA|4|EPI_ISL_133899","unassigned","A/swine/Ohio/11SW163/2011|A_/_H3N2|unassigned|2011-08-08|HA|4|EPI_ISL_133899","Ohio","2011-08-08"
"A/swine/Ohio/11SW175/2011|A_/_H3N2|unassigned|2011-08-08|HA|4|EPI_ISL_133908","unassigned","A/swine/Ohio/11SW175/2011|A_/_H3N2|unassigned|2011-08-08|HA|4|EPI_ISL_133908","Ohio","2011-08-08"
"A/swine/Ohio/11SW208/2011|A_/_H3N2|unassigned|2011-06-01|HA|4|EPI_ISL_142723","unassigned","A/swine/Ohio/11SW208/2011|A_/_H3N2|unassigned|2011-06-01|HA|4|EPI_ISL_142723","Ohio","2011-06-01"
"A/swine/Ohio/11SW108/2011|A_/_H3N2|unassigned|2011-08-05|HA|4|EPI_ISL_133865","1990.4.a","A/swine/Ohio/11SW108/2011|A_/_H3N2|1990.4.a|2011-08-05|HA|4|EPI_ISL_133865","Ohio","2011-08-05"
"A/swine/Ohio/11SW173/2011|A_/_H3N2|unassigned|2011-08-08|HA|4|EPI_ISL_133906","unassigned","A/swine/Ohio/11SW173/2011|A_/_H3N2|unassigned|2011-08-08|HA|4|EPI_ISL_133906","Ohio","2011-08-08"
"A/swine/Ohio/11SW196/2011|A_/_H3N2|unassigned|2011-08-08|HA|4|EPI_ISL_133921","unassigned","A/swine/Ohio/11SW196/2011|A_/_H3N2|unassigned|2011-08-08|HA|4|EPI_ISL_133921","Ohio","2011-08-08"
"A/swine/Ohio/11SW95/2011|A_/_H3N2|unassigned|2011-08-05|HA|4|EPI_ISL_133876","1990.4.a","A/swine/Ohio/11SW95/2011|A_/_H3N2|1990.4.a|2011-08-05|HA|4|EPI_ISL_133876","Ohio","2011-08-05"
"A/swine/Ohio/11SW172/2011|A_/_H3N2|unassigned|2011-08-08|HA|4|EPI_ISL_133905","1990.4.a","A/swine/Ohio/11SW172/2011|A_/_H3N2|1990.4.a|2011-08-08|HA|4|EPI_ISL_133905","Ohio","2011-08-08"
"A/swine/Ohio/11SW115/2011|A_/_H3N2|unassigned|2011-08-05|HA|4|EPI_ISL_133870","unassigned","A/swine/Ohio/11SW115/2011|A_/_H3N2|unassigned|2011-08-05|HA|4|EPI_ISL_133870","Ohio","2011-08-05"
"A/swine/Ohio/11SW118/2011|A_/_H3N2|unassigned|2011-08-05|HA|4|EPI_ISL_133871","unassigned","A/swine/Ohio/11SW118/2011|A_/_H3N2|unassigned|2011-08-05|HA|4|EPI_ISL_133871","Ohio","2011-08-05"
"A/swine/Ohio/11SW114/2011|A_/_H3N2|unassigned|2011-08-05|HA|4|EPI_ISL_133869","unassigned","A/swine/Ohio/11SW114/2011|A_/_H3N2|unassigned|2011-08-05|HA|4|EPI_ISL_133869","Ohio","2011-08-05"
"A/swine/Ohio/11SW94/2011|A_/_H3N2|unassigned|2011-08-05|HA|4|EPI_ISL_133875","unassigned","A/swine/Ohio/11SW94/2011|A_/_H3N2|unassigned|2011-08-05|HA|4|EPI_ISL_133875","Ohio","2011-08-05"
"A/swine/Ohio/11SW161/2011|A_/_H3N2|unassigned|2011-08-08|HA|4|EPI_ISL_133898","unassigned","A/swine/Ohio/11SW161/2011|A_/_H3N2|unassigned|2011-08-08|HA|4|EPI_ISL_133898","Ohio","2011-08-08"
"A/swine/Ohio/11SW169/2011|A_/_H3N2|unassigned|2011-08-08|HA|4|EPI_ISL_133902","unassigned","A/swine/Ohio/11SW169/2011|A_/_H3N2|unassigned|2011-08-08|HA|4|EPI_ISL_133902","Ohio","2011-08-08"
"A/swine/Ohio/11SW170/2011|A_/_H3N2|unassigned|2011-08-08|HA|4|EPI_ISL_133903","unassigned","A/swine/Ohio/11SW170/2011|A_/_H3N2|unassigned|2011-08-08|HA|4|EPI_ISL_133903","Ohio","2011-08-08"
"A/swine/Ohio/11SW179/2011|A_/_H3N2|unassigned|2011-08-08|HA|4|EPI_ISL_133910","unassigned","A/swine/Ohio/11SW179/2011|A_/_H3N2|unassigned|2011-08-08|HA|4|EPI_ISL_133910","Ohio","2011-08-08"
"A/swine/Ohio/11SW180/2011|A_/_H3N2|unassigned|2011-08-08|HA|4|EPI_ISL_133911","unassigned","A/swine/Ohio/11SW180/2011|A_/_H3N2|unassigned|2011-08-08|HA|4|EPI_ISL_133911","Ohio","2011-08-08"
"A/swine/Ohio/11SW185/2011|A_/_H3N2|unassigned|2011-08-08|HA|4|EPI_ISL_133914","unassigned","A/swine/Ohio/11SW185/2011|A_/_H3N2|unassigned|2011-08-08|HA|4|EPI_ISL_133914","Ohio","2011-08-08"
"A/swine/Ohio/11SW186/2011|A_/_H3N2|unassigned|2011-08-08|HA|4|EPI_ISL_133915","unassigned","A/swine/Ohio/11SW186/2011|A_/_H3N2|unassigned|2011-08-08|HA|4|EPI_ISL_133915","Ohio","2011-08-08"
"A/swine/Ohio/11SW183/2011|A_/_H3N2|unassigned|2011-08-08|HA|4|EPI_ISL_133912","unassigned","A/swine/Ohio/11SW183/2011|A_/_H3N2|unassigned|2011-08-08|HA|4|EPI_ISL_133912","Ohio","2011-08-08"
"A/swine/Ohio/11SW191/2011|A_/_H3N2|unassigned|2011-08-08|HA|4|EPI_ISL_133918","unassigned","A/swine/Ohio/11SW191/2011|A_/_H3N2|unassigned|2011-08-08|HA|4|EPI_ISL_133918","Ohio","2011-08-08"
"A/swine/Ohio/11SW187/2011|A_/_H3N2|unassigned|2011-08-08|HA|4|EPI_ISL_133916","unassigned","A/swine/Ohio/11SW187/2011|A_/_H3N2|unassigned|2011-08-08|HA|4|EPI_ISL_133916","Ohio","2011-08-08"
"A/swine/Ohio/11SW197/2011|A_/_H3N2|unassigned|2011-08-08|HA|4|EPI_ISL_133922","unassigned","A/swine/Ohio/11SW197/2011|A_/_H3N2|unassigned|2011-08-08|HA|4|EPI_ISL_133922","Ohio","2011-08-08"
"A/swine/Ohio/11SW211/2011|A_/_H3N2|unassigned|2011-08-12|HA|4|EPI_ISL_133933","unassigned","A/swine/Ohio/11SW211/2011|A_/_H3N2|unassigned|2011-08-12|HA|4|EPI_ISL_133933","Ohio","2011-08-12"
"A/swine/Ohio/11SW347/2011|A_/_H3N2|unassigned|2011-08-19|HA|4|EPI_ISL_133955","unassigned","A/swine/Ohio/11SW347/2011|A_/_H3N2|unassigned|2011-08-19|HA|4|EPI_ISL_133955","Ohio","2011-08-19"
"A/swine/Ohio/11SW111/2011|A_/_H3N2|unassigned|2011-06-01|HA|4|EPI_ISL_142724","unassigned","A/swine/Ohio/11SW111/2011|A_/_H3N2|unassigned|2011-06-01|HA|4|EPI_ISL_142724","Ohio","2011-06-01"
"A/swine/Ohio/11SW93/2011|A_/_H3N2|unassigned|2011-08-05|HA|4|EPI_ISL_133874","1990.4.a","A/swine/Ohio/11SW93/2011|A_/_H3N2|1990.4.a|2011-08-05|HA|4|EPI_ISL_133874","Ohio","2011-08-05"
"A/swine/Ohio/11SW119/2011|A_/_H3N2|unassigned|2011-08-05|HA|4|EPI_ISL_133872","unassigned","A/swine/Ohio/11SW119/2011|A_/_H3N2|unassigned|2011-08-05|HA|4|EPI_ISL_133872","Ohio","2011-08-05"
"A/swine/Ohio/11SW97/2011|A_/_H3N2|unassigned|2011-08-05|HA|4|EPI_ISL_133878","unassigned","A/swine/Ohio/11SW97/2011|A_/_H3N2|unassigned|2011-08-05|HA|4|EPI_ISL_133878","Ohio","2011-08-05"
"A/swine/Ohio/11SW98/2011|A_/_H3N2|unassigned|2011-08-05|HA|4|EPI_ISL_133879","unassigned","A/swine/Ohio/11SW98/2011|A_/_H3N2|unassigned|2011-08-05|HA|4|EPI_ISL_133879","Ohio","2011-08-05"
"A/swine/Ohio/11SW166/2011|A_/_H3N2|unassigned|2011-08-08|HA|4|EPI_ISL_133900","unassigned","A/swine/Ohio/11SW166/2011|A_/_H3N2|unassigned|2011-08-08|HA|4|EPI_ISL_133900","Ohio","2011-08-08"
"A/swine/Ohio/11SW87/2011|A_/_H3N2|unassigned|2011-08-05|HA|4|EPI_ISL_133873","1990.4.a","A/swine/Ohio/11SW87/2011|A_/_H3N2|1990.4.a|2011-08-05|HA|4|EPI_ISL_133873","Ohio","2011-08-05"
"A/swine/Ohio/7/2012|A_/_H3N2|unassigned|2012-06-01|HA|4|EPI_ISL_123129","1990.4.a","A/swine/Ohio/7/2012|A_/_H3N2|1990.4.a|2012-06-01|HA|4|EPI_ISL_123129","Ohio","2012-06-01"
"A/swine/Ohio/9/2012|A_/_H3N2|unassigned|2012-06-01|HA|4|EPI_ISL_123128","1990.4.a","A/swine/Ohio/9/2012|A_/_H3N2|1990.4.a|2012-06-01|HA|4|EPI_ISL_123128","Ohio","2012-06-01"
"A/swine/Ohio/1/2012|A_/_H3N2|unassigned|2012-06-01|HA|4|EPI_ISL_122021","1990.4.a","A/swine/Ohio/1/2012|A_/_H3N2|1990.4.a|2012-06-01|HA|4|EPI_ISL_122021","Ohio","2012-06-01"
"A/swine/Illinois/A01203672/2012|A_/_H3N2|unassigned|2012-07-21|HA|4|EPI_ISL_129377","1990.4.a","A/swine/Illinois/A01203672/2012|A_/_H3N2|1990.4.a|2012-07-21|HA|4|EPI_ISL_129377","Illinois","2012-07-21"
"A/swine/Illinois/A01241916/2012|A_/_H3N2|unassigned|2012-03-01|HA|4|EPI_ISL_124317","1990.4.a","A/swine/Illinois/A01241916/2012|A_/_H3N2|1990.4.a|2012-03-01|HA|4|EPI_ISL_124317","Illinois","2012-03-01"
"A/swine/Illinois/A01241871/2012|A_/_H3N2|unassigned|2012-02-29|HA|4|EPI_ISL_124883","unassigned","A/swine/Illinois/A01241871/2012|A_/_H3N2|unassigned|2012-02-29|HA|4|EPI_ISL_124883","Illinois","2012-02-29"
"A/swine/Illinois/A01241876/2012|A_/_H3N2|unassigned|2012-02-29|HA|4|EPI_ISL_130093","unassigned","A/swine/Illinois/A01241876/2012|A_/_H3N2|unassigned|2012-02-29|HA|4|EPI_ISL_130093","Illinois","2012-02-29"
"A/swine/North_Carolina/A01290447/2013|A_/_H3N2|unassigned|2013-09-01|HA|4|EPI_ISL_151713","1990.4.a","A/swine/North Carolina/A01290447/2013|A_/_H3N2|1990.4.a|2013-09-01|HA|4|EPI_ISL_151713","North Carolina","2013-09-01"
"A/swine/Indiana/A01260371/2013|A_/_H3N2|unassigned|2013-08-19|HA|4|EPI_ISL_151703","1990.4.a","A/swine/Indiana/A01260371/2013|A_/_H3N2|1990.4.a|2013-08-19|HA|4|EPI_ISL_151703","Indiana","2013-08-19"
"A/swine/Indiana/A01260368/2013|A_/_H3N2|unassigned|2013-08-19|HA|4|EPI_ISL_151704","1990.4.a","A/swine/Indiana/A01260368/2013|A_/_H3N2|1990.4.a|2013-08-19|HA|4|EPI_ISL_151704","Indiana","2013-08-19"
"A/swine/Indiana/13TOSU1035/2013|A_/_H3N2|unassigned|2013-07-01|HA|4|EPI_ISL_161124","1990.4.a","A/swine/Indiana/13TOSU1035/2013|A_/_H3N2|1990.4.a|2013-07-01|HA|4|EPI_ISL_161124","Indiana","2013-07-01"
"A/swine/Indiana/13TOSU1026/2013|A_/_H3N2|unassigned|2013-07-01|HA|4|EPI_ISL_161180","unassigned","A/swine/Indiana/13TOSU1026/2013|A_/_H3N2|unassigned|2013-07-01|HA|4|EPI_ISL_161180","Indiana","2013-07-01"
"A/swine/Indiana/A01432300/2013|A_/_H3N2|unassigned|2013-01-01|HA|4|EPI_ISL_136568","1990.4.a","A/swine/Indiana/A01432300/2013|A_/_H3N2|1990.4.a|2013-01-01|HA|4|EPI_ISL_136568","Indiana","2013-01-01"
"A/swine/Indiana/A01260361/2013|A_/_H3N2|unassigned|2013-08-08|HA|4|EPI_ISL_149658","1990.4.a","A/swine/Indiana/A01260361/2013|A_/_H3N2|1990.4.a|2013-08-08|HA|4|EPI_ISL_149658","Indiana","2013-08-08"
"A/swine/North_Carolina/A01290778/2013|A_/_H3N2|unassigned|2013-11-01|HA|4|EPI_ISL_153756","1990.4.a","A/swine/North Carolina/A01290778/2013|A_/_H3N2|1990.4.a|2013-11-01|HA|4|EPI_ISL_153756","North Carolina","2013-11-01"
"A/swine/North_Carolina/A01475217/2014|A_/_H3N2|unassigned|2014-03-01|HA|4|EPI_ISL_162025","1990.4.a","A/swine/North Carolina/A01475217/2014|A_/_H3N2|1990.4.a|2014-03-01|HA|4|EPI_ISL_162025","North Carolina","2014-03-01"
"A/swine/North_Carolina/A01410511/2014|A_/_H3N2|unassigned|2014-03-01|HA|4|EPI_ISL_162320","1990.4.a","A/swine/North Carolina/A01410511/2014|A_/_H3N2|1990.4.a|2014-03-01|HA|4|EPI_ISL_162320","North Carolina","2014-03-01"
"A/swine/Indiana/A01260093/2012|A_/_H3N2|unassigned|2012-10-30|HA|4|EPI_ISL_132939","1990.4.a","A/swine/Indiana/A01260093/2012|A_/_H3N2|1990.4.a|2012-10-30|HA|4|EPI_ISL_132939","Indiana","2012-10-30"
"A/swine/North_Carolina/A01409104/2013|A_/_H3N2|unassigned|2013-10-01|HA|4|EPI_ISL_153747","1990.4.a","A/swine/North Carolina/A01409104/2013|A_/_H3N2|1990.4.a|2013-10-01|HA|4|EPI_ISL_153747","North Carolina","2013-10-01"
"A/swine/Iowa/A01290867/2013|A_/_H3N2|unassigned|2013-11-01|HA|4|EPI_ISL_155701","1990.4.a","A/swine/Iowa/A01290867/2013|A_/_H3N2|1990.4.a|2013-11-01|HA|4|EPI_ISL_155701","Iowa","2013-11-01"
"A/swine/Illinois/A01509203/2014|A_/_H3N2|unassigned|2014-04-15|HA|4|EPI_ISL_162554","1990.4.a","A/swine/Illinois/A01509203/2014|A_/_H3N2|1990.4.a|2014-04-15|HA|4|EPI_ISL_162554","Illinois","2014-04-15"
"A/swine/Illinois/A01509186/2014|A_/_H3N2|unassigned|2014-04-15|HA|4|EPI_ISL_162552","unassigned","A/swine/Illinois/A01509186/2014|A_/_H3N2|unassigned|2014-04-15|HA|4|EPI_ISL_162552","Illinois","2014-04-15"
"A/swine/Illinois/A01509209/2014|A_/_H3N2|unassigned|2014-04-15|HA|4|EPI_ISL_162556","unassigned","A/swine/Illinois/A01509209/2014|A_/_H3N2|unassigned|2014-04-15|HA|4|EPI_ISL_162556","Illinois","2014-04-15"
"A/swine/California/A00968949/2014|A_/_H3N2|unassigned|2014-07-02|HA|4|EPI_ISL_167220","unassigned","A/swine/California/A00968949/2014|A_/_H3N2|unassigned|2014-07-02|HA|4|EPI_ISL_167220","California","2014-07-02"
"A/swine/Indiana/A01260280/2013|A_/_H3N2|unassigned|2013-04-19|HA|4|EPI_ISL_143498","1990.4.a","A/swine/Indiana/A01260280/2013|A_/_H3N2|1990.4.a|2013-04-19|HA|4|EPI_ISL_143498","Indiana","2013-04-19"
"A/swine/Maryland/A01319694/2013|A_/_H3N2|unassigned|2013-04-10|HA|4|EPI_ISL_146093","1990.4.a","A/swine/Maryland/A01319694/2013|A_/_H3N2|1990.4.a|2013-04-10|HA|4|EPI_ISL_146093","Maryland","2013-04-10"
"A/swine/Indiana/A00968364/2012|A_/_H3N2|unassigned|2012-07-03|HA|4|EPI_ISL_151699","1990.4.a","A/swine/Indiana/A00968364/2012|A_/_H3N2|1990.4.a|2012-07-03|HA|4|EPI_ISL_151699","Indiana","2012-07-03"
"A/swine/Ohio/A00138552/2012|A_/_H3N2|unassigned|2012-09-02|HA|4|EPI_ISL_131252","1990.4.a","A/swine/Ohio/A00138552/2012|A_/_H3N2|1990.4.a|2012-09-02|HA|4|EPI_ISL_131252","Ohio","2012-09-02"
"A/swine/Ohio/12TOSU318/2012|A_/_H3N2|unassigned|2012-08-03|HA|4|EPI_ISL_139858","unassigned","A/swine/Ohio/12TOSU318/2012|A_/_H3N2|unassigned|2012-08-03|HA|4|EPI_ISL_139858","Ohio","2012-08-03"
"A/swine/Iowa/A01267939/2012|A_/_H3N2|unassigned|2012-10-24|HA|4|EPI_ISL_132329","unassigned","A/swine/Iowa/A01267939/2012|A_/_H3N2|unassigned|2012-10-24|HA|4|EPI_ISL_132329","Iowa","2012-10-24"
"A/swine/Iowa/A01203863/2012|A_/_H3N2|unassigned|2012-10-01|HA|4|EPI_ISL_132357","unassigned","A/swine/Iowa/A01203863/2012|A_/_H3N2|unassigned|2012-10-01|HA|4|EPI_ISL_132357","Iowa","2012-10-01"
"A/swine/Ohio/13TOSU2052/2013|A_/_H3N2|unassigned|2013-08-01|HA|4|EPI_ISL_161143","unassigned","A/swine/Ohio/13TOSU2052/2013|A_/_H3N2|unassigned|2013-08-01|HA|4|EPI_ISL_161143","Ohio","2013-08-01"
"A/swine/Iowa/A01432271/2012|A_/_H3N2|unassigned|2012-12-01|HA|4|EPI_ISL_136567","unassigned","A/swine/Iowa/A01432271/2012|A_/_H3N2|unassigned|2012-12-01|HA|4|EPI_ISL_136567","Iowa","2012-12-01"
"A/swine/Ohio/12TOSU333/2012|A_/_H3N2|unassigned|2012-08-03|HA|4|EPI_ISL_140904","unassigned","A/swine/Ohio/12TOSU333/2012|A_/_H3N2|unassigned|2012-08-03|HA|4|EPI_ISL_140904","Ohio","2012-08-03"
"A/swine/Ohio/12TOSU409/2012|A_/_H3N2|unassigned|2012-08-06|HA|4|EPI_ISL_140914","unassigned","A/swine/Ohio/12TOSU409/2012|A_/_H3N2|unassigned|2012-08-06|HA|4|EPI_ISL_140914","Ohio","2012-08-06"
"A/swine/Ohio/12TOSU439/2012|A_/_H3N2|unassigned|2012-08-06|HA|4|EPI_ISL_140913","unassigned","A/swine/Ohio/12TOSU439/2012|A_/_H3N2|unassigned|2012-08-06|HA|4|EPI_ISL_140913","Ohio","2012-08-06"
"A/swine/Ohio/13TOSU2043/2013|A_/_H3N2|unassigned|2013-08-01|HA|4|EPI_ISL_161604","unassigned","A/swine/Ohio/13TOSU2043/2013|A_/_H3N2|unassigned|2013-08-01|HA|4|EPI_ISL_161604","Ohio","2013-08-01"
"A/swine/Indiana/A01260099/2012|A_/_H3N2|unassigned|2012-11-02|HA|4|EPI_ISL_132940","unassigned","A/swine/Indiana/A01260099/2012|A_/_H3N2|unassigned|2012-11-02|HA|4|EPI_ISL_132940","Indiana","2012-11-02"
"A/swine/Ohio/13TOSU1547/2013|A_/_H3N2|unassigned|2013-08-01|HA|4|EPI_ISL_161680","unassigned","A/swine/Ohio/13TOSU1547/2013|A_/_H3N2|unassigned|2013-08-01|HA|4|EPI_ISL_161680","Ohio","2013-08-01"
"A/swine/Ohio/12TOSU307/2012|A_/_H3N2|unassigned|2012-08-03|HA|4|EPI_ISL_129360","unassigned","A/swine/Ohio/12TOSU307/2012|A_/_H3N2|unassigned|2012-08-03|HA|4|EPI_ISL_129360","Ohio","2012-08-03"
"A/swine/Indiana/A00968394/2012|A_/_H3N2|unassigned|2012-08-06|HA|4|EPI_ISL_133714","unassigned","A/swine/Indiana/A00968394/2012|A_/_H3N2|unassigned|2012-08-06|HA|4|EPI_ISL_133714","Indiana","2012-08-06"
"A/swine/Indiana/A00968398/2012|A_/_H3N2|unassigned|2012-08-06|HA|4|EPI_ISL_133712","unassigned","A/swine/Indiana/A00968398/2012|A_/_H3N2|unassigned|2012-08-06|HA|4|EPI_ISL_133712","Indiana","2012-08-06"
"A/swine/Maryland/A01104048/2012|A_/_H3N2|unassigned|2012-08-16|HA|4|EPI_ISL_129868","1990.4.a","A/swine/Maryland/A01104048/2012|A_/_H3N2|1990.4.a|2012-08-16|HA|4|EPI_ISL_129868","Maryland","2012-08-16"
"A/swine/Pennsylvania/A01104049/2012|A_/_H3N2|unassigned|2012-08-09|HA|4|EPI_ISL_131261","1990.4.a","A/swine/Pennsylvania/A01104049/2012|A_/_H3N2|1990.4.a|2012-08-09|HA|4|EPI_ISL_131261","Pennsylvania","2012-08-09"
"A/swine/Pennsylvania/A01104050/2012|A_/_H3N2|unassigned|2012-08-09|HA|4|EPI_ISL_133713","unassigned","A/swine/Pennsylvania/A01104050/2012|A_/_H3N2|unassigned|2012-08-09|HA|4|EPI_ISL_133713","Pennsylvania","2012-08-09"
"A/swine/Ohio/12TOSU308/2012|A_/_H3N2|unassigned|2012-08-03|HA|4|EPI_ISL_139855","1990.4.a","A/swine/Ohio/12TOSU308/2012|A_/_H3N2|1990.4.a|2012-08-03|HA|4|EPI_ISL_139855","Ohio","2012-08-03"
"A/swine/Ohio/12TOSU325/2012|A_/_H3N2|unassigned|2012-08-03|HA|4|EPI_ISL_139859","1990.4.a","A/swine/Ohio/12TOSU325/2012|A_/_H3N2|1990.4.a|2012-08-03|HA|4|EPI_ISL_139859","Ohio","2012-08-03"
"A/swine/Michigan/A01259003/2012|A_/_H3N2|unassigned|2012-11-28|HA|4|EPI_ISL_135960","1990.4.a","A/swine/Michigan/A01259003/2012|A_/_H3N2|1990.4.a|2012-11-28|HA|4|EPI_ISL_135960","Michigan","2012-11-28"
"A/swine/Indiana/A00968380/2012|A_/_H3N2|unassigned|2012-07-18|HA|4|EPI_ISL_128502","1990.4.a","A/swine/Indiana/A00968380/2012|A_/_H3N2|1990.4.a|2012-07-18|HA|4|EPI_ISL_128502","Indiana","2012-07-18"
"A/swine/Ohio/12TOSU52/2012|A_/_H3N2|unassigned|2012-06-22|HA|4|EPI_ISL_140919","1990.4.a","A/swine/Ohio/12TOSU52/2012|A_/_H3N2|1990.4.a|2012-06-22|HA|4|EPI_ISL_140919","Ohio","2012-06-22"
"A/swine/Ohio/12TOSU50/2012|A_/_H3N2|unassigned|2012-06-22|HA|4|EPI_ISL_140920","unassigned","A/swine/Ohio/12TOSU50/2012|A_/_H3N2|unassigned|2012-06-22|HA|4|EPI_ISL_140920","Ohio","2012-06-22"
"A/swine/Indiana/A01104016/2012|A_/_H3N2|unassigned|2012-07-31|HA|4|EPI_ISL_129191","1990.4.a","A/swine/Indiana/A01104016/2012|A_/_H3N2|1990.4.a|2012-07-31|HA|4|EPI_ISL_129191","Indiana","2012-07-31"
"A/swine/Indiana/A01104023/2012|A_/_H3N2|unassigned|2012-07-31|HA|4|EPI_ISL_129290","unassigned","A/swine/Indiana/A01104023/2012|A_/_H3N2|unassigned|2012-07-31|HA|4|EPI_ISL_129290","Indiana","2012-07-31"
"A/swine/Ohio/A01133464/2012|A_/_H3N2|unassigned|2012-08-03|HA|4|EPI_ISL_129874","1990.4.a","A/swine/Ohio/A01133464/2012|A_/_H3N2|1990.4.a|2012-08-03|HA|4|EPI_ISL_129874","Ohio","2012-08-03"
"A/swine/Indiana/A00968308/2012|A_/_H3N2|unassigned|2012-08-09|HA|4|EPI_ISL_130420","1990.4.a","A/swine/Indiana/A00968308/2012|A_/_H3N2|1990.4.a|2012-08-09|HA|4|EPI_ISL_130420","Indiana","2012-08-09"
"A/swine/Ohio/12TOSU527/2012|A_/_H3N2|unassigned|2012-08-15|HA|4|EPI_ISL_131258","1990.4.a","A/swine/Ohio/12TOSU527/2012|A_/_H3N2|1990.4.a|2012-08-15|HA|4|EPI_ISL_131258","Ohio","2012-08-15"
"A/swine/Ohio/12TOSU338/2012|A_/_H3N2|unassigned|2012-08-03|HA|4|EPI_ISL_140907","unassigned","A/swine/Ohio/12TOSU338/2012|A_/_H3N2|unassigned|2012-08-03|HA|4|EPI_ISL_140907","Ohio","2012-08-03"
"A/swine/Ohio/12TOSU421/2012|A_/_H3N2|unassigned|2012-08-06|HA|4|EPI_ISL_140911","unassigned","A/swine/Ohio/12TOSU421/2012|A_/_H3N2|unassigned|2012-08-06|HA|4|EPI_ISL_140911","Ohio","2012-08-06"
"A/swine/Ohio/12TOSU447/2012|A_/_H3N2|unassigned|2012-08-09|HA|4|EPI_ISL_129359","unassigned","A/swine/Ohio/12TOSU447/2012|A_/_H3N2|unassigned|2012-08-09|HA|4|EPI_ISL_129359","Ohio","2012-08-09"
"A/swine/Ohio/12TOSU450/2012|A_/_H3N2|unassigned|2012-08-09|HA|4|EPI_ISL_129358","unassigned","A/swine/Ohio/12TOSU450/2012|A_/_H3N2|unassigned|2012-08-09|HA|4|EPI_ISL_129358","Ohio","2012-08-09"
"A/swine/Wisconsin/A00677500/2012|A_/_H3N2|unassigned|2012-08-19|HA|4|EPI_ISL_129875","unassigned","A/swine/Wisconsin/A00677500/2012|A_/_H3N2|unassigned|2012-08-19|HA|4|EPI_ISL_129875","Wisconsin","2012-08-19"
"A/swine/Ohio/A00152576/2012|A_/_H3N2|unassigned|2012-08-15|HA|4|EPI_ISL_129877","unassigned","A/swine/Ohio/A00152576/2012|A_/_H3N2|unassigned|2012-08-15|HA|4|EPI_ISL_129877","Ohio","2012-08-15"
"A/swine/Ohio/A01208457/2012|A_/_H3N2|unassigned|2012-08-07|HA|4|EPI_ISL_129876","unassigned","A/swine/Ohio/A01208457/2012|A_/_H3N2|unassigned|2012-08-07|HA|4|EPI_ISL_129876","Ohio","2012-08-07"
"A/swine/Ohio/12TOSU527/2012|A_/_H3N2|unassigned|2012-01-01|HA|4|EPI_ISL_16706690","unassigned","A/swine/Ohio/12TOSU527/2012|A_/_H3N2|unassigned|2012-01-01|HA|4|EPI_ISL_16706690","Ohio","2012-01-01"
"A/swine/Ohio/12TOSU522/2012|A_/_H3N2|unassigned|2012-08-15|HA|4|EPI_ISL_131256","1990.4.a","A/swine/Ohio/12TOSU522/2012|A_/_H3N2|1990.4.a|2012-08-15|HA|4|EPI_ISL_131256","Ohio","2012-08-15"
"A/swine/Ohio/13TOSU1238/2013|A_/_H3N2|unassigned|2013-01-01|HA|4|EPI_ISL_16706165","1990.4.a","A/swine/Ohio/13TOSU1238/2013|A_/_H3N2|1990.4.a|2013-01-01|HA|4|EPI_ISL_16706165","Ohio","2013-01-01"
"A/swine/Ohio/12TOSU447/2012|A_/_H3N2|unassigned|2012-01-01|HA|4|EPI_ISL_16706161","unassigned","A/swine/Ohio/12TOSU447/2012|A_/_H3N2|unassigned|2012-01-01|HA|4|EPI_ISL_16706161","Ohio","2012-01-01"
"A/swine/Ohio/13TOSU1238/2013|A_/_H3N2|3C.3a|2013-02-01|HA|4|EPI_ISL_16891315","unassigned","A/swine/Ohio/13TOSU1238/2013|A_/_H3N2|3C.3a|2013-02-01|HA|4|EPI_ISL_16891315","Ohio","2013-02-01"
"A/swine/Maryland/A01104040/2012|A_/_H3N2|unassigned|2012-08-15|HA|4|EPI_ISL_129867","1990.4.a","A/swine/Maryland/A01104040/2012|A_/_H3N2|1990.4.a|2012-08-15|HA|4|EPI_ISL_129867","Maryland","2012-08-15"
"A/swine/Illinois/A01432127/2012|A_/_H3N2|unassigned|2012-10-29|HA|4|EPI_ISL_132337","1990.4.a","A/swine/Illinois/A01432127/2012|A_/_H3N2|1990.4.a|2012-10-29|HA|4|EPI_ISL_132337","Illinois","2012-10-29"
"A/swine/Iowa/A01244302/2012|A_/_H3N2|unassigned|2012-11-05|HA|4|EPI_ISL_133708","1990.4.a","A/swine/Iowa/A01244302/2012|A_/_H3N2|1990.4.a|2012-11-05|HA|4|EPI_ISL_133708","Iowa","2012-11-05"
"A/swine/Indiana/A01203509/2012|A_/_H3N2|unassigned|2012-05-09|HA|4|EPI_ISL_124049","1990.4.a","A/swine/Indiana/A01203509/2012|A_/_H3N2|1990.4.a|2012-05-09|HA|4|EPI_ISL_124049","Indiana","2012-05-09"
"A/swine/Iowa/A01432308/2013|A_/_H3N2|unassigned|2013-01-01|HA|4|EPI_ISL_136574","1990.4.a","A/swine/Iowa/A01432308/2013|A_/_H3N2|1990.4.a|2013-01-01|HA|4|EPI_ISL_136574","Iowa","2013-01-01"
"A/swine/Ohio/12TOSU411/2012|A_/_H3N2|unassigned|2012-08-06|HA|4|EPI_ISL_140912","1990.4.a","A/swine/Ohio/12TOSU411/2012|A_/_H3N2|1990.4.a|2012-08-06|HA|4|EPI_ISL_140912","Ohio","2012-08-06"
"A/swine/Indiana/A00968390/2012|A_/_H3N2|unassigned|2012-08-01|HA|4|EPI_ISL_130417","1990.4.a","A/swine/Indiana/A00968390/2012|A_/_H3N2|1990.4.a|2012-08-01|HA|4|EPI_ISL_130417","Indiana","2012-08-01"
"A/swine/Ohio/12TOSU483/2012|A_/_H3N2|unassigned|2012-08-10|HA|4|EPI_ISL_131254","1990.4.a","A/swine/Ohio/12TOSU483/2012|A_/_H3N2|1990.4.a|2012-08-10|HA|4|EPI_ISL_131254","Ohio","2012-08-10"
"A/swine/Ohio/12TOSU484/2012|A_/_H3N2|unassigned|2012-08-10|HA|4|EPI_ISL_131255","unassigned","A/swine/Ohio/12TOSU484/2012|A_/_H3N2|unassigned|2012-08-10|HA|4|EPI_ISL_131255","Ohio","2012-08-10"
"A/swine/Ohio/12TOSU370/2012|A_/_H3N2|unassigned|2012-08-01|HA|4|EPI_ISL_137551","unassigned","A/swine/Ohio/12TOSU370/2012|A_/_H3N2|unassigned|2012-08-01|HA|4|EPI_ISL_137551","Ohio","2012-08-01"
"A/swine/Ohio/12TOSU363/2012|A_/_H3N2|unassigned|2012-08-01|HA|4|EPI_ISL_137552","unassigned","A/swine/Ohio/12TOSU363/2012|A_/_H3N2|unassigned|2012-08-01|HA|4|EPI_ISL_137552","Ohio","2012-08-01"
"A/swine/Ohio/12TOSU371/2012|A_/_H3N2|unassigned|2012-08-03|HA|4|EPI_ISL_137620","unassigned","A/swine/Ohio/12TOSU371/2012|A_/_H3N2|unassigned|2012-08-03|HA|4|EPI_ISL_137620","Ohio","2012-08-03"
"A/swine/Ohio/12TOSU374/2012|A_/_H3N2|unassigned|2012-08-03|HA|4|EPI_ISL_137621","unassigned","A/swine/Ohio/12TOSU374/2012|A_/_H3N2|unassigned|2012-08-03|HA|4|EPI_ISL_137621","Ohio","2012-08-03"
"A/swine/Ohio/A01133466/2012|A_/_H3N2|unassigned|2012-08-06|HA|4|EPI_ISL_129869","unassigned","A/swine/Ohio/A01133466/2012|A_/_H3N2|unassigned|2012-08-06|HA|4|EPI_ISL_129869","Ohio","2012-08-06"
"A/swine/Kansas/A01377090/2013|A_/_H3N2|unassigned|2013-10-10|HA|4|EPI_ISL_151926","1990.4.a","A/swine/Kansas/A01377090/2013|A_/_H3N2|1990.4.a|2013-10-10|HA|4|EPI_ISL_151926","Kansas","2013-10-10"
"A/swine/Indiana/A00968386/2012|A_/_H3N2|unassigned|2012-07-26|HA|4|EPI_ISL_129293","1990.4.a","A/swine/Indiana/A00968386/2012|A_/_H3N2|1990.4.a|2012-07-26|HA|4|EPI_ISL_129293","Indiana","2012-07-26"
"A/swine/Indiana/A00968370/2012|A_/_H3N2|unassigned|2012-07-13|HA|4|EPI_ISL_129367","unassigned","A/swine/Indiana/A00968370/2012|A_/_H3N2|unassigned|2012-07-13|HA|4|EPI_ISL_129367","Indiana","2012-07-13"
"A/swine/Indiana/A00968376/2012|A_/_H3N2|unassigned|2012-07-13|HA|4|EPI_ISL_129369","unassigned","A/swine/Indiana/A00968376/2012|A_/_H3N2|unassigned|2012-07-13|HA|4|EPI_ISL_129369","Indiana","2012-07-13"
"A/swine/Indiana/A00968373/2012|A_/_H3N2|unassigned|2012-07-13|HA|4|EPI_ISL_129368","unassigned","A/swine/Indiana/A00968373/2012|A_/_H3N2|unassigned|2012-07-13|HA|4|EPI_ISL_129368","Indiana","2012-07-13"
"A/swine/Indiana/A00968379/2012|A_/_H3N2|unassigned|2012-07-13|HA|4|EPI_ISL_129370","unassigned","A/swine/Indiana/A00968379/2012|A_/_H3N2|unassigned|2012-07-13|HA|4|EPI_ISL_129370","Indiana","2012-07-13"
"A/swine/Indiana/A00968397/2012|A_/_H3N2|unassigned|2012-08-06|HA|4|EPI_ISL_130419","1990.4.a","A/swine/Indiana/A00968397/2012|A_/_H3N2|1990.4.a|2012-08-06|HA|4|EPI_ISL_130419","Indiana","2012-08-06"
"A/swine/Ohio/12TOSU268/2012|A_/_H3N2|unassigned|2012-07-28|HA|4|EPI_ISL_129365","1990.4.a","A/swine/Ohio/12TOSU268/2012|A_/_H3N2|1990.4.a|2012-07-28|HA|4|EPI_ISL_129365","Ohio","2012-07-28"
"A/swine/Ohio/12TOSU293/2012|A_/_H3N2|unassigned|2012-07-28|HA|4|EPI_ISL_129366","unassigned","A/swine/Ohio/12TOSU293/2012|A_/_H3N2|unassigned|2012-07-28|HA|4|EPI_ISL_129366","Ohio","2012-07-28"
"A/swine/Ohio/A01208180/2012|A_/_H3N2|unassigned|2012-07-31|HA|4|EPI_ISL_142027","1990.4.a","A/swine/Ohio/A01208180/2012|A_/_H3N2|1990.4.a|2012-07-31|HA|4|EPI_ISL_142027","Ohio","2012-07-31"
"A/swine/Texas/13TOSU0060/2013|A_/_H3N2|unassigned|2013-02-28|HA|4|EPI_ISL_168320","1990.4.a","A/swine/Texas/13TOSU0060/2013|A_/_H3N2|1990.4.a|2013-02-28|HA|4|EPI_ISL_168320","Texas","2013-02-28"
"A/swine/Ohio/13TOSU1373/2013|A_/_H3N2|unassigned|2013-08-01|HA|4|EPI_ISL_161117","1990.4.a","A/swine/Ohio/13TOSU1373/2013|A_/_H3N2|1990.4.a|2013-08-01|HA|4|EPI_ISL_161117","Ohio","2013-08-01"
"A/swine/Minnesota/A01301908/2012|A_/_H3N2|unassigned|2012-09-02|HA|4|EPI_ISL_131253","1990.4.a","A/swine/Minnesota/A01301908/2012|A_/_H3N2|1990.4.a|2012-09-02|HA|4|EPI_ISL_131253","Minnesota","2012-09-02"
"A/swine/Ohio/12TOSU138/2012|A_/_H3N2|unassigned|2012-07-12|HA|4|EPI_ISL_139854","unassigned","A/swine/Ohio/12TOSU138/2012|A_/_H3N2|unassigned|2012-07-12|HA|4|EPI_ISL_139854","Ohio","2012-07-12"
"A/swine/Ohio/12TOSU175/2012|A_/_H3N2|unassigned|2012-07-19|HA|4|EPI_ISL_139853","unassigned","A/swine/Ohio/12TOSU175/2012|A_/_H3N2|unassigned|2012-07-19|HA|4|EPI_ISL_139853","Ohio","2012-07-19"
"A/swine/Ohio/12TOSU129/2012|A_/_H3N2|unassigned|2012-07-12|HA|4|EPI_ISL_139856","unassigned","A/swine/Ohio/12TOSU129/2012|A_/_H3N2|unassigned|2012-07-12|HA|4|EPI_ISL_139856","Ohio","2012-07-12"
"A/swine/Ohio/12TOSU176/2012|A_/_H3N2|unassigned|2012-07-19|HA|4|EPI_ISL_139857","unassigned","A/swine/Ohio/12TOSU176/2012|A_/_H3N2|unassigned|2012-07-19|HA|4|EPI_ISL_139857","Ohio","2012-07-19"
"A/swine/Ohio/12TOSU433/2012|A_/_H3N2|unassigned|2012-08-06|HA|4|EPI_ISL_140908","unassigned","A/swine/Ohio/12TOSU433/2012|A_/_H3N2|unassigned|2012-08-06|HA|4|EPI_ISL_140908","Ohio","2012-08-06"
"A/swine/Ohio/12TOSU464/2012|A_/_H3N2|unassigned|2012-08-09|HA|4|EPI_ISL_129357","1990.4.a","A/swine/Ohio/12TOSU464/2012|A_/_H3N2|1990.4.a|2012-08-09|HA|4|EPI_ISL_129357","Ohio","2012-08-09"
"A/swine/Ohio/12TOSU467/2012|A_/_H3N2|unassigned|2012-08-09|HA|4|EPI_ISL_129356","unassigned","A/swine/Ohio/12TOSU467/2012|A_/_H3N2|unassigned|2012-08-09|HA|4|EPI_ISL_129356","Ohio","2012-08-09"
"A/swine/Indiana/A01432492/2013|A_/_H3N2|unassigned|2013-03-01|HA|4|EPI_ISL_138992","1990.4.a","A/swine/Indiana/A01432492/2013|A_/_H3N2|1990.4.a|2013-03-01|HA|4|EPI_ISL_138992","Indiana","2013-03-01"
"A/swine/Iowa/13E045/2013|A_/_H3N2|unassigned|2013-05-29|HA|4|EPI_ISL_151996","1990.4.a","A/swine/Iowa/13E045/2013|A_/_H3N2|1990.4.a|2013-05-29|HA|4|EPI_ISL_151996","Iowa","2013-05-29"
"A/swine/Ohio/A01349305/2013|A_/_H3N2|unassigned|2013-03-12|HA|4|EPI_ISL_139682","1990.4.a","A/swine/Ohio/A01349305/2013|A_/_H3N2|1990.4.a|2013-03-12|HA|4|EPI_ISL_139682","Ohio","2013-03-12"
"A/swine/Ohio/A01349302/2013|A_/_H3N2|unassigned|2013-03-12|HA|4|EPI_ISL_139683","unassigned","A/swine/Ohio/A01349302/2013|A_/_H3N2|unassigned|2013-03-12|HA|4|EPI_ISL_139683","Ohio","2013-03-12"
"A/swine/Ohio/A01349495/2013|A_/_H3N2|unassigned|2013-03-22|HA|4|EPI_ISL_139686","unassigned","A/swine/Ohio/A01349495/2013|A_/_H3N2|unassigned|2013-03-22|HA|4|EPI_ISL_139686","Ohio","2013-03-22"
"A/swine/Ohio/A01349485/2013|A_/_H3N2|unassigned|2013-03-22|HA|4|EPI_ISL_139685","unassigned","A/swine/Ohio/A01349485/2013|A_/_H3N2|unassigned|2013-03-22|HA|4|EPI_ISL_139685","Ohio","2013-03-22"
"A/swine/Ohio/A01349615/2013|A_/_H3N2|unassigned|2013-03-29|HA|4|EPI_ISL_140877","1990.4.a","A/swine/Ohio/A01349615/2013|A_/_H3N2|1990.4.a|2013-03-29|HA|4|EPI_ISL_140877","Ohio","2013-03-29"
"A/swine/Ohio/A01364406/2013|A_/_H3N2|unassigned|2013-08-27|HA|4|EPI_ISL_149662","1990.4.a","A/swine/Ohio/A01364406/2013|A_/_H3N2|1990.4.a|2013-08-27|HA|4|EPI_ISL_149662","Ohio","2013-08-27"
"A/swine/Ohio/A01351573/2013|A_/_H3N2|unassigned|2013-07-10|HA|4|EPI_ISL_145935","unassigned","A/swine/Ohio/A01351573/2013|A_/_H3N2|unassigned|2013-07-10|HA|4|EPI_ISL_145935","Ohio","2013-07-10"
"A/swine/Iowa/A01432840/2013|A_/_H3N2|unassigned|2013-06-01|HA|4|EPI_ISL_147153","1990.4.a","A/swine/Iowa/A01432840/2013|A_/_H3N2|1990.4.a|2013-06-01|HA|4|EPI_ISL_147153","Iowa","2013-06-01"
"A/swine/Ohio/12TOSU420/2012|A_/_H3N2|unassigned|2012-08-06|HA|4|EPI_ISL_129361","1990.4.a","A/swine/Ohio/12TOSU420/2012|A_/_H3N2|1990.4.a|2012-08-06|HA|4|EPI_ISL_129361","Ohio","2012-08-06"
"A/swine/Indiana/A01104029/2012|A_/_H3N2|unassigned|2012-08-01|HA|4|EPI_ISL_129291","1990.4.a","A/swine/Indiana/A01104029/2012|A_/_H3N2|1990.4.a|2012-08-01|HA|4|EPI_ISL_129291","Indiana","2012-08-01"
"A/swine/Indiana/A01104030/2012|A_/_H3N2|unassigned|2012-08-01|HA|4|EPI_ISL_129292","unassigned","A/swine/Indiana/A01104030/2012|A_/_H3N2|unassigned|2012-08-01|HA|4|EPI_ISL_129292","Indiana","2012-08-01"
"A/swine/Indiana/A01260041/2012|A_/_H3N2|unassigned|2012-10-01|HA|4|EPI_ISL_132319","1990.4.a","A/swine/Indiana/A01260041/2012|A_/_H3N2|1990.4.a|2012-10-01|HA|4|EPI_ISL_132319","Indiana","2012-10-01"
"A/swine/Indiana/A01260230/2013|A_/_H3N2|unassigned|2013-02-05|HA|4|EPI_ISL_142299","1990.4.a","A/swine/Indiana/A01260230/2013|A_/_H3N2|1990.4.a|2013-02-05|HA|4|EPI_ISL_142299","Indiana","2013-02-05"
"A/swine/Iowa/13H075/2013|A_/_H3N2|unassigned|2013-08-28|HA|4|EPI_ISL_157606","1990.4.a","A/swine/Iowa/13H075/2013|A_/_H3N2|1990.4.a|2013-08-28|HA|4|EPI_ISL_157606","Iowa","2013-08-28"
"A/swine/Iowa/13H087/2013|A_/_H3N2|unassigned|2013-08-28|HA|4|EPI_ISL_153855","1990.4.a","A/swine/Iowa/13H087/2013|A_/_H3N2|1990.4.a|2013-08-28|HA|4|EPI_ISL_153855","Iowa","2013-08-28"
"A/swine/Iowa/A01290438/2013|A_/_H3N2|unassigned|2013-09-01|HA|4|EPI_ISL_151712","1990.4.a","A/swine/Iowa/A01290438/2013|A_/_H3N2|1990.4.a|2013-09-01|HA|4|EPI_ISL_151712","Iowa","2013-09-01"
"A/swine/Minnesota/A01481073/2014|A_/_H3N2|unassigned|2014-04-16|HA|4|EPI_ISL_162474","1990.4.a","A/swine/Minnesota/A01481073/2014|A_/_H3N2|1990.4.a|2014-04-16|HA|4|EPI_ISL_162474","Minnesota","2014-04-16"
"A/swine/Indiana/A01260015/2012|A_/_H3N2|unassigned|2012-09-06|HA|4|EPI_ISL_136671","1990.4.a","A/swine/Indiana/A01260015/2012|A_/_H3N2|1990.4.a|2012-09-06|HA|4|EPI_ISL_136671","Indiana","2012-09-06"
"A/swine/Indiana/A01260163/2012|A_/_H3N2|unassigned|2012-12-05|HA|4|EPI_ISL_136673","1990.4.a","A/swine/Indiana/A01260163/2012|A_/_H3N2|1990.4.a|2012-12-05|HA|4|EPI_ISL_136673","Indiana","2012-12-05"
"A/swine/Minnesota/A01280462/2013|A_/_H3N2|unassigned|2013-01-23|HA|4|EPI_ISL_137546","1990.4.a","A/swine/Minnesota/A01280462/2013|A_/_H3N2|1990.4.a|2013-01-23|HA|4|EPI_ISL_137546","Minnesota","2013-01-23"
"A/swine/Iowa/A01290302/2013|A_/_H3N2|unassigned|2013-08-01|HA|4|EPI_ISL_147732","1990.4.a","A/swine/Iowa/A01290302/2013|A_/_H3N2|1990.4.a|2013-08-01|HA|4|EPI_ISL_147732","Iowa","2013-08-01"
"A/swine/Iowa/A01432867/2013|A_/_H3N2|unassigned|2013-07-01|HA|4|EPI_ISL_145741","1990.4.a","A/swine/Iowa/A01432867/2013|A_/_H3N2|1990.4.a|2013-07-01|HA|4|EPI_ISL_145741","Iowa","2013-07-01"
"A/swine/Illinois/A01410786/2014|A_/_H3N2|unassigned|2014-05-01|HA|4|EPI_ISL_163616","1990.4.a","A/swine/Illinois/A01410786/2014|A_/_H3N2|1990.4.a|2014-05-01|HA|4|EPI_ISL_163616","Illinois","2014-05-01"
"A/swine/Iowa/A01364803/2013|A_/_H3N2|unassigned|2013-09-13|HA|4|EPI_ISL_151728","1990.4.a","A/swine/Iowa/A01364803/2013|A_/_H3N2|1990.4.a|2013-09-13|HA|4|EPI_ISL_151728","Iowa","2013-09-13"
"A/swine/Iowa/A01365608/2013|A_/_H3N2|unassigned|2013-11-01|HA|4|EPI_ISL_151907","unassigned","A/swine/Iowa/A01365608/2013|A_/_H3N2|unassigned|2013-11-01|HA|4|EPI_ISL_151907","Iowa","2013-11-01"
"A/swine/Minnesota/A01409450/2013|A_/_H3N2|unassigned|2013-11-01|HA|4|EPI_ISL_154600","1990.4.a","A/swine/Minnesota/A01409450/2013|A_/_H3N2|1990.4.a|2013-11-01|HA|4|EPI_ISL_154600","Minnesota","2013-11-01"
"A/swine/Iowa/A01365906/2013|A_/_H3N2|unassigned|2013-11-15|HA|4|EPI_ISL_153685","1990.4.a","A/swine/Iowa/A01365906/2013|A_/_H3N2|1990.4.a|2013-11-15|HA|4|EPI_ISL_153685","Iowa","2013-11-15"
"A/swine/Iowa/A01365406/2013|A_/_H3N2|unassigned|2013-10-17|HA|4|EPI_ISL_150643","1990.4.a","A/swine/Iowa/A01365406/2013|A_/_H3N2|1990.4.a|2013-10-17|HA|4|EPI_ISL_150643","Iowa","2013-10-17"
"A/swine/Iowa/A01366680/2014|A_/_H3N2|unassigned|2014-01-10|HA|4|EPI_ISL_156389","1990.4.a","A/swine/Iowa/A01366680/2014|A_/_H3N2|1990.4.a|2014-01-10|HA|4|EPI_ISL_156389","Iowa","2014-01-10"
"A/swine/Iowa/A01410633/2014|A_/_H3N2|unassigned|2014-04-01|HA|4|EPI_ISL_162893","1990.4.a","A/swine/Iowa/A01410633/2014|A_/_H3N2|1990.4.a|2014-04-01|HA|4|EPI_ISL_162893","Iowa","2014-04-01"
"A/swine/Iowa/A01480656/2014|A_/_H3N2|unassigned|2014-03-19|HA|4|EPI_ISL_161336","1990.4.a","A/swine/Iowa/A01480656/2014|A_/_H3N2|1990.4.a|2014-03-19|HA|4|EPI_ISL_161336","Iowa","2014-03-19"
"A/swine/Ohio/A01351683/2013|A_/_H3N2|unassigned|2013-07-16|HA|4|EPI_ISL_145799","1990.4.a","A/swine/Ohio/A01351683/2013|A_/_H3N2|1990.4.a|2013-07-16|HA|4|EPI_ISL_145799","Ohio","2013-07-16"
"A/swine/Ohio/A01351710/2013|A_/_H3N2|unassigned|2013-07-18|HA|4|EPI_ISL_145800","1990.4.a","A/swine/Ohio/A01351710/2013|A_/_H3N2|1990.4.a|2013-07-18|HA|4|EPI_ISL_145800","Ohio","2013-07-18"
"A/swine/Illinois/A01409717/2014|A_/_H3N2|unassigned|2014-01-01|HA|4|EPI_ISL_155782","1990.4.a","A/swine/Illinois/A01409717/2014|A_/_H3N2|1990.4.a|2014-01-01|HA|4|EPI_ISL_155782","Illinois","2014-01-01"
"A/swine/Illinois/A01409675/2014|A_/_H3N2|unassigned|2014-01-01|HA|4|EPI_ISL_155794","1990.4.a","A/swine/Illinois/A01409675/2014|A_/_H3N2|1990.4.a|2014-01-01|HA|4|EPI_ISL_155794","Illinois","2014-01-01"
"A/swine/Illinois/A01411232/2014|A_/_H3N2|unassigned|2014-01-01|HA|4|EPI_ISL_155792","1990.4.a","A/swine/Illinois/A01411232/2014|A_/_H3N2|1990.4.a|2014-01-01|HA|4|EPI_ISL_155792","Illinois","2014-01-01"
"A/swine/Illinois/A01475266/2014|A_/_H3N2|unassigned|2014-03-01|HA|4|EPI_ISL_162314","1990.4.a","A/swine/Illinois/A01475266/2014|A_/_H3N2|1990.4.a|2014-03-01|HA|4|EPI_ISL_162314","Illinois","2014-03-01"
"A/swine/Illinois/A01409611/2014|A_/_H3N2|unassigned|2014-01-01|HA|4|EPI_ISL_155796","1990.4.a","A/swine/Illinois/A01409611/2014|A_/_H3N2|1990.4.a|2014-01-01|HA|4|EPI_ISL_155796","Illinois","2014-01-01"
"A/swine/Illinois/A00843193/2014|A_/_H3N2|unassigned|2014-01-03|HA|4|EPI_ISL_156552","1990.4.a","A/swine/Illinois/A00843193/2014|A_/_H3N2|1990.4.a|2014-01-03|HA|4|EPI_ISL_156552","Illinois","2014-01-03"
"A/swine/Illinois/A01409639/2013|A_/_H3N2|unassigned|2013-12-01|HA|4|EPI_ISL_155789","1990.4.a","A/swine/Illinois/A01409639/2013|A_/_H3N2|1990.4.a|2013-12-01|HA|4|EPI_ISL_155789","Illinois","2013-12-01"
"A/swine/Indiana/13TOSU5869/2013|A_/_H3N2|unassigned|2013-08-31|HA|4|EPI_ISL_168295","1990.4.a","A/swine/Indiana/13TOSU5869/2013|A_/_H3N2|1990.4.a|2013-08-31|HA|4|EPI_ISL_168295","Indiana","2013-08-31"
"A/swine/Indiana/13TOSU5147/2013|A_/_H3N2|unassigned|2013-08-31|HA|4|EPI_ISL_168319","1990.4.a","A/swine/Indiana/13TOSU5147/2013|A_/_H3N2|1990.4.a|2013-08-31|HA|4|EPI_ISL_168319","Indiana","2013-08-31"
"A/swine/Ohio/13TOSU0411/2013|A_/_H3N2|unassigned|2013-06-01|HA|4|EPI_ISL_161139","unassigned","A/swine/Ohio/13TOSU0411/2013|A_/_H3N2|unassigned|2013-06-01|HA|4|EPI_ISL_161139","Ohio","2013-06-01"
"A/swine/Ohio/13TOSU1541/2013|A_/_H3N2|unassigned|2013-08-01|HA|4|EPI_ISL_161140","unassigned","A/swine/Ohio/13TOSU1541/2013|A_/_H3N2|unassigned|2013-08-01|HA|4|EPI_ISL_161140","Ohio","2013-08-01"
"A/swine/Ohio/13TOSU1221/2013|A_/_H3N2|unassigned|2013-07-01|HA|4|EPI_ISL_161182","unassigned","A/swine/Ohio/13TOSU1221/2013|A_/_H3N2|unassigned|2013-07-01|HA|4|EPI_ISL_161182","Ohio","2013-07-01"
"A/swine/Ohio/13TOSU1238/2013|A_/_H3N2|unassigned|2013-07-01|HA|4|EPI_ISL_161181","unassigned","A/swine/Ohio/13TOSU1238/2013|A_/_H3N2|unassigned|2013-07-01|HA|4|EPI_ISL_161181","Ohio","2013-07-01"
"A/swine/Ohio/13TOSU2194/2013|A_/_H3N2|unassigned|2013-09-01|HA|4|EPI_ISL_161187","1990.4.a","A/swine/Ohio/13TOSU2194/2013|A_/_H3N2|1990.4.a|2013-09-01|HA|4|EPI_ISL_161187","Ohio","2013-09-01"
"A/swine/Ohio/13TOSU2194/2013|A_/_H3N2|unassigned|2013-01-01|HA|4|EPI_ISL_16706630","unassigned","A/swine/Ohio/13TOSU2194/2013|A_/_H3N2|unassigned|2013-01-01|HA|4|EPI_ISL_16706630","Ohio","2013-01-01"
"A/swine/Ohio/13TOSU2194/2013|A_/_H3N2|3C.3a|2013-02-01|HA|4|EPI_ISL_16891343","unassigned","A/swine/Ohio/13TOSU2194/2013|A_/_H3N2|3C.3a|2013-02-01|HA|4|EPI_ISL_16891343","Ohio","2013-02-01"
"A/swine/Ohio/13TOSU0410/2013|A_/_H3N2|unassigned|2013-06-01|HA|4|EPI_ISL_161192","1990.4.a","A/swine/Ohio/13TOSU0410/2013|A_/_H3N2|1990.4.a|2013-06-01|HA|4|EPI_ISL_161192","Ohio","2013-06-01"
"A/swine/Indiana/13TOSU5238/2013|A_/_H3N2|unassigned|2013-08-31|HA|4|EPI_ISL_168309","1990.4.a","A/swine/Indiana/13TOSU5238/2013|A_/_H3N2|1990.4.a|2013-08-31|HA|4|EPI_ISL_168309","Indiana","2013-08-31"
"A/swine/Indiana/13TOSU1122/2013|A_/_H3N2|unassigned|2013-07-25|HA|4|EPI_ISL_150110","unassigned","A/swine/Indiana/13TOSU1122/2013|A_/_H3N2|unassigned|2013-07-25|HA|4|EPI_ISL_150110","Indiana","2013-07-25"
"A/swine/Indiana/A01260313/2013|A_/_H3N2|unassigned|2013-06-21|HA|4|EPI_ISL_147160","unassigned","A/swine/Indiana/A01260313/2013|A_/_H3N2|unassigned|2013-06-21|HA|4|EPI_ISL_147160","Indiana","2013-06-21"
"A/swine/Indiana/13TOSU1999/2013|A_/_H3N2|unassigned|2013-08-31|HA|4|EPI_ISL_168325","1990.4.a","A/swine/Indiana/13TOSU1999/2013|A_/_H3N2|1990.4.a|2013-08-31|HA|4|EPI_ISL_168325","Indiana","2013-08-31"
"A/swine/Michigan/A01259074/2013|A_/_H3N2|unassigned|2013-08-20|HA|4|EPI_ISL_148407","unassigned","A/swine/Michigan/A01259074/2013|A_/_H3N2|unassigned|2013-08-20|HA|4|EPI_ISL_148407","Michigan","2013-08-20"
"A/swine/Indiana/13TOSU4563/2013|A_/_H3N2|unassigned|2013-08-31|HA|4|EPI_ISL_168315","1990.4.a","A/swine/Indiana/13TOSU4563/2013|A_/_H3N2|1990.4.a|2013-08-31|HA|4|EPI_ISL_168315","Indiana","2013-08-31"
"A/swine/Indiana/13TOSU4561/2013|A_/_H3N2|unassigned|2013-08-31|HA|4|EPI_ISL_168336","unassigned","A/swine/Indiana/13TOSU4561/2013|A_/_H3N2|unassigned|2013-08-31|HA|4|EPI_ISL_168336","Indiana","2013-08-31"
"A/swine/Indiana/13TOSU1319/2013|A_/_H3N2|unassigned|2013-08-01|HA|4|EPI_ISL_161141","1990.4.a","A/swine/Indiana/13TOSU1319/2013|A_/_H3N2|1990.4.a|2013-08-01|HA|4|EPI_ISL_161141","Indiana","2013-08-01"
"A/swine/Illinois/A01394862/2013|A_/_H3N2|unassigned|2013-10-02|HA|4|EPI_ISL_151914","1990.4.a","A/swine/Illinois/A01394862/2013|A_/_H3N2|1990.4.a|2013-10-02|HA|4|EPI_ISL_151914","Illinois","2013-10-02"
"A/swine/Illinois/A01394861/2013|A_/_H3N2|unassigned|2013-10-02|HA|4|EPI_ISL_151921","unassigned","A/swine/Illinois/A01394861/2013|A_/_H3N2|unassigned|2013-10-02|HA|4|EPI_ISL_151921","Illinois","2013-10-02"
"A/swine/Illinois/A01392224/2013|A_/_H3N2|unassigned|2013-09-25|HA|4|EPI_ISL_150521","unassigned","A/swine/Illinois/A01392224/2013|A_/_H3N2|unassigned|2013-09-25|HA|4|EPI_ISL_150521","Illinois","2013-09-25"
"A/swine/Indiana/13TOSU1155/2013|A_/_H3N2|unassigned|2013-07-01|HA|4|EPI_ISL_161115","1990.4.a","A/swine/Indiana/13TOSU1155/2013|A_/_H3N2|1990.4.a|2013-07-01|HA|4|EPI_ISL_161115","Indiana","2013-07-01"
"A/swine/Illinois/A01427136/2013|A_/_H3N2|unassigned|2013-11-04|HA|4|EPI_ISL_154555","1990.4.a","A/swine/Illinois/A01427136/2013|A_/_H3N2|1990.4.a|2013-11-04|HA|4|EPI_ISL_154555","Illinois","2013-11-04"
"A/swine/Indiana/13TOSU5669/2013|A_/_H3N2|unassigned|2013-08-31|HA|4|EPI_ISL_168310","1990.4.a","A/swine/Indiana/13TOSU5669/2013|A_/_H3N2|1990.4.a|2013-08-31|HA|4|EPI_ISL_168310","Indiana","2013-08-31"
"A/swine/Indiana/13TOSU1050/2013|A_/_H3N2|unassigned|2013-07-01|HA|4|EPI_ISL_161158","unassigned","A/swine/Indiana/13TOSU1050/2013|A_/_H3N2|unassigned|2013-07-01|HA|4|EPI_ISL_161158","Indiana","2013-07-01"
"A/swine/Indiana/13TOSU1042/2013|A_/_H3N2|unassigned|2013-07-01|HA|4|EPI_ISL_161184","unassigned","A/swine/Indiana/13TOSU1042/2013|A_/_H3N2|unassigned|2013-07-01|HA|4|EPI_ISL_161184","Indiana","2013-07-01"
"A/swine/Ohio/13TOSU0726/2013|A_/_H3N2|unassigned|2013-07-31|HA|4|EPI_ISL_168312","1990.4.a","A/swine/Ohio/13TOSU0726/2013|A_/_H3N2|1990.4.a|2013-07-31|HA|4|EPI_ISL_168312","Ohio","2013-07-31"
"A/swine/Indiana/13TOSU482/2013|A_/_H3N2|unassigned|2013-06-27|HA|4|EPI_ISL_146016","1990.4.a","A/swine/Indiana/13TOSU482/2013|A_/_H3N2|1990.4.a|2013-06-27|HA|4|EPI_ISL_146016","Indiana","2013-06-27"
"A/swine/Indiana/13TOSU490/2013|A_/_H3N2|unassigned|2013-06-27|HA|4|EPI_ISL_146017","unassigned","A/swine/Indiana/13TOSU490/2013|A_/_H3N2|unassigned|2013-06-27|HA|4|EPI_ISL_146017","Indiana","2013-06-27"
"A/swine/Iowa/A01432817/2013|A_/_H3N2|unassigned|2013-06-01|HA|4|EPI_ISL_147157","1990.4.a","A/swine/Iowa/A01432817/2013|A_/_H3N2|1990.4.a|2013-06-01|HA|4|EPI_ISL_147157","Iowa","2013-06-01"
"A/swine/Illinois/A01432795/2013|A_/_H3N2|unassigned|2013-06-01|HA|4|EPI_ISL_144537","1990.4.a","A/swine/Illinois/A01432795/2013|A_/_H3N2|1990.4.a|2013-06-01|HA|4|EPI_ISL_144537","Illinois","2013-06-01"
"A/swine/Indiana/13TOSU1128/2013|A_/_H3N2|unassigned|2013-07-25|HA|4|EPI_ISL_150111","1990.4.a","A/swine/Indiana/13TOSU1128/2013|A_/_H3N2|1990.4.a|2013-07-25|HA|4|EPI_ISL_150111","Indiana","2013-07-25"
"A/swine/Iowa/13H065/2013|A_/_H3N2|unassigned|2013-08-28|HA|4|EPI_ISL_164907","1990.4.a","A/swine/Iowa/13H065/2013|A_/_H3N2|1990.4.a|2013-08-28|HA|4|EPI_ISL_164907","Iowa","2013-08-28"
"A/swine/Iowa/13H076/2013|A_/_H3N2|unassigned|2013-08-28|HA|4|EPI_ISL_164908","unassigned","A/swine/Iowa/13H076/2013|A_/_H3N2|unassigned|2013-08-28|HA|4|EPI_ISL_164908","Iowa","2013-08-28"
"A/swine/Iowa/13H073/2013|A_/_H3N2|unassigned|2013-08-28|HA|4|EPI_ISL_164909","unassigned","A/swine/Iowa/13H073/2013|A_/_H3N2|unassigned|2013-08-28|HA|4|EPI_ISL_164909","Iowa","2013-08-28"
"A/swine/Iowa/13H090/2013|A_/_H3N2|unassigned|2013-08-28|HA|4|EPI_ISL_167146","unassigned","A/swine/Iowa/13H090/2013|A_/_H3N2|unassigned|2013-08-28|HA|4|EPI_ISL_167146","Iowa","2013-08-28"
"A/swine/Iowa/13H092/2013|A_/_H3N2|unassigned|2013-08-28|HA|4|EPI_ISL_164910","1990.4.a","A/swine/Iowa/13H092/2013|A_/_H3N2|1990.4.a|2013-08-28|HA|4|EPI_ISL_164910","Iowa","2013-08-28"
"A/swine/Iowa/13H098/2013|A_/_H3N2|unassigned|2013-08-28|HA|4|EPI_ISL_167147","1990.4.a","A/swine/Iowa/13H098/2013|A_/_H3N2|1990.4.a|2013-08-28|HA|4|EPI_ISL_167147","Iowa","2013-08-28"
"A/swine/Indiana/A01260398/2013|A_/_H3N2|unassigned|2013-10-08|HA|4|EPI_ISL_153842","1990.4.a","A/swine/Indiana/A01260398/2013|A_/_H3N2|1990.4.a|2013-10-08|HA|4|EPI_ISL_153842","Indiana","2013-10-08"
"A/swine/Iowa/A01394595/2013|A_/_H3N2|unassigned|2013-10-30|HA|4|EPI_ISL_151919","1990.4.a","A/swine/Iowa/A01394595/2013|A_/_H3N2|1990.4.a|2013-10-30|HA|4|EPI_ISL_151919","Iowa","2013-10-30"
"A/swine/Minnesota/A01395294/2013|A_/_H3N2|unassigned|2013-11-19|HA|4|EPI_ISL_154321","1990.4.a","A/swine/Minnesota/A01395294/2013|A_/_H3N2|1990.4.a|2013-11-19|HA|4|EPI_ISL_154321","Minnesota","2013-11-19"
"A/swine/South_Dakota/A01350803/2013|A_/_H3N2|unassigned|2013-05-30|HA|4|EPI_ISL_143763","1990.4.a","A/swine/South Dakota/A01350803/2013|A_/_H3N2|1990.4.a|2013-05-30|HA|4|EPI_ISL_143763","South Dakota","2013-05-30"
"A/swine/Kentucky/D0385/2013|A_/_H3N2|unassigned|2013-05-20|HA|4|EPI_ISL_207088","1990.4.a","A/swine/Kentucky/D0385/2013|A_/_H3N2|1990.4.a|2013-05-20|HA|4|EPI_ISL_207088","Kentucky","2013-05-20"
"A/swine/Iowa/A01501240/2014|A_/_H3N2|unassigned|2014-05-19|HA|4|EPI_ISL_163958","1990.4.a","A/swine/Iowa/A01501240/2014|A_/_H3N2|1990.4.a|2014-05-19|HA|4|EPI_ISL_163958","Iowa","2014-05-19"
"A/swine/Iowa/A01501685/2014|A_/_H3N2|unassigned|2014-06-05|HA|4|EPI_ISL_165150","1990.4.a","A/swine/Iowa/A01501685/2014|A_/_H3N2|1990.4.a|2014-06-05|HA|4|EPI_ISL_165150","Iowa","2014-06-05"
"A/swine/Iowa/A01501046/2014|A_/_H3N2|unassigned|2014-05-13|HA|4|EPI_ISL_163653","1990.4.a","A/swine/Iowa/A01501046/2014|A_/_H3N2|1990.4.a|2014-05-13|HA|4|EPI_ISL_163653","Iowa","2014-05-13"
"A/swine/Iowa/A01565921/2014|A_/_H3N2|unassigned|2014-10-15|HA|4|EPI_ISL_171293","1990.4.a","A/swine/Iowa/A01565921/2014|A_/_H3N2|1990.4.a|2014-10-15|HA|4|EPI_ISL_171293","Iowa","2014-10-15"
"A/swine/Minnesota/A01350866/2013|A_/_H3N2|unassigned|2013-06-04|HA|4|EPI_ISL_143740","1990.4.a","A/swine/Minnesota/A01350866/2013|A_/_H3N2|1990.4.a|2013-06-04|HA|4|EPI_ISL_143740","Minnesota","2013-06-04"
"A/swine/Minnesota/A01366050/2013|A_/_H3N2|unassigned|2013-11-27|HA|4|EPI_ISL_154324","1990.4.a","A/swine/Minnesota/A01366050/2013|A_/_H3N2|1990.4.a|2013-11-27|HA|4|EPI_ISL_154324","Minnesota","2013-11-27"
"A/swine/South_Dakota/A01481811/2014|A_/_H3N2|unassigned|2014-06-17|HA|4|EPI_ISL_165171","1990.4.a","A/swine/South Dakota/A01481811/2014|A_/_H3N2|1990.4.a|2014-06-17|HA|4|EPI_ISL_165171","South Dakota","2014-06-17"
"A/swine/Indiana/A01203372/2012|A_/_H3N2|unassigned|2012-04-03|HA|4|EPI_ISL_127707","1990.4.a","A/swine/Indiana/A01203372/2012|A_/_H3N2|1990.4.a|2012-04-03|HA|4|EPI_ISL_127707","Indiana","2012-04-03"
"A/swine/Indiana/A01202621/2011|A_/_H3N2|unassigned|2011-09-28|HA|4|EPI_ISL_124316","1990.4.a","A/swine/Indiana/A01202621/2011|A_/_H3N2|1990.4.a|2011-09-28|HA|4|EPI_ISL_124316","Indiana","2011-09-28"
"A/swine/Indiana/A01290854/2013|A_/_H3N2|unassigned|2013-11-01|HA|4|EPI_ISL_154609","1990.4.a","A/swine/Indiana/A01290854/2013|A_/_H3N2|1990.4.a|2013-11-01|HA|4|EPI_ISL_154609","Indiana","2013-11-01"
"A/swine/North_Carolina/A01409048/2013|A_/_H3N2|unassigned|2013-11-01|HA|4|EPI_ISL_153733","1990.4.a","A/swine/North Carolina/A01409048/2013|A_/_H3N2|1990.4.a|2013-11-01|HA|4|EPI_ISL_153733","North Carolina","2013-11-01"
"A/swine/North_Carolina/A01409981/2014|A_/_H3N2|unassigned|2014-02-01|HA|4|EPI_ISL_157887","1990.4.a","A/swine/North Carolina/A01409981/2014|A_/_H3N2|1990.4.a|2014-02-01|HA|4|EPI_ISL_157887","North Carolina","2014-02-01"
"A/swine/North_Carolina/A01475277/2014|A_/_H3N2|unassigned|2014-04-01|HA|4|EPI_ISL_162319","1990.4.a","A/swine/North Carolina/A01475277/2014|A_/_H3N2|1990.4.a|2014-04-01|HA|4|EPI_ISL_162319","North Carolina","2014-04-01"
"A/swine/North_Carolina/A01203801/2012|A_/_H3N2|unassigned|2012-09-01|HA|4|EPI_ISL_129805","1990.4.a","A/swine/North Carolina/A01203801/2012|A_/_H3N2|1990.4.a|2012-09-01|HA|4|EPI_ISL_129805","North Carolina","2012-09-01"
"A/swine/North_Carolina/A01290442/2013|A_/_H3N2|unassigned|2013-09-01|HA|4|EPI_ISL_151718","1990.4.a","A/swine/North Carolina/A01290442/2013|A_/_H3N2|1990.4.a|2013-09-01|HA|4|EPI_ISL_151718","North Carolina","2013-09-01"
"A/swine/Iowa/A01290860/2013|A_/_H3N2|unassigned|2013-11-01|HA|4|EPI_ISL_154606","1990.4.a","A/swine/Iowa/A01290860/2013|A_/_H3N2|1990.4.a|2013-11-01|HA|4|EPI_ISL_154606","Iowa","2013-11-01"
"A/swine/Iowa/A01243736/2012|A_/_H3N2|unassigned|2012-07-25|HA|4|EPI_ISL_131213","1990.4.a","A/swine/Iowa/A01243736/2012|A_/_H3N2|1990.4.a|2012-07-25|HA|4|EPI_ISL_131213","Iowa","2012-07-25"
"A/swine/Tennessee/A01104055/2012|A_/_H3N2|unassigned|2012-10-25|HA|4|EPI_ISL_134281","1990.4.a","A/swine/Tennessee/A01104055/2012|A_/_H3N2|1990.4.a|2012-10-25|HA|4|EPI_ISL_134281","Tennessee","2012-10-25"
"A/swine/USA/A01409276/2013|A_/_H3N2|unassigned|2013-11-01|HA|4|EPI_ISL_154629","1990.4.a","A/swine/USA/A01409276/2013|A_/_H3N2|1990.4.a|2013-11-01|HA|4|EPI_ISL_154629","USA","2013-11-01"
"A/swine/Minnesota/A01349160/2013|A_/_H3N2|unassigned|2013-03-05|HA|4|EPI_ISL_139247","1990.4.a","A/swine/Minnesota/A01349160/2013|A_/_H3N2|1990.4.a|2013-03-05|HA|4|EPI_ISL_139247","Minnesota","2013-03-05"
"A/swine/North_Carolina/A01432997/2013|A_/_H3N2|unassigned|2013-08-01|HA|4|EPI_ISL_147731","1990.4.a","A/swine/North Carolina/A01432997/2013|A_/_H3N2|1990.4.a|2013-08-01|HA|4|EPI_ISL_147731","North Carolina","2013-08-01"
"A/swine/North_Carolina/A01432998/2013|A_/_H3N2|unassigned|2013-08-01|HA|4|EPI_ISL_147729","unassigned","A/swine/North Carolina/A01432998/2013|A_/_H3N2|unassigned|2013-08-01|HA|4|EPI_ISL_147729","North Carolina","2013-08-01"
"A/swine/North_Carolina/A01291329/2013|A_/_H3N2|unassigned|2013-09-01|HA|4|EPI_ISL_149666","1990.4.a","A/swine/North Carolina/A01291329/2013|A_/_H3N2|1990.4.a|2013-09-01|HA|4|EPI_ISL_149666","North Carolina","2013-09-01"
"A/swine/North_Carolina/A01364613/2013|A_/_H3N2|unassigned|2013-09-05|HA|4|EPI_ISL_149664","1990.4.a","A/swine/North Carolina/A01364613/2013|A_/_H3N2|1990.4.a|2013-09-05|HA|4|EPI_ISL_149664","North Carolina","2013-09-05"
"A/swine/North_Carolina/A01476074/2014|A_/_H3N2|unassigned|2014-07-09|HA|4|EPI_ISL_166573","1990.4.a","A/swine/North Carolina/A01476074/2014|A_/_H3N2|1990.4.a|2014-07-09|HA|4|EPI_ISL_166573","North Carolina","2014-07-09"
"A/swine/North_Carolina/A01410672/2014|A_/_H3N2|unassigned|2014-04-01|HA|4|EPI_ISL_162891","1990.4.a","A/swine/North Carolina/A01410672/2014|A_/_H3N2|1990.4.a|2014-04-01|HA|4|EPI_ISL_162891","North Carolina","2014-04-01"
"A/swine/Iowa/A01432529/2013|A_/_H3N2|unassigned|2013-03-01|HA|4|EPI_ISL_140699","1990.4.a","A/swine/Iowa/A01432529/2013|A_/_H3N2|1990.4.a|2013-03-01|HA|4|EPI_ISL_140699","Iowa","2013-03-01"
"A/swine/Indiana/A01260048/2012|A_/_H3N2|unassigned|2012-10-17|HA|4|EPI_ISL_132938","1990.4.a","A/swine/Indiana/A01260048/2012|A_/_H3N2|1990.4.a|2012-10-17|HA|4|EPI_ISL_132938","Indiana","2012-10-17"
"A/swine/Indiana/A01203521/2012|A_/_H3N2|unassigned|2012-05-15|HA|4|EPI_ISL_124051","1990.4.a","A/swine/Indiana/A01203521/2012|A_/_H3N2|1990.4.a|2012-05-15|HA|4|EPI_ISL_124051","Indiana","2012-05-15"
"A/swine/Indiana/A01203522/2012|A_/_H3N2|unassigned|2012-05-15|HA|4|EPI_ISL_124052","unassigned","A/swine/Indiana/A01203522/2012|A_/_H3N2|unassigned|2012-05-15|HA|4|EPI_ISL_124052","Indiana","2012-05-15"
"A/swine/Illinois/A01203812/2012|A_/_H3N2|unassigned|2012-09-01|HA|4|EPI_ISL_129801","1990.4.a","A/swine/Illinois/A01203812/2012|A_/_H3N2|1990.4.a|2012-09-01|HA|4|EPI_ISL_129801","Illinois","2012-09-01"
"A/swine/Illinois/A01327903/2012|A_/_H3N2|unassigned|2012-05-08|HA|4|EPI_ISL_130049","1990.4.a","A/swine/Illinois/A01327903/2012|A_/_H3N2|1990.4.a|2012-05-08|HA|4|EPI_ISL_130049","Illinois","2012-05-08"
"A/swine/Illinois/A01327905/2012|A_/_H3N2|unassigned|2012-05-08|HA|4|EPI_ISL_130054","unassigned","A/swine/Illinois/A01327905/2012|A_/_H3N2|unassigned|2012-05-08|HA|4|EPI_ISL_130054","Illinois","2012-05-08"
"A/swine/Indiana/13TOSU5730/2013|A_/_H3N2|unassigned|2013-08-31|HA|4|EPI_ISL_168299","1990.4.a","A/swine/Indiana/13TOSU5730/2013|A_/_H3N2|1990.4.a|2013-08-31|HA|4|EPI_ISL_168299","Indiana","2013-08-31"
"A/swine/Indiana/A01290320/2013|A_/_H3N2|unassigned|2013-08-01|HA|4|EPI_ISL_148308","1990.4.a","A/swine/Indiana/A01290320/2013|A_/_H3N2|1990.4.a|2013-08-01|HA|4|EPI_ISL_148308","Indiana","2013-08-01"
"A/swine/Iowa/A01481390/2014|A_/_H3N2|unassigned|2014-05-13|HA|4|EPI_ISL_163655","1990.4.a","A/swine/Iowa/A01481390/2014|A_/_H3N2|1990.4.a|2014-05-13|HA|4|EPI_ISL_163655","Iowa","2014-05-13"
"A/swine/Indiana/A01260135/2012|A_/_H3N2|unassigned|2012-11-16|HA|4|EPI_ISL_133670","1990.4.a","A/swine/Indiana/A01260135/2012|A_/_H3N2|1990.4.a|2012-11-16|HA|4|EPI_ISL_133670","Indiana","2012-11-16"
"A/swine/Ohio/A01567020/2014|A_/_H3N2|unassigned|2014-12-10|HA|4|EPI_ISL_182442","1990.4.a","A/swine/Ohio/A01567020/2014|A_/_H3N2|1990.4.a|2014-12-10|HA|4|EPI_ISL_182442","Ohio","2014-12-10"
"A/swine/Nebraska/A01567868/2015|A_/_H3N2|unassigned|2015-01-23|HA|4|EPI_ISL_180661","1990.4.a","A/swine/Nebraska/A01567868/2015|A_/_H3N2|1990.4.a|2015-01-23|HA|4|EPI_ISL_180661","Nebraska","2015-01-23"
"A/swine/Nebraska/A01566782/2014|A_/_H3N2|unassigned|2014-11-21|HA|4|EPI_ISL_182277","1990.4.a","A/swine/Nebraska/A01566782/2014|A_/_H3N2|1990.4.a|2014-11-21|HA|4|EPI_ISL_182277","Nebraska","2014-11-21"
"A/swine/Nebraska/A01781225/2016|A_/_H3N2|unassigned|2016-09-08|HA|4|EPI_ISL_237042","1990.4.a","A/swine/Nebraska/A01781225/2016|A_/_H3N2|1990.4.a|2016-09-08|HA|4|EPI_ISL_237042","Nebraska","2016-09-08"
"A/swine/Nebraska/A01395921/2013|A_/_H3N2|unassigned|2013-12-10|HA|4|EPI_ISL_156307","1990.4.a","A/swine/Nebraska/A01395921/2013|A_/_H3N2|1990.4.a|2013-12-10|HA|4|EPI_ISL_156307","Nebraska","2013-12-10"
"A/swine/Nebraska/A01491325/2014|A_/_H3N2|unassigned|2014-01-27|HA|4|EPI_ISL_157156","1990.4.a","A/swine/Nebraska/A01491325/2014|A_/_H3N2|1990.4.a|2014-01-27|HA|4|EPI_ISL_157156","Nebraska","2014-01-27"
"A/swine/Kansas/13-152087/2013|A_/_H3N2|unassigned|2013-12-02|HA|4|EPI_ISL_158897","1990.4.a","A/swine/Kansas/13-152087/2013|A_/_H3N2|1990.4.a|2013-12-02|HA|4|EPI_ISL_158897","Kansas","2013-12-02"
"A/swine/Nebraska/A01395901/2013|A_/_H3N2|unassigned|2013-12-10|HA|4|EPI_ISL_156311","1990.4.a","A/swine/Nebraska/A01395901/2013|A_/_H3N2|1990.4.a|2013-12-10|HA|4|EPI_ISL_156311","Nebraska","2013-12-10"
"A/swine/Nebraska/A01393702/2013|A_/_H3N2|unassigned|2013-12-16|HA|4|EPI_ISL_156314","1990.4.a","A/swine/Nebraska/A01393702/2013|A_/_H3N2|1990.4.a|2013-12-16|HA|4|EPI_ISL_156314","Nebraska","2013-12-16"
"A/swine/Minnesota/A01366913/2014|A_/_H3N2|unassigned|2014-01-31|HA|4|EPI_ISL_157169","1990.4.a","A/swine/Minnesota/A01366913/2014|A_/_H3N2|1990.4.a|2014-01-31|HA|4|EPI_ISL_157169","Minnesota","2014-01-31"
"A/swine/Nebraska/A01491558/2014|A_/_H3N2|unassigned|2014-02-03|HA|4|EPI_ISL_157614","1990.4.a","A/swine/Nebraska/A01491558/2014|A_/_H3N2|1990.4.a|2014-02-03|HA|4|EPI_ISL_157614","Nebraska","2014-02-03"
"A/swine/USA/A01291038/2013|A_/_H3N2|unassigned|2013-10-01|HA|4|EPI_ISL_150672","1990.4.a","A/swine/USA/A01291038/2013|A_/_H3N2|1990.4.a|2013-10-01|HA|4|EPI_ISL_150672","USA","2013-10-01"
"A/swine/South_Dakota/A01481928/2014|A_/_H3N2|unassigned|2014-06-25|HA|4|EPI_ISL_165237","1990.4.a","A/swine/South Dakota/A01481928/2014|A_/_H3N2|1990.4.a|2014-06-25|HA|4|EPI_ISL_165237","South Dakota","2014-06-25"
"A/swine/Iowa/A01480817/2014|A_/_H3N2|unassigned|2014-04-02|HA|4|EPI_ISL_162047","1990.4.a","A/swine/Iowa/A01480817/2014|A_/_H3N2|1990.4.a|2014-04-02|HA|4|EPI_ISL_162047","Iowa","2014-04-02"
"A/swine/South_Dakota/A01481392/2014|A_/_H3N2|unassigned|2014-05-13|HA|4|EPI_ISL_163637","1990.4.a","A/swine/South Dakota/A01481392/2014|A_/_H3N2|1990.4.a|2014-05-13|HA|4|EPI_ISL_163637","South Dakota","2014-05-13"
"A/swine/Illinois/A01489873/2014|A_/_H3N2|unassigned|2014-11-06|HA|4|EPI_ISL_177599","1990.4.a","A/swine/Illinois/A01489873/2014|A_/_H3N2|1990.4.a|2014-11-06|HA|4|EPI_ISL_177599","Illinois","2014-11-06"
"A/swine/Illinois/A01489874/2014|A_/_H3N2|unassigned|2014-11-11|HA|4|EPI_ISL_177601","1990.4.a","A/swine/Illinois/A01489874/2014|A_/_H3N2|1990.4.a|2014-11-11|HA|4|EPI_ISL_177601","Illinois","2014-11-11"
"A/swine/Kansas/13-152086/2013|A_/_H3N2|unassigned|2013-12-02|HA|4|EPI_ISL_158896","1990.4.a","A/swine/Kansas/13-152086/2013|A_/_H3N2|1990.4.a|2013-12-02|HA|4|EPI_ISL_158896","Kansas","2013-12-02"
"A/swine/South_Dakota/A01366093/2013|A_/_H3N2|unassigned|2013-12-03|HA|4|EPI_ISL_154594","1990.4.a","A/swine/South Dakota/A01366093/2013|A_/_H3N2|1990.4.a|2013-12-03|HA|4|EPI_ISL_154594","South Dakota","2013-12-03"
"A/swine/Illinois/A01770678/2015|A_/_H3N2|unassigned|2015-08-24|HA|4|EPI_ISL_200958","1990.4.a","A/swine/Illinois/A01770678/2015|A_/_H3N2|1990.4.a|2015-08-24|HA|4|EPI_ISL_200958","Illinois","2015-08-24"
"A/swine/Illinois/A01729658/2016|A_/_H3N2|unassigned|2016-01-14|HA|4|EPI_ISL_213786","1990.4.a","A/swine/Illinois/A01729658/2016|A_/_H3N2|1990.4.a|2016-01-14|HA|4|EPI_ISL_213786","Illinois","2016-01-14"
"A/swine/Illinois/A01554902/2015|A_/_H3N2|unassigned|2015-04-24|HA|4|EPI_ISL_190493","1990.4.a","A/swine/Illinois/A01554902/2015|A_/_H3N2|1990.4.a|2015-04-24|HA|4|EPI_ISL_190493","Illinois","2015-04-24"
"A/swine/Illinois/A01476977/2014|A_/_H3N2|unassigned|2014-11-13|HA|4|EPI_ISL_182297","1990.4.a","A/swine/Illinois/A01476977/2014|A_/_H3N2|1990.4.a|2014-11-13|HA|4|EPI_ISL_182297","Illinois","2014-11-13"
"A/swine/Ohio/A01280883/2013|A_/_H3N2|unassigned|2013-02-15|HA|4|EPI_ISL_138854","1990.4.a","A/swine/Ohio/A01280883/2013|A_/_H3N2|1990.4.a|2013-02-15|HA|4|EPI_ISL_138854","Ohio","2013-02-15"
"A/swine/Illinois/A01409735/2014|A_/_H3N2|unassigned|2014-01-01|HA|4|EPI_ISL_155780","1990.4.a","A/swine/Illinois/A01409735/2014|A_/_H3N2|1990.4.a|2014-01-01|HA|4|EPI_ISL_155780","Illinois","2014-01-01"
"A/swine/Illinois/1A-0314-G5/2014|A_/_H3N2|unassigned|2014-01-01|HA|4|EPI_ISL_16705685","unassigned","A/swine/Illinois/1A-0314-G5/2014|A_/_H3N2|unassigned|2014-01-01|HA|4|EPI_ISL_16705685","Illinois","2014-01-01"
"A/swine/Illinois/A01536079/2014|A_/_H3N2|unassigned|2014-02-24|HA|4|EPI_ISL_162913","unassigned","A/swine/Illinois/A01536079/2014|A_/_H3N2|unassigned|2014-02-24|HA|4|EPI_ISL_162913","Illinois","2014-02-24"
"A/swine/Illinois/1A-0314-G5/2014|A_/_H3N2|3C.3a|2014-02-01|HA|4|EPI_ISL_16891340","unassigned","A/swine/Illinois/1A-0314-G5/2014|A_/_H3N2|3C.3a|2014-02-01|HA|4|EPI_ISL_16891340","Illinois","2014-02-01"
"A/swine/Illinois/A01475273/2014|A_/_H3N2|unassigned|2014-04-01|HA|4|EPI_ISL_162313","1990.4.a","A/swine/Illinois/A01475273/2014|A_/_H3N2|1990.4.a|2014-04-01|HA|4|EPI_ISL_162313","Illinois","2014-04-01"
"A/swine/Illinois/A01475279/2014|A_/_H3N2|unassigned|2014-04-01|HA|4|EPI_ISL_162316","unassigned","A/swine/Illinois/A01475279/2014|A_/_H3N2|unassigned|2014-04-01|HA|4|EPI_ISL_162316","Illinois","2014-04-01"
"A/swine/Illinois/A01536186/2014|A_/_H3N2|unassigned|2014-03-14|HA|4|EPI_ISL_162914","1990.4.a","A/swine/Illinois/A01536186/2014|A_/_H3N2|1990.4.a|2014-03-14|HA|4|EPI_ISL_162914","Illinois","2014-03-14"
"A/swine/Illinois/A01502079/2014|A_/_H3N2|unassigned|2014-06-18|HA|4|EPI_ISL_165244","1990.4.a","A/swine/Illinois/A01502079/2014|A_/_H3N2|1990.4.a|2014-06-18|HA|4|EPI_ISL_165244","Illinois","2014-06-18"
"A/swine/Illinois/A01536474/2014|A_/_H3N2|unassigned|2014-04-07|HA|4|EPI_ISL_162912","1990.4.a","A/swine/Illinois/A01536474/2014|A_/_H3N2|1990.4.a|2014-04-07|HA|4|EPI_ISL_162912","Illinois","2014-04-07"
"A/swine/Illinois/1B-0614-P23/2014|A_/_H3N2|unassigned|2014-01-01|HA|4|EPI_ISL_16705686","1990.4.a","A/swine/Illinois/1B-0614-P23/2014|A_/_H3N2|1990.4.a|2014-01-01|HA|4|EPI_ISL_16705686","Illinois","2014-01-01"
"A/swine/Illinois/1B-0614-P23/2014|A_/_H3N2|3C.3a|2014-02-01|HA|4|EPI_ISL_16891325","unassigned","A/swine/Illinois/1B-0614-P23/2014|A_/_H3N2|3C.3a|2014-02-01|HA|4|EPI_ISL_16891325","Illinois","2014-02-01"
"A/swine/Illinois/A01462644/2015|A_/_H3N2|unassigned|2015-01-29|HA|4|EPI_ISL_177877","1990.4.a","A/swine/Illinois/A01462644/2015|A_/_H3N2|1990.4.a|2015-01-29|HA|4|EPI_ISL_177877","Illinois","2015-01-29"
"A/swine/Illinois/A01462663/2015|A_/_H3N2|unassigned|2015-02-02|HA|4|EPI_ISL_177880","1990.4.a","A/swine/Illinois/A01462663/2015|A_/_H3N2|1990.4.a|2015-02-02|HA|4|EPI_ISL_177880","Illinois","2015-02-02"
"A/swine/Illinois/A01489869/2014|A_/_H3N2|unassigned|2014-08-27|HA|4|EPI_ISL_177589","1990.4.a","A/swine/Illinois/A01489869/2014|A_/_H3N2|1990.4.a|2014-08-27|HA|4|EPI_ISL_177589","Illinois","2014-08-27"
"A/swine/Iowa/A01840866/2015|A_/_H3N2|unassigned|2015-02-25|HA|4|EPI_ISL_177942","1990.4.a","A/swine/Iowa/A01840866/2015|A_/_H3N2|1990.4.a|2015-02-25|HA|4|EPI_ISL_177942","Iowa","2015-02-25"
"A/swine/Illinois/A01820128/2015|A_/_H3N2|unassigned|2015-03-20|HA|4|EPI_ISL_179574","1990.4.a","A/swine/Illinois/A01820128/2015|A_/_H3N2|1990.4.a|2015-03-20|HA|4|EPI_ISL_179574","Illinois","2015-03-20"
"A/swine/Illinois/A01847805/2015|A_/_H3N2|unassigned|2015-04-24|HA|4|EPI_ISL_188955","1990.4.a","A/swine/Illinois/A01847805/2015|A_/_H3N2|1990.4.a|2015-04-24|HA|4|EPI_ISL_188955","Illinois","2015-04-24"
"A/swine/Illinois/A01555050/2014|A_/_H3N2|unassigned|2014-11-21|HA|4|EPI_ISL_174313","1990.4.a","A/swine/Illinois/A01555050/2014|A_/_H3N2|1990.4.a|2014-11-21|HA|4|EPI_ISL_174313","Illinois","2014-11-21"
"A/swine/Illinois/A01841768/2015|A_/_H3N2|unassigned|2015-03-26|HA|4|EPI_ISL_179605","1990.4.a","A/swine/Illinois/A01841768/2015|A_/_H3N2|1990.4.a|2015-03-26|HA|4|EPI_ISL_179605","Illinois","2015-03-26"
"A/swine/Illinois/A02024070/2015|A_/_H3N2|unassigned|2015-05-15|HA|4|EPI_ISL_191505","1990.4.a","A/swine/Illinois/A02024070/2015|A_/_H3N2|1990.4.a|2015-05-15|HA|4|EPI_ISL_191505","Illinois","2015-05-15"
"A/swine/Illinois/A01503899/2014|A_/_H3N2|unassigned|2014-08-27|HA|4|EPI_ISL_167154","1990.4.a","A/swine/Illinois/A01503899/2014|A_/_H3N2|1990.4.a|2014-08-27|HA|4|EPI_ISL_167154","Illinois","2014-08-27"
"A/swine/Illinois/A01727602/2015|A_/_H3N2|unassigned|2015-12-11|HA|4|EPI_ISL_209370","1990.4.a","A/swine/Illinois/A01727602/2015|A_/_H3N2|1990.4.a|2015-12-11|HA|4|EPI_ISL_209370","Illinois","2015-12-11"
"A/swine/Illinois/A01727532/2015|A_/_H3N2|unassigned|2015-12-10|HA|4|EPI_ISL_209378","unassigned","A/swine/Illinois/A01727532/2015|A_/_H3N2|unassigned|2015-12-10|HA|4|EPI_ISL_209378","Illinois","2015-12-10"
"A/swine/Iowa/A01728784/2016|A_/_H3N2|unassigned|2016-01-04|HA|4|EPI_ISL_211823","1990.4.a","A/swine/Iowa/A01728784/2016|A_/_H3N2|1990.4.a|2016-01-04|HA|4|EPI_ISL_211823","Iowa","2016-01-04"
"A/swine/Illinois/A01945691/2015|A_/_H3N2|unassigned|2015-10-19|HA|4|EPI_ISL_203111","1990.4.a","A/swine/Illinois/A01945691/2015|A_/_H3N2|1990.4.a|2015-10-19|HA|4|EPI_ISL_203111","Illinois","2015-10-19"
"A/swine/Illinois/A01728293/2015|A_/_H3N2|unassigned|2015-12-22|HA|4|EPI_ISL_211815","1990.4.a","A/swine/Illinois/A01728293/2015|A_/_H3N2|1990.4.a|2015-12-22|HA|4|EPI_ISL_211815","Illinois","2015-12-22"
"A/swine/Missouri/A01775853/2016|A_/_H3N2|unassigned|2016-05-24|HA|4|EPI_ISL_230187","1990.4.a","A/swine/Missouri/A01775853/2016|A_/_H3N2|1990.4.a|2016-05-24|HA|4|EPI_ISL_230187","Missouri","2016-05-24"
"A/swine/Iowa/A02025916/2015|A_/_H3N2|unassigned|2015-09-08|HA|4|EPI_ISL_201419","1990.4.a","A/swine/Iowa/A02025916/2015|A_/_H3N2|1990.4.a|2015-09-08|HA|4|EPI_ISL_201419","Iowa","2015-09-08"
"A/swine/Illinois/A01840991/2015|A_/_H3N2|unassigned|2015-03-11|HA|4|EPI_ISL_181109","1990.4.a","A/swine/Illinois/A01840991/2015|A_/_H3N2|1990.4.a|2015-03-11|HA|4|EPI_ISL_181109","Illinois","2015-03-11"
"A/swine/Illinois/A01489882/2015|A_/_H3N2|unassigned|2015-01-27|HA|4|EPI_ISL_177590","1990.4.a","A/swine/Illinois/A01489882/2015|A_/_H3N2|1990.4.a|2015-01-27|HA|4|EPI_ISL_177590","Illinois","2015-01-27"
"A/swine/Illinois/A02090639/2015|A_/_H3N2|unassigned|2015-08-26|HA|4|EPI_ISL_201838","1990.4.a","A/swine/Illinois/A02090639/2015|A_/_H3N2|1990.4.a|2015-08-26|HA|4|EPI_ISL_201838","Illinois","2015-08-26"
"A/swine/Ilinois/A02090306/2015|A_/_H3N2|unassigned|2015-07-21|HA|4|EPI_ISL_198208","1990.4.a","A/swine/Illinois/A02090306/2015|A_/_H3N2|1990.4.a|2015-07-21|HA|4|EPI_ISL_198208","Illinois","2015-07-21"
"A/swine/Ilinois/A02090378/2015|A_/_H3N2|unassigned|2015-07-28|HA|4|EPI_ISL_198207","1990.4.a","A/swine/Illinois/A02090378/2015|A_/_H3N2|1990.4.a|2015-07-28|HA|4|EPI_ISL_198207","Illinois","2015-07-28"
"A/swine/Illinois/A01502036/2014|A_/_H3N2|unassigned|2014-06-18|HA|4|EPI_ISL_168472","1990.4.a","A/swine/Illinois/A01502036/2014|A_/_H3N2|1990.4.a|2014-06-18|HA|4|EPI_ISL_168472","Illinois","2014-06-18"
"A/swine/Illinois/A01502060/2014|A_/_H3N2|unassigned|2014-06-18|HA|4|EPI_ISL_165242","1990.4.a","A/swine/Illinois/A01502060/2014|A_/_H3N2|1990.4.a|2014-06-18|HA|4|EPI_ISL_165242","Illinois","2014-06-18"
"A/swine/Illinois/A01501987/2014|A_/_H3N2|unassigned|2014-06-18|HA|4|EPI_ISL_165240","unassigned","A/swine/Illinois/A01501987/2014|A_/_H3N2|unassigned|2014-06-18|HA|4|EPI_ISL_165240","Illinois","2014-06-18"
"A/swine/Illinois/A01502049/2014|A_/_H3N2|unassigned|2014-06-18|HA|4|EPI_ISL_165241","unassigned","A/swine/Illinois/A01502049/2014|A_/_H3N2|unassigned|2014-06-18|HA|4|EPI_ISL_165241","Illinois","2014-06-18"
"A/swine/Illinois/A01502005/2014|A_/_H3N2|unassigned|2014-06-18|HA|4|EPI_ISL_165239","1990.4.a","A/swine/Illinois/A01502005/2014|A_/_H3N2|1990.4.a|2014-06-18|HA|4|EPI_ISL_165239","Illinois","2014-06-18"
"A/swine/Illinois/A01502053/2014|A_/_H3N2|unassigned|2014-06-18|HA|4|EPI_ISL_165243","1990.4.a","A/swine/Illinois/A01502053/2014|A_/_H3N2|1990.4.a|2014-06-18|HA|4|EPI_ISL_165243","Illinois","2014-06-18"
"A/swine/Illinois/A00843206/2014|A_/_H3N2|unassigned|2014-08-08|HA|4|EPI_ISL_167193","1990.4.a","A/swine/Illinois/A00843206/2014|A_/_H3N2|1990.4.a|2014-08-08|HA|4|EPI_ISL_167193","Illinois","2014-08-08"
"A/swine/Iowa/A01365015/2013|A_/_H3N2|unassigned|2013-09-25|HA|4|EPI_ISL_151905","1990.4.a","A/swine/Iowa/A01365015/2013|A_/_H3N2|1990.4.a|2013-09-25|HA|4|EPI_ISL_151905","Iowa","2013-09-25"
"A/swine/Minnesota/A01351603/2013|A_/_H3N2|unassigned|2013-07-11|HA|4|EPI_ISL_145936","1990.4.a","A/swine/Minnesota/A01351603/2013|A_/_H3N2|1990.4.a|2013-07-11|HA|4|EPI_ISL_145936","Minnesota","2013-07-11"
"A/swine/Minnesota/A01364816/2013|A_/_H3N2|unassigned|2013-09-13|HA|4|EPI_ISL_150517","1990.4.a","A/swine/Minnesota/A01364816/2013|A_/_H3N2|1990.4.a|2013-09-13|HA|4|EPI_ISL_150517","Minnesota","2013-09-13"
"A/swine/Illinois/A01478890/2015|A_/_H3N2|unassigned|2015-02-19|HA|4|EPI_ISL_177896","1990.4.a","A/swine/Illinois/A01478890/2015|A_/_H3N2|1990.4.a|2015-02-19|HA|4|EPI_ISL_177896","Illinois","2015-02-19"
"A/swine/Illinois/A01520758/2014|A_/_H3N2|unassigned|2014-10-14|HA|4|EPI_ISL_171108","1990.4.a","A/swine/Illinois/A01520758/2014|A_/_H3N2|1990.4.a|2014-10-14|HA|4|EPI_ISL_171108","Illinois","2014-10-14"
"A/swine/Illinois/A01944946/2015|A_/_H3N2|unassigned|2015-10-29|HA|4|EPI_ISL_205064","1990.4.a","A/swine/Illinois/A01944946/2015|A_/_H3N2|1990.4.a|2015-10-29|HA|4|EPI_ISL_205064","Illinois","2015-10-29"
"A/swine/Illinois/A01727528/2015|A_/_H3N2|unassigned|2015-12-11|HA|4|EPI_ISL_209371","1990.4.a","A/swine/Illinois/A01727528/2015|A_/_H3N2|1990.4.a|2015-12-11|HA|4|EPI_ISL_209371","Illinois","2015-12-11"
"A/swine/Illinois/A01895671/2016|A_/_H3N2|unassigned|2016-04-18|HA|4|EPI_ISL_222527","1990.4.a","A/swine/Illinois/A01895671/2016|A_/_H3N2|1990.4.a|2016-04-18|HA|4|EPI_ISL_222527","Illinois","2016-04-18"
"A/swine/Illinois/A01732588/2016|A_/_H3N2|unassigned|2016-02-25|HA|4|EPI_ISL_236803","1990.4.a","A/swine/Illinois/A01732588/2016|A_/_H3N2|1990.4.a|2016-02-25|HA|4|EPI_ISL_236803","Illinois","2016-02-25"
"A/swine/Illinois/A01820364/2015|A_/_H3N2|unassigned|2015-04-14|HA|4|EPI_ISL_188953","1990.4.a","A/swine/Illinois/A01820364/2015|A_/_H3N2|1990.4.a|2015-04-14|HA|4|EPI_ISL_188953","Illinois","2015-04-14"
"A/swine/Iowa/A02076179/2015|A_/_H3N2|unassigned|2015-04-07|HA|4|EPI_ISL_188931","1990.4.a","A/swine/Iowa/A02076179/2015|A_/_H3N2|1990.4.a|2015-04-07|HA|4|EPI_ISL_188931","Iowa","2015-04-07"
"A/swine/Iowa/A01476878/2014|A_/_H3N2|unassigned|2014-10-31|HA|4|EPI_ISL_181262","1990.4.a","A/swine/Iowa/A01476878/2014|A_/_H3N2|1990.4.a|2014-10-31|HA|4|EPI_ISL_181262","Iowa","2014-10-31"
"A/swine/Iowa/A01476877/2014|A_/_H3N2|unassigned|2014-10-29|HA|4|EPI_ISL_181264","1990.4.a","A/swine/Iowa/A01476877/2014|A_/_H3N2|1990.4.a|2014-10-29|HA|4|EPI_ISL_181264","Iowa","2014-10-29"
"A/swine/Iowa/13H081/2013|A_/_H3N2|unassigned|2013-08-28|HA|4|EPI_ISL_157607","1990.4.a","A/swine/Iowa/13H081/2013|A_/_H3N2|1990.4.a|2013-08-28|HA|4|EPI_ISL_157607","Iowa","2013-08-28"
"A/swine/Iowa/13H082/2013|A_/_H3N2|unassigned|2013-08-28|HA|4|EPI_ISL_157604","1990.4.a","A/swine/Iowa/13H082/2013|A_/_H3N2|1990.4.a|2013-08-28|HA|4|EPI_ISL_157604","Iowa","2013-08-28"
"A/swine/Iowa/13H068/2013|A_/_H3N2|unassigned|2013-08-28|HA|4|EPI_ISL_157608","unassigned","A/swine/Iowa/13H068/2013|A_/_H3N2|unassigned|2013-08-28|HA|4|EPI_ISL_157608","Iowa","2013-08-28"
"A/swine/Iowa/13H069/2013|A_/_H3N2|unassigned|2013-08-28|HA|4|EPI_ISL_153854","unassigned","A/swine/Iowa/13H069/2013|A_/_H3N2|unassigned|2013-08-28|HA|4|EPI_ISL_153854","Iowa","2013-08-28"
"A/swine/Iowa/13H094/2013|A_/_H3N2|unassigned|2013-08-28|HA|4|EPI_ISL_153852","unassigned","A/swine/Iowa/13H094/2013|A_/_H3N2|unassigned|2013-08-28|HA|4|EPI_ISL_153852","Iowa","2013-08-28"
"A/swine/Maryland/D0384/2013|A_/_H3N2|unassigned|2013-11-29|HA|4|EPI_ISL_207158","1990.4.a","A/swine/Maryland/D0384/2013|A_/_H3N2|1990.4.a|2013-11-29|HA|4|EPI_ISL_207158","Maryland","2013-11-29"
"A/swine/Illinois/A01476214/2014|A_/_H3N2|unassigned|2014-08-06|HA|4|EPI_ISL_166552","1990.4.a","A/swine/Illinois/A01476214/2014|A_/_H3N2|1990.4.a|2014-08-06|HA|4|EPI_ISL_166552","Illinois","2014-08-06"
"A/swine/Missouri/A01493970/2014|A_/_H3N2|unassigned|2014-04-03|HA|4|EPI_ISL_162333","1990.4.a","A/swine/Missouri/A01493970/2014|A_/_H3N2|1990.4.a|2014-04-03|HA|4|EPI_ISL_162333","Missouri","2014-04-03"
"A/swine/Missouri/A01493964/2014|A_/_H3N2|unassigned|2014-04-03|HA|4|EPI_ISL_162564","unassigned","A/swine/Missouri/A01493964/2014|A_/_H3N2|unassigned|2014-04-03|HA|4|EPI_ISL_162564","Missouri","2014-04-03"
"A/swine/Minnesota/A01392079/2013|A_/_H3N2|unassigned|2013-09-18|HA|4|EPI_ISL_151709","1990.4.a","A/swine/Minnesota/A01392079/2013|A_/_H3N2|1990.4.a|2013-09-18|HA|4|EPI_ISL_151709","Minnesota","2013-09-18"
"A/swine/Minnesota/A01394021/2013|A_/_H3N2|unassigned|2013-10-15|HA|4|EPI_ISL_151144","1990.4.a","A/swine/Minnesota/A01394021/2013|A_/_H3N2|1990.4.a|2013-10-15|HA|4|EPI_ISL_151144","Minnesota","2013-10-15"
"A/swine/Minnesota/A01394278/2013|A_/_H3N2|unassigned|2013-09-19|HA|4|EPI_ISL_150651","1990.4.a","A/swine/Minnesota/A01394278/2013|A_/_H3N2|1990.4.a|2013-09-19|HA|4|EPI_ISL_150651","Minnesota","2013-09-19"
"A/swine/Virginia/A01290329/2013|A_/_H3N2|unassigned|2013-08-01|HA|4|EPI_ISL_148312","1990.4.a","A/swine/Virginia/A01290329/2013|A_/_H3N2|1990.4.a|2013-08-01|HA|4|EPI_ISL_148312","Virginia","2013-08-01"
"A/swine/North_Carolina/A01442548/2012|A_/_H3N2|unassigned|2012-11-20|HA|4|EPI_ISL_134301","1990.4.a","A/swine/North Carolina/A01442548/2012|A_/_H3N2|1990.4.a|2012-11-20|HA|4|EPI_ISL_134301","North Carolina","2012-11-20"
"A/swine/North_Carolina/A01300820/2012|A_/_H3N2|unassigned|2012-07-19|HA|4|EPI_ISL_130143","1990.4.a","A/swine/North Carolina/A01300820/2012|A_/_H3N2|1990.4.a|2012-07-19|HA|4|EPI_ISL_130143","North Carolina","2012-07-19"
"A/swine/Michigan/A01259000/2012|A_/_H3N2|unassigned|2012-06-19|HA|4|EPI_ISL_128295","1990.4.a","A/swine/Michigan/A01259000/2012|A_/_H3N2|1990.4.a|2012-06-19|HA|4|EPI_ISL_128295","Michigan","2012-06-19"
"A/swine/Iowa/A01432886/2013|A_/_H3N2|unassigned|2013-07-01|HA|4|EPI_ISL_145752","1990.4.a","A/swine/Iowa/A01432886/2013|A_/_H3N2|1990.4.a|2013-07-01|HA|4|EPI_ISL_145752","Iowa","2013-07-01"
"A/swine/Illinois/A01327629/2012|A_/_H3N2|unassigned|2012-04-15|HA|4|EPI_ISL_130082","1990.4.a","A/swine/Illinois/A01327629/2012|A_/_H3N2|1990.4.a|2012-04-15|HA|4|EPI_ISL_130082","Illinois","2012-04-15"
"A/swine/Illinois/A01240908/2012|A_/_H3N2|unassigned|2012-01-03|HA|4|EPI_ISL_130184","1990.4.a","A/swine/Illinois/A01240908/2012|A_/_H3N2|1990.4.a|2012-01-03|HA|4|EPI_ISL_130184","Illinois","2012-01-03"
"A/swine/Illinois/A01327184/2012|A_/_H3N2|unassigned|2012-03-15|HA|4|EPI_ISL_130092","1990.4.a","A/swine/Illinois/A01327184/2012|A_/_H3N2|1990.4.a|2012-03-15|HA|4|EPI_ISL_130092","Illinois","2012-03-15"
"A/swine/Pennsylvania/A01477597/2014|A_/_H3N2|unassigned|2014-09-25|HA|4|EPI_ISL_167977","1990.4.a","A/swine/Pennsylvania/A01477597/2014|A_/_H3N2|1990.4.a|2014-09-25|HA|4|EPI_ISL_167977","Pennsylvania","2014-09-25"
"A/swine/Pennsylvania/A01432652/2013|A_/_H3N2|unassigned|2013-04-02|HA|4|EPI_ISL_142021","1990.4.a","A/swine/Pennsylvania/A01432652/2013|A_/_H3N2|1990.4.a|2013-04-02|HA|4|EPI_ISL_142021","Pennsylvania","2013-04-02"
"A/swine/Nebraska/A01565757/2014|A_/_H3N2|unassigned|2014-06-24|HA|4|EPI_ISL_167970","1990.4.a","A/swine/Nebraska/A01565757/2014|A_/_H3N2|1990.4.a|2014-06-24|HA|4|EPI_ISL_167970","Nebraska","2014-06-24"
"A/swine/Nebraska/A01509963/2014|A_/_H3N2|unassigned|2014-05-07|HA|4|EPI_ISL_165086","1990.4.a","A/swine/Nebraska/A01509963/2014|A_/_H3N2|1990.4.a|2014-05-07|HA|4|EPI_ISL_165086","Nebraska","2014-05-07"
"A/swine/Nebraska/A01493501/2014|A_/_H3N2|unassigned|2014-03-27|HA|4|EPI_ISL_162045","1990.4.a","A/swine/Nebraska/A01493501/2014|A_/_H3N2|1990.4.a|2014-03-27|HA|4|EPI_ISL_162045","Nebraska","2014-03-27"
"A/swine/Nebraska/A01493915/2014|A_/_H3N2|unassigned|2014-04-09|HA|4|EPI_ISL_162562","unassigned","A/swine/Nebraska/A01493915/2014|A_/_H3N2|unassigned|2014-04-09|HA|4|EPI_ISL_162562","Nebraska","2014-04-09"
"A/swine/Nebraska/A01409533/2013|A_/_H3N2|unassigned|2013-12-01|HA|4|EPI_ISL_155696","1990.4.a","A/swine/Nebraska/A01409533/2013|A_/_H3N2|1990.4.a|2013-12-01|HA|4|EPI_ISL_155696","Nebraska","2013-12-01"
"A/swine/Nebraska/A01409647/2013|A_/_H3N2|unassigned|2013-12-01|HA|4|EPI_ISL_155800","1990.4.a","A/swine/Nebraska/A01409647/2013|A_/_H3N2|1990.4.a|2013-12-01|HA|4|EPI_ISL_155800","Nebraska","2013-12-01"
"A/swine/Nebraska/4B-1113-P1/2013|A_/_H3N2|unassigned|2013-01-01|HA|4|EPI_ISL_16701460","1990.4.a","A/swine/Nebraska/4B-1113-P1/2013|A_/_H3N2|1990.4.a|2013-01-01|HA|4|EPI_ISL_16701460","Nebraska","2013-01-01"
"A/swine/Nebraska/4B-1113-P1/2013|A_/_H3N2|3C.3a|2013-02-01|HA|4|EPI_ISL_16891320","unassigned","A/swine/Nebraska/4B-1113-P1/2013|A_/_H3N2|3C.3a|2013-02-01|HA|4|EPI_ISL_16891320","Nebraska","2013-02-01"
"A/swine/Nebraska/A01394342/2013|A_/_H3N2|unassigned|2013-10-28|HA|4|EPI_ISL_151790","1990.4.a","A/swine/Nebraska/A01394342/2013|A_/_H3N2|1990.4.a|2013-10-28|HA|4|EPI_ISL_151790","Nebraska","2013-10-28"
"A/swine/South_Dakota/A01366063/2013|A_/_H3N2|unassigned|2013-11-29|HA|4|EPI_ISL_154325","unassigned","A/swine/South Dakota/A01366063/2013|A_/_H3N2|unassigned|2013-11-29|HA|4|EPI_ISL_154325","South Dakota","2013-11-29"
"A/swine/Nebraska/A01394567/2013|A_/_H3N2|unassigned|2013-10-31|HA|4|EPI_ISL_153864","1990.4.a","A/swine/Nebraska/A01394567/2013|A_/_H3N2|1990.4.a|2013-10-31|HA|4|EPI_ISL_153864","Nebraska","2013-10-31"
"A/swine/Nebraska/4D-0114-P29/2014|A_/_H3N2|unassigned|2014-01-01|HA|4|EPI_ISL_16705252","1990.4.a","A/swine/Nebraska/4D-0114-P29/2014|A_/_H3N2|1990.4.a|2014-01-01|HA|4|EPI_ISL_16705252","Nebraska","2014-01-01"
"A/swine/Nebraska/4D-0114-P8/2014|A_/_H3N2|3C.3a|2014-02-01|HA|4|EPI_ISL_16891314","unassigned","A/swine/Nebraska/4D-0114-P8/2014|A_/_H3N2|3C.3a|2014-02-01|HA|4|EPI_ISL_16891314","Nebraska","2014-02-01"
"A/swine/Nebraska/4D-0114-P29/2014|A_/_H3N2|3C.3a|2014-02-01|HA|4|EPI_ISL_16891341","unassigned","A/swine/Nebraska/4D-0114-P29/2014|A_/_H3N2|3C.3a|2014-02-01|HA|4|EPI_ISL_16891341","Nebraska","2014-02-01"
"A/swine/Nebraska/4D-0114-P8/2014|A_/_H3N2|unassigned|2014-01-01|HA|4|EPI_ISL_16703274","unassigned","A/swine/Nebraska/4D-0114-P8/2014|A_/_H3N2|unassigned|2014-01-01|HA|4|EPI_ISL_16703274","Nebraska","2014-01-01"
"A/swine/Nebraska/4F-1113-P5/2013|A_/_H3N2|unassigned|2013-01-01|HA|4|EPI_ISL_16702404","1990.4.a","A/swine/Nebraska/4F-1113-P5/2013|A_/_H3N2|1990.4.a|2013-01-01|HA|4|EPI_ISL_16702404","Nebraska","2013-01-01"
"A/swine/Nebraska/4F-1113-P5/2013|A_/_H3N2|3C.3a|2013-02-01|HA|4|EPI_ISL_16891316","unassigned","A/swine/Nebraska/4F-1113-P5/2013|A_/_H3N2|3C.3a|2013-02-01|HA|4|EPI_ISL_16891316","Nebraska","2013-02-01"
"A/swine/Nebraska/4D-0114-P4/2014|A_/_H3N2|3C.3a|2014-02-01|HA|4|EPI_ISL_16891327","unassigned","A/swine/Nebraska/4D-0114-P4/2014|A_/_H3N2|3C.3a|2014-02-01|HA|4|EPI_ISL_16891327","Nebraska","2014-02-01"
"A/swine/Nebraska/4D-0114-P4/2014|A_/_H3N2|unassigned|2014-01-01|HA|4|EPI_ISL_16702922","1990.4.a","A/swine/Nebraska/4D-0114-P4/2014|A_/_H3N2|1990.4.a|2014-01-01|HA|4|EPI_ISL_16702922","Nebraska","2014-01-01"
"A/swine/Nebraska/4D-0114-P1/2014|A_/_H3N2|3C.3a|2014-02-01|HA|4|EPI_ISL_16891351","unassigned","A/swine/Nebraska/4D-0114-P1/2014|A_/_H3N2|3C.3a|2014-02-01|HA|4|EPI_ISL_16891351","Nebraska","2014-02-01"
"A/swine/Nebraska/4D-0114-P1/2014|A_/_H3N2|unassigned|2014-01-01|HA|4|EPI_ISL_16702842","1990.4.a","A/swine/Nebraska/4D-0114-P1/2014|A_/_H3N2|1990.4.a|2014-01-01|HA|4|EPI_ISL_16702842","Nebraska","2014-01-01"
"A/swine/Nebraska/4B-1113-P20/2013|A_/_H3N2|unassigned|2013-01-01|HA|4|EPI_ISL_16702403","1990.4.a","A/swine/Nebraska/4B-1113-P20/2013|A_/_H3N2|1990.4.a|2013-01-01|HA|4|EPI_ISL_16702403","Nebraska","2013-01-01"
"A/swine/Nebraska/4B-1113-P20/2013|A_/_H3N2|3C.3a|2013-02-01|HA|4|EPI_ISL_16891344","unassigned","A/swine/Nebraska/4B-1113-P20/2013|A_/_H3N2|3C.3a|2013-02-01|HA|4|EPI_ISL_16891344","Nebraska","2013-02-01"
"A/swine/Illinois/A01398587/2013|A_/_H3N2|unassigned|2013-08-07|HA|4|EPI_ISL_148320","1990.4.a","A/swine/Illinois/A01398587/2013|A_/_H3N2|1990.4.a|2013-08-07|HA|4|EPI_ISL_148320","Illinois","2013-08-07"
"A/swine/Nebraska/4C-0813-G20/2013|A_/_H3N2|unassigned|2013-01-01|HA|4|EPI_ISL_16700814","1990.4.a","A/swine/Nebraska/4C-0813-G20/2013|A_/_H3N2|1990.4.a|2013-01-01|HA|4|EPI_ISL_16700814","Nebraska","2013-01-01"
"A/swine/Nebraska/4C-0813-G20/2013|A_/_H3N2|3C.3a|2013-02-01|HA|4|EPI_ISL_16891365","unassigned","A/swine/Nebraska/4C-0813-G20/2013|A_/_H3N2|3C.3a|2013-02-01|HA|4|EPI_ISL_16891365","Nebraska","2013-02-01"
"A/swine/Minnesota/A01480518/2014|A_/_H3N2|unassigned|2014-03-11|HA|4|EPI_ISL_161335","1990.4.a","A/swine/Minnesota/A01480518/2014|A_/_H3N2|1990.4.a|2014-03-11|HA|4|EPI_ISL_161335","Minnesota","2014-03-11"
"A/swine/Minnesota/A01366992/2014|A_/_H3N2|unassigned|2014-02-05|HA|4|EPI_ISL_157615","1990.4.a","A/swine/Minnesota/A01366992/2014|A_/_H3N2|1990.4.a|2014-02-05|HA|4|EPI_ISL_157615","Minnesota","2014-02-05"
"A/swine/Illinois/A01411761/2014|A_/_H3N2|unassigned|2014-04-01|HA|4|EPI_ISL_162892","1990.4.a","A/swine/Illinois/A01411761/2014|A_/_H3N2|1990.4.a|2014-04-01|HA|4|EPI_ISL_162892","Illinois","2014-04-01"
"A/swine/Nebraska/A01501767/2014|A_/_H3N2|unassigned|2014-06-12|HA|4|EPI_ISL_165238","1990.4.a","A/swine/Nebraska/A01501767/2014|A_/_H3N2|1990.4.a|2014-06-12|HA|4|EPI_ISL_165238","Nebraska","2014-06-12"
"A/swine/Nebraska/A01489870/2014|A_/_H3N2|unassigned|2014-09-11|HA|4|EPI_ISL_177592","1990.4.a","A/swine/Nebraska/A01489870/2014|A_/_H3N2|1990.4.a|2014-09-11|HA|4|EPI_ISL_177592","Nebraska","2014-09-11"
"A/swine/Nebraska/A01489868/2014|A_/_H3N2|unassigned|2014-08-04|HA|4|EPI_ISL_177585","1990.4.a","A/swine/Nebraska/A01489868/2014|A_/_H3N2|1990.4.a|2014-08-04|HA|4|EPI_ISL_177585","Nebraska","2014-08-04"
"A/swine/Nebraska/4B-0114-P25/2014|A_/_H3N2|unassigned|2014-01-01|HA|4|EPI_ISL_16705321","1990.4.a","A/swine/Nebraska/4B-0114-P25/2014|A_/_H3N2|1990.4.a|2014-01-01|HA|4|EPI_ISL_16705321","Nebraska","2014-01-01"
"A/swine/Nebraska/4B-0114-P25/2014|A_/_H3N2|3C.3a|2014-02-01|HA|4|EPI_ISL_16891317","unassigned","A/swine/Nebraska/4B-0114-P25/2014|A_/_H3N2|3C.3a|2014-02-01|HA|4|EPI_ISL_16891317","Nebraska","2014-02-01"
"A/swine/Nebraska/A01395675/2013|A_/_H3N2|unassigned|2013-12-03|HA|4|EPI_ISL_154574","1990.4.a","A/swine/Nebraska/A01395675/2013|A_/_H3N2|1990.4.a|2013-12-03|HA|4|EPI_ISL_154574","Nebraska","2013-12-03"
"A/swine/Nebraska/4B-1113-P15/2013|A_/_H3N2|unassigned|2013-01-01|HA|4|EPI_ISL_16701536","1990.4.a","A/swine/Nebraska/4B-1113-P15/2013|A_/_H3N2|1990.4.a|2013-01-01|HA|4|EPI_ISL_16701536","Nebraska","2013-01-01"
"A/swine/Nebraska/4B-1113-P15/2013|A_/_H3N2|3C.3a|2013-02-01|HA|4|EPI_ISL_16891342","unassigned","A/swine/Nebraska/4B-1113-P15/2013|A_/_H3N2|3C.3a|2013-02-01|HA|4|EPI_ISL_16891342","Nebraska","2013-02-01"
"A/swine/Nebraska/4G-0314-P10/2014|A_/_H3N2|unassigned|2014-01-01|HA|4|EPI_ISL_16705322","1990.4.a","A/swine/Nebraska/4G-0314-P10/2014|A_/_H3N2|1990.4.a|2014-01-01|HA|4|EPI_ISL_16705322","Nebraska","2014-01-01"
"A/swine/Nebraska/4G-0314-P10/2014|A_/_H3N2|3C.3a|2014-02-01|HA|4|EPI_ISL_16891345","unassigned","A/swine/Nebraska/4G-0314-P10/2014|A_/_H3N2|3C.3a|2014-02-01|HA|4|EPI_ISL_16891345","Nebraska","2014-02-01"
"A/swine/Minnesota/A01483010/2014|A_/_H3N2|unassigned|2014-09-17|HA|4|EPI_ISL_167456","1990.4.a","A/swine/Minnesota/A01483010/2014|A_/_H3N2|1990.4.a|2014-09-17|HA|4|EPI_ISL_167456","Minnesota","2014-09-17"
"A/swine/Nebraska/A01567651/2015|A_/_H3N2|unassigned|2015-01-12|HA|4|EPI_ISL_180639","1990.4.a","A/swine/Nebraska/A01567651/2015|A_/_H3N2|1990.4.a|2015-01-12|HA|4|EPI_ISL_180639","Nebraska","2015-01-12"
"A/swine/Nebraska/A01489647/2015|A_/_H3N2|unassigned|2015-03-10|HA|4|EPI_ISL_177587","1990.4.a","A/swine/Nebraska/A01489647/2015|A_/_H3N2|1990.4.a|2015-03-10|HA|4|EPI_ISL_177587","Nebraska","2015-03-10"
"A/swine/Nebraska/A01489819/2015|A_/_H3N2|unassigned|2015-03-19|HA|4|EPI_ISL_177593","1990.4.a","A/swine/Nebraska/A01489819/2015|A_/_H3N2|1990.4.a|2015-03-19|HA|4|EPI_ISL_177593","Nebraska","2015-03-19"
"A/swine/Nebraska/A01822664/2015|A_/_H3N2|unassigned|2015-06-05|HA|4|EPI_ISL_195332","1990.4.a","A/swine/Nebraska/A01822664/2015|A_/_H3N2|1990.4.a|2015-06-05|HA|4|EPI_ISL_195332","Nebraska","2015-06-05"
"A/swine/Nebraska/A01567084/2014|A_/_H3N2|unassigned|2014-12-11|HA|4|EPI_ISL_173622","1990.4.a","A/swine/Nebraska/A01567084/2014|A_/_H3N2|1990.4.a|2014-12-11|HA|4|EPI_ISL_173622","Nebraska","2014-12-11"
"A/swine/Nebraska/A01567207/2014|A_/_H3N2|unassigned|2014-12-18|HA|4|EPI_ISL_173624","1990.4.a","A/swine/Nebraska/A01567207/2014|A_/_H3N2|1990.4.a|2014-12-18|HA|4|EPI_ISL_173624","Nebraska","2014-12-18"
"A/swine/Nebraska/A01565990/2014|A_/_H3N2|unassigned|2014-10-20|HA|4|EPI_ISL_171010","1990.4.a","A/swine/Nebraska/A01565990/2014|A_/_H3N2|1990.4.a|2014-10-20|HA|4|EPI_ISL_171010","Nebraska","2014-10-20"
"A/swine/Nebraska/A01565950/2014|A_/_H3N2|unassigned|2014-10-16|HA|4|EPI_ISL_171295","1990.4.a","A/swine/Nebraska/A01565950/2014|A_/_H3N2|1990.4.a|2014-10-16|HA|4|EPI_ISL_171295","Nebraska","2014-10-16"
"A/swine/Nebraska/A01397576/2013|A_/_H3N2|unassigned|2013-07-01|HA|4|EPI_ISL_145907","1990.4.a","A/swine/Nebraska/A01397576/2013|A_/_H3N2|1990.4.a|2013-07-01|HA|4|EPI_ISL_145907","Nebraska","2013-07-01"
"A/swine/Wyoming/A01444562/2013|A_/_H3N2|unassigned|2013-01-13|HA|4|EPI_ISL_136647","1990.4.a","A/swine/Wyoming/A01444562/2013|A_/_H3N2|1990.4.a|2013-01-13|HA|4|EPI_ISL_136647","Wyoming","2013-01-13"
"A/swine/Wyoming/A01379346/2013|A_/_H3N2|unassigned|2013-03-29|HA|4|EPI_ISL_141386","1990.4.a","A/swine/Wyoming/A01379346/2013|A_/_H3N2|1990.4.a|2013-03-29|HA|4|EPI_ISL_141386","Wyoming","2013-03-29"
"A/swine/Wyoming/A01444560/2013|A_/_H3N2|unassigned|2013-01-13|HA|4|EPI_ISL_137558","unassigned","A/swine/Wyoming/A01444560/2013|A_/_H3N2|unassigned|2013-01-13|HA|4|EPI_ISL_137558","Wyoming","2013-01-13"
"A/swine/Wyoming/A01379354/2013|A_/_H3N2|unassigned|2013-03-29|HA|4|EPI_ISL_142018","1990.4.a","A/swine/Wyoming/A01379354/2013|A_/_H3N2|1990.4.a|2013-03-29|HA|4|EPI_ISL_142018","Wyoming","2013-03-29"
"A/swine/Wyoming/A01444566/2013|A_/_H3N2|unassigned|2013-01-13|HA|4|EPI_ISL_137560","1990.4.a","A/swine/Wyoming/A01444566/2013|A_/_H3N2|1990.4.a|2013-01-13|HA|4|EPI_ISL_137560","Wyoming","2013-01-13"
"A/swine/Wyoming/A01445296/2013|A_/_H3N2|unassigned|2013-02-08|HA|4|EPI_ISL_138862","1990.4.a","A/swine/Wyoming/A01445296/2013|A_/_H3N2|1990.4.a|2013-02-08|HA|4|EPI_ISL_138862","Wyoming","2013-02-08"
"A/swine/Wyoming/A01381213/2013|A_/_H3N2|unassigned|2013-05-21|HA|4|EPI_ISL_143878","1990.4.a","A/swine/Wyoming/A01381213/2013|A_/_H3N2|1990.4.a|2013-05-21|HA|4|EPI_ISL_143878","Wyoming","2013-05-21"
"A/swine/Wyoming/A01380322/2013|A_/_H3N2|unassigned|2013-04-30|HA|4|EPI_ISL_143212","1990.4.a","A/swine/Wyoming/A01380322/2013|A_/_H3N2|1990.4.a|2013-04-30|HA|4|EPI_ISL_143212","Wyoming","2013-04-30"
"A/swine/Wyoming/A01445305/2013|A_/_H3N2|unassigned|2013-02-08|HA|4|EPI_ISL_138865","1990.4.a","A/swine/Wyoming/A01445305/2013|A_/_H3N2|1990.4.a|2013-02-08|HA|4|EPI_ISL_138865","Wyoming","2013-02-08"
"A/swine/Iowa/A01244805/2013|A_/_H3N2|unassigned|2013-07-01|HA|4|EPI_ISL_145742","1990.4.a","A/swine/Iowa/A01244805/2013|A_/_H3N2|1990.4.a|2013-07-01|HA|4|EPI_ISL_145742","Iowa","2013-07-01"
"A/swine/Wyoming/A01397400/2013|A_/_H3N2|unassigned|2013-06-25|HA|4|EPI_ISL_147140","1990.4.a","A/swine/Wyoming/A01397400/2013|A_/_H3N2|1990.4.a|2013-06-25|HA|4|EPI_ISL_147140","Wyoming","2013-06-25"
"A/swine/Iowa/A01733626/2016|A_/_H3N2|unassigned|2016-03-16|HA|4|EPI_ISL_221732","1990.4.a","A/swine/Iowa/A01733626/2016|A_/_H3N2|1990.4.a|2016-03-16|HA|4|EPI_ISL_221732","Iowa","2016-03-16"
"A/swine/Iowa/A01894589/2016|A_/_H3N2|unassigned|2016-04-01|HA|4|EPI_ISL_222509","1990.4.a","A/swine/Iowa/A01894589/2016|A_/_H3N2|1990.4.a|2016-04-01|HA|4|EPI_ISL_222509","Iowa","2016-04-01"
"A/swine/Wyoming/A01381202/2013|A_/_H3N2|unassigned|2013-05-21|HA|4|EPI_ISL_143876","1990.4.a","A/swine/Wyoming/A01381202/2013|A_/_H3N2|1990.4.a|2013-05-21|HA|4|EPI_ISL_143876","Wyoming","2013-05-21"
"A/swine/Wyoming/A01397389/2013|A_/_H3N2|unassigned|2013-06-25|HA|4|EPI_ISL_147139","unassigned","A/swine/Wyoming/A01397389/2013|A_/_H3N2|unassigned|2013-06-25|HA|4|EPI_ISL_147139","Wyoming","2013-06-25"
"A/swine/Wyoming/A01380335/2013|A_/_H3N2|unassigned|2013-04-30|HA|4|EPI_ISL_143215","1990.4.a","A/swine/Wyoming/A01380335/2013|A_/_H3N2|1990.4.a|2013-04-30|HA|4|EPI_ISL_143215","Wyoming","2013-04-30"
"A/swine/Wyoming/A01379327/2013|A_/_H3N2|unassigned|2013-03-29|HA|4|EPI_ISL_142019","1990.4.a","A/swine/Wyoming/A01379327/2013|A_/_H3N2|1990.4.a|2013-03-29|HA|4|EPI_ISL_142019","Wyoming","2013-03-29"
"A/swine/Kansas/A01377243/2014|A_/_H3N2|unassigned|2014-03-07|HA|4|EPI_ISL_162472","1990.4.a","A/swine/Kansas/A01377243/2014|A_/_H3N2|1990.4.a|2014-03-07|HA|4|EPI_ISL_162472","Kansas","2014-03-07"
"A/swine/Iowa/A01203503/2012|A_/_H3N2|unassigned|2012-05-09|HA|4|EPI_ISL_124047","1990.4.a","A/swine/Iowa/A01203503/2012|A_/_H3N2|1990.4.a|2012-05-09|HA|4|EPI_ISL_124047","Iowa","2012-05-09"
"A/swine/Ohio/11SW208/2011|A_/_H3N2|unassigned|2011-08-31|HA|4|EPI_ISL_143871","1990.4.a","A/swine/Ohio/11SW208/2011|A_/_H3N2|1990.4.a|2011-08-31|HA|4|EPI_ISL_143871","Ohio","2011-08-31"
"A/swine/Ohio/11SW219/2011|A_/_H3N2|unassigned|2011-08-31|HA|4|EPI_ISL_143872","unassigned","A/swine/Ohio/11SW219/2011|A_/_H3N2|unassigned|2011-08-31|HA|4|EPI_ISL_143872","Ohio","2011-08-31"
"A/swine/Ohio/11SW344/2011|A_/_H3N2|unassigned|2011-09-30|HA|4|EPI_ISL_143190","unassigned","A/swine/Ohio/11SW344/2011|A_/_H3N2|unassigned|2011-09-30|HA|4|EPI_ISL_143190","Ohio","2011-09-30"
"A/swine/Ohio/11SW214/2011|A_/_H3N2|unassigned|2011-08-31|HA|4|EPI_ISL_143191","unassigned","A/swine/Ohio/11SW214/2011|A_/_H3N2|unassigned|2011-08-31|HA|4|EPI_ISL_143191","Ohio","2011-08-31"
"A/swine/Ohio/11SW177/2011|A_/_H3N2|unassigned|2011-08-31|HA|4|EPI_ISL_143196","unassigned","A/swine/Ohio/11SW177/2011|A_/_H3N2|unassigned|2011-08-31|HA|4|EPI_ISL_143196","Ohio","2011-08-31"
"A/swine/Ohio/11SW349/2011|A_/_H3N2|unassigned|2011-09-30|HA|4|EPI_ISL_143197","unassigned","A/swine/Ohio/11SW349/2011|A_/_H3N2|unassigned|2011-09-30|HA|4|EPI_ISL_143197","Ohio","2011-09-30"
"A/swine/Ohio/11SW116/2011|A_/_H3N2|unassigned|2011-08-31|HA|4|EPI_ISL_143198","unassigned","A/swine/Ohio/11SW116/2011|A_/_H3N2|unassigned|2011-08-31|HA|4|EPI_ISL_143198","Ohio","2011-08-31"
"A/swine/Ohio/11SW111/2011|A_/_H3N2|unassigned|2011-08-31|HA|4|EPI_ISL_143194","unassigned","A/swine/Ohio/11SW111/2011|A_/_H3N2|unassigned|2011-08-31|HA|4|EPI_ISL_143194","Ohio","2011-08-31"
"A/swine/Iowa/A01432395/2013|A_/_H3N2|unassigned|2013-01-09|HA|4|EPI_ISL_138209","1990.4.a","A/swine/Iowa/A01432395/2013|A_/_H3N2|1990.4.a|2013-01-09|HA|4|EPI_ISL_138209","Iowa","2013-01-09"
"A/swine/Minnesota/A01490759/2013|A_/_H3N2|unassigned|2013-12-26|HA|4|EPI_ISL_155774","1990.4.a","A/swine/Minnesota/A01490759/2013|A_/_H3N2|1990.4.a|2013-12-26|HA|4|EPI_ISL_155774","Minnesota","2013-12-26"
"A/swine/Ohio/A01203624/2012|A_/_H3N2|unassigned|2012-07-12|HA|4|EPI_ISL_128300","1990.4.a","A/swine/Ohio/A01203624/2012|A_/_H3N2|1990.4.a|2012-07-12|HA|4|EPI_ISL_128300","Ohio","2012-07-12"
"A/swine/Indiana/13TOSU5095/2013|A_/_H3N2|unassigned|2013-08-31|HA|4|EPI_ISL_168340","1990.4.a","A/swine/Indiana/13TOSU5095/2013|A_/_H3N2|1990.4.a|2013-08-31|HA|4|EPI_ISL_168340","Indiana","2013-08-31"
"A/swine/Indiana/13TOSU1217/2013|A_/_H3N2|unassigned|2013-07-01|HA|4|EPI_ISL_161151","1990.4.a","A/swine/Indiana/13TOSU1217/2013|A_/_H3N2|1990.4.a|2013-07-01|HA|4|EPI_ISL_161151","Indiana","2013-07-01"
"A/swine/Indiana/13TOSU1207/2013|A_/_H3N2|unassigned|2013-07-01|HA|4|EPI_ISL_161152","unassigned","A/swine/Indiana/13TOSU1207/2013|A_/_H3N2|unassigned|2013-07-01|HA|4|EPI_ISL_161152","Indiana","2013-07-01"
"A/swine/Ohio/13TOSU2130/2013|A_/_H3N2|unassigned|2013-08-01|HA|4|EPI_ISL_161130","1990.4.a","A/swine/Ohio/13TOSU2130/2013|A_/_H3N2|1990.4.a|2013-08-01|HA|4|EPI_ISL_161130","Ohio","2013-08-01"
"A/swine/Ohio/13TOSU2132/2013|A_/_H3N2|unassigned|2013-08-01|HA|4|EPI_ISL_161186","1990.4.a","A/swine/Ohio/13TOSU2132/2013|A_/_H3N2|1990.4.a|2013-08-01|HA|4|EPI_ISL_161186","Ohio","2013-08-01"
"A/swine/North_Carolina/A02135886/2017|A_/_H3N2|unassigned|2017-11-07|HA|4|EPI_ISL_296261","1990.4.a","A/swine/North Carolina/A02135886/2017|A_/_H3N2|1990.4.a|2017-11-07|HA|4|EPI_ISL_296261","North Carolina","2017-11-07"
"A/swine/North_Carolina/A01290722/2013|A_/_H3N2|unassigned|2013-11-01|HA|4|EPI_ISL_153732","1990.4.a","A/swine/North Carolina/A01290722/2013|A_/_H3N2|1990.4.a|2013-11-01|HA|4|EPI_ISL_153732","North Carolina","2013-11-01"
"A/swine/North_Carolina/A01290762/2013|A_/_H3N2|unassigned|2013-11-01|HA|4|EPI_ISL_153767","1990.4.a","A/swine/North Carolina/A01290762/2013|A_/_H3N2|1990.4.a|2013-11-01|HA|4|EPI_ISL_153767","North Carolina","2013-11-01"
"A/swine/North_Carolina/A01290717/2013|A_/_H3N2|unassigned|2013-11-01|HA|4|EPI_ISL_153745","1990.4.a","A/swine/North Carolina/A01290717/2013|A_/_H3N2|1990.4.a|2013-11-01|HA|4|EPI_ISL_153745","North Carolina","2013-11-01"
"A/swine/North_Carolina/A01476722/2014|A_/_H3N2|unassigned|2014-10-14|HA|4|EPI_ISL_170809","1990.4.a","A/swine/North Carolina/A01476722/2014|A_/_H3N2|1990.4.a|2014-10-14|HA|4|EPI_ISL_170809","North Carolina","2014-10-14"
"A/swine/North_Carolina/A01730588/2016|A_/_H3N2|unassigned|2016-01-28|HA|4|EPI_ISL_216893","1990.4.a","A/swine/North Carolina/A01730588/2016|A_/_H3N2|1990.4.a|2016-01-28|HA|4|EPI_ISL_216893","North Carolina","2016-01-28"
"A/swine/North_Carolina/A01290759/2013|A_/_H3N2|unassigned|2013-11-01|HA|4|EPI_ISL_153763","1990.4.a","A/swine/North Carolina/A01290759/2013|A_/_H3N2|1990.4.a|2013-11-01|HA|4|EPI_ISL_153763","North Carolina","2013-11-01"
"A/swine/North_Carolina/A01432566/2013|A_/_H3N2|unassigned|2013-03-01|HA|4|EPI_ISL_140698","1990.4.a","A/swine/North Carolina/A01432566/2013|A_/_H3N2|1990.4.a|2013-03-01|HA|4|EPI_ISL_140698","North Carolina","2013-03-01"
"A/swine/North_Carolina/A01410136/2014|A_/_H3N2|unassigned|2014-01-01|HA|4|EPI_ISL_157192","1990.4.a","A/swine/North Carolina/A01410136/2014|A_/_H3N2|1990.4.a|2014-01-01|HA|4|EPI_ISL_157192","North Carolina","2014-01-01"
"A/swine/North_Carolina/A01410180/2014|A_/_H3N2|unassigned|2014-01-01|HA|4|EPI_ISL_157204","1990.4.a","A/swine/North Carolina/A01410180/2014|A_/_H3N2|1990.4.a|2014-01-01|HA|4|EPI_ISL_157204","North Carolina","2014-01-01"
"A/swine/Kansas/13-105721a/2013|A_/_H3N2|unassigned|2013-02-20|HA|4|EPI_ISL_140923","1990.4.a","A/swine/Kansas/13-105721a/2013|A_/_H3N2|1990.4.a|2013-02-20|HA|4|EPI_ISL_140923","Kansas","2013-02-20"
"A/swine/Iowa/A01668207/2016|A_/_H3N2|unassigned|2016-11-10|HA|4|EPI_ISL_246081","1990.4.a","A/swine/Iowa/A01668207/2016|A_/_H3N2|1990.4.a|2016-11-10|HA|4|EPI_ISL_246081","Iowa","2016-11-10"
"A/swine/Iowa/A01671944/2016|A_/_H3N2|unassigned|2016-12-29|HA|4|EPI_ISL_253924","1990.4.a","A/swine/Iowa/A01671944/2016|A_/_H3N2|1990.4.a|2016-12-29|HA|4|EPI_ISL_253924","Iowa","2016-12-29"
"A/swine/Iowa/A01777663/2016|A_/_H3N2|unassigned|2016-06-29|HA|4|EPI_ISL_234963","1990.4.a","A/swine/Iowa/A01777663/2016|A_/_H3N2|1990.4.a|2016-06-29|HA|4|EPI_ISL_234963","Iowa","2016-06-29"
"A/swine/Iowa/A01857687/2015|A_/_H3N2|unassigned|2015-09-30|HA|4|EPI_ISL_203196","1990.4.a","A/swine/Iowa/A01857687/2015|A_/_H3N2|1990.4.a|2015-09-30|HA|4|EPI_ISL_203196","Iowa","2015-09-30"
"A/swine/Iowa/A01778878/2016|A_/_H3N2|unassigned|2016-08-22|HA|4|EPI_ISL_237035","1990.4.a","A/swine/Iowa/A01778878/2016|A_/_H3N2|1990.4.a|2016-08-22|HA|4|EPI_ISL_237035","Iowa","2016-08-22"
"A/swine/Kansas/14-000624/2015|A_/_H3N2|unassigned|2015-01-12|HA|4|EPI_ISL_174911","1990.4.a","A/swine/Kansas/14-000624/2015|A_/_H3N2|1990.4.a|2015-01-12|HA|4|EPI_ISL_174911","Kansas","2015-01-12"
"A/swine/Indiana/A01260667/2014|A_/_H3N2|unassigned|2014-09-24|HA|4|EPI_ISL_168508","1990.4.a","A/swine/Indiana/A01260667/2014|A_/_H3N2|1990.4.a|2014-09-24|HA|4|EPI_ISL_168508","Indiana","2014-09-24"
"A/swine/Indiana/A01260169/2012|A_/_H3N2|unassigned|2012-12-11|HA|4|EPI_ISL_136675","1990.4.a","A/swine/Indiana/A01260169/2012|A_/_H3N2|1990.4.a|2012-12-11|HA|4|EPI_ISL_136675","Indiana","2012-12-11"
"A/swine/Indiana/A01271853/2012|A_/_H3N2|unassigned|2012-11-06|HA|4|EPI_ISL_132981","1990.4.a","A/swine/Indiana/A01271853/2012|A_/_H3N2|1990.4.a|2012-11-06|HA|4|EPI_ISL_132981","Indiana","2012-11-06"
"A/swine/Illinois/A01290508/2013|A_/_H3N2|unassigned|2013-10-01|HA|4|EPI_ISL_151732","1990.4.a","A/swine/Illinois/A01290508/2013|A_/_H3N2|1990.4.a|2013-10-01|HA|4|EPI_ISL_151732","Illinois","2013-10-01"
"A/swine/Ohio/OH-18-7965/2018|A_/_H3N2|unassigned|2018-04-09|HA|4|EPI_ISL_311325","1990.4.a","A/swine/Ohio/OH-18-7965/2018|A_/_H3N2|1990.4.a|2018-04-09|HA|4|EPI_ISL_311325","Ohio","2018-04-09"
"A/swine/Ohio/OH18-09978.4/2018|A_/_H3N2|unassigned|2018-04-29|HA|4|EPI_ISL_373237","unassigned","A/swine/Ohio/OH18-09978.4/2018|A_/_H3N2|unassigned|2018-04-29|HA|4|EPI_ISL_373237","Ohio","2018-04-29"
"A/swine/Ohio/OH-18-6910/2018|A_/_H3N2|unassigned|2018-03-26|HA|4|EPI_ISL_329655","1990.4.a","A/swine/Ohio/OH-18-6910/2018|A_/_H3N2|1990.4.a|2018-03-26|HA|4|EPI_ISL_329655","Ohio","2018-03-26"
"A/swine/Indiana/A01260276/2013|A_/_H3N2|unassigned|2013-04-16|HA|4|EPI_ISL_143497","1990.4.a","A/swine/Indiana/A01260276/2013|A_/_H3N2|1990.4.a|2013-04-16|HA|4|EPI_ISL_143497","Indiana","2013-04-16"
"A/swine/Indiana/A01260254/2013|A_/_H3N2|unassigned|2013-03-20|HA|4|EPI_ISL_143503","1990.4.a","A/swine/Indiana/A01260254/2013|A_/_H3N2|1990.4.a|2013-03-20|HA|4|EPI_ISL_143503","Indiana","2013-03-20"
"A/swine/Indiana/A01260284/2013|A_/_H3N2|unassigned|2013-04-30|HA|4|EPI_ISL_143500","1990.4.a","A/swine/Indiana/A01260284/2013|A_/_H3N2|1990.4.a|2013-04-30|HA|4|EPI_ISL_143500","Indiana","2013-04-30"
"A/swine/Indiana/A01260252/2013|A_/_H3N2|unassigned|2013-03-19|HA|4|EPI_ISL_143502","1990.4.a","A/swine/Indiana/A01260252/2013|A_/_H3N2|1990.4.a|2013-03-19|HA|4|EPI_ISL_143502","Indiana","2013-03-19"
"A/swine/Indiana/A01260416/2013|A_/_H3N2|unassigned|2013-11-11|HA|4|EPI_ISL_157617","1990.4.a","A/swine/Indiana/A01260416/2013|A_/_H3N2|1990.4.a|2013-11-11|HA|4|EPI_ISL_157617","Indiana","2013-11-11"
"A/swine/Indiana/A01260521/2014|A_/_H3N2|unassigned|2014-03-19|HA|4|EPI_ISL_162934","1990.4.a","A/swine/Indiana/A01260521/2014|A_/_H3N2|1990.4.a|2014-03-19|HA|4|EPI_ISL_162934","Indiana","2014-03-19"
"A/swine/Illinois/A01409657/2014|A_/_H3N2|unassigned|2014-01-01|HA|4|EPI_ISL_155790","1990.4.a","A/swine/Illinois/A01409657/2014|A_/_H3N2|1990.4.a|2014-01-01|HA|4|EPI_ISL_155790","Illinois","2014-01-01"
"A/swine/Iowa/A01409518/2013|A_/_H3N2|unassigned|2013-12-01|HA|4|EPI_ISL_155803","1990.4.a","A/swine/Iowa/A01409518/2013|A_/_H3N2|1990.4.a|2013-12-01|HA|4|EPI_ISL_155803","Iowa","2013-12-01"
"A/swine/Illinois/A01411097/2014|A_/_H3N2|unassigned|2014-01-01|HA|4|EPI_ISL_156598","unassigned","A/swine/Illinois/A01411097/2014|A_/_H3N2|unassigned|2014-01-01|HA|4|EPI_ISL_156598","Illinois","2014-01-01"
"A/swine/Illinois/A01411463/2014|A_/_H3N2|unassigned|2014-02-01|HA|4|EPI_ISL_157877","unassigned","A/swine/Illinois/A01411463/2014|A_/_H3N2|unassigned|2014-02-01|HA|4|EPI_ISL_157877","Illinois","2014-02-01"
"A/swine/Illinois/A01410268/2014|A_/_H3N2|unassigned|2014-02-01|HA|4|EPI_ISL_157880","unassigned","A/swine/Illinois/A01410268/2014|A_/_H3N2|unassigned|2014-02-01|HA|4|EPI_ISL_157880","Illinois","2014-02-01"
"A/swine/Illinois/A01409994/2014|A_/_H3N2|unassigned|2014-02-01|HA|4|EPI_ISL_157884","unassigned","A/swine/Illinois/A01409994/2014|A_/_H3N2|unassigned|2014-02-01|HA|4|EPI_ISL_157884","Illinois","2014-02-01"
"A/swine/Illinois/A01475015/2014|A_/_H3N2|unassigned|2014-02-01|HA|4|EPI_ISL_157885","unassigned","A/swine/Illinois/A01475015/2014|A_/_H3N2|unassigned|2014-02-01|HA|4|EPI_ISL_157885","Illinois","2014-02-01"
"A/swine/Michigan/A01410962/2014|A_/_H3N2|unassigned|2014-06-11|HA|4|EPI_ISL_165173","1990.4.a","A/swine/Michigan/A01410962/2014|A_/_H3N2|1990.4.a|2014-06-11|HA|4|EPI_ISL_165173","Michigan","2014-06-11"
"A/swine/Iowa/A01476426/2014|A_/_H3N2|unassigned|2014-09-17|HA|4|EPI_ISL_167440","1990.4.a","A/swine/Iowa/A01476426/2014|A_/_H3N2|1990.4.a|2014-09-17|HA|4|EPI_ISL_167440","Iowa","2014-09-17"
"A/swine/North_Carolina/A01410529/2014|A_/_H3N2|unassigned|2014-03-01|HA|4|EPI_ISL_162037","1990.4.a","A/swine/North Carolina/A01410529/2014|A_/_H3N2|1990.4.a|2014-03-01|HA|4|EPI_ISL_162037","North Carolina","2014-03-01"
"A/swine/Illinois/A01475190/2014|A_/_H3N2|unassigned|2014-03-01|HA|4|EPI_ISL_162029","1990.4.a","A/swine/Illinois/A01475190/2014|A_/_H3N2|1990.4.a|2014-03-01|HA|4|EPI_ISL_162029","Illinois","2014-03-01"
"A/swine/Illinois/A01410453/2014|A_/_H3N2|unassigned|2014-03-01|HA|4|EPI_ISL_162034","unassigned","A/swine/Illinois/A01410453/2014|A_/_H3N2|unassigned|2014-03-01|HA|4|EPI_ISL_162034","Illinois","2014-03-01"
"A/swine/Illinois/A01410110/2014|A_/_H3N2|unassigned|2014-01-01|HA|4|EPI_ISL_157195","1990.4.a","A/swine/Illinois/A01410110/2014|A_/_H3N2|1990.4.a|2014-01-01|HA|4|EPI_ISL_157195","Illinois","2014-01-01"
"A/swine/Illinois/A01555638/2015|A_/_H3N2|unassigned|2015-02-26|HA|4|EPI_ISL_177561","1990.4.a","A/swine/Illinois/A01555638/2015|A_/_H3N2|1990.4.a|2015-02-26|HA|4|EPI_ISL_177561","Illinois","2015-02-26"
"A/swine/Illinois/A01555570/2015|A_/_H3N2|unassigned|2015-02-19|HA|4|EPI_ISL_177894","1990.4.a","A/swine/Illinois/A01555570/2015|A_/_H3N2|1990.4.a|2015-02-19|HA|4|EPI_ISL_177894","Illinois","2015-02-19"
"A/swine/Minnesota/A01493481/2014|A_/_H3N2|unassigned|2014-03-26|HA|4|EPI_ISL_162336","1990.4.a","A/swine/Minnesota/A01493481/2014|A_/_H3N2|1990.4.a|2014-03-26|HA|4|EPI_ISL_162336","Minnesota","2014-03-26"
"A/swine/North_Carolina/A01476560/2014|A_/_H3N2|unassigned|2014-10-06|HA|4|EPI_ISL_171029","1990.4.a","A/swine/North Carolina/A01476560/2014|A_/_H3N2|1990.4.a|2014-10-06|HA|4|EPI_ISL_171029","North Carolina","2014-10-06"
"A/swine/Minnesota/A01469329/2014|A_/_H3N2|unassigned|2014-12-18|HA|4|EPI_ISL_173650","1990.4.a","A/swine/Minnesota/A01469329/2014|A_/_H3N2|1990.4.a|2014-12-18|HA|4|EPI_ISL_173650","Minnesota","2014-12-18"
"A/swine/Iowa/A01840061/2014|A_/_H3N2|unassigned|2014-12-04|HA|4|EPI_ISL_174320","1990.4.a","A/swine/Iowa/A01840061/2014|A_/_H3N2|1990.4.a|2014-12-04|HA|4|EPI_ISL_174320","Iowa","2014-12-04"
"A/swine/Iowa/A01795793/2015|A_/_H3N2|unassigned|2015-11-05|HA|4|EPI_ISL_205067","1990.4.a","A/swine/Iowa/A01795793/2015|A_/_H3N2|1990.4.a|2015-11-05|HA|4|EPI_ISL_205067","Iowa","2015-11-05"
"A/swine/Indiana/15TOSU0850/2015|A_/_H3N2|unassigned|2015-06-25|HA|4|EPI_ISL_243751","1990.4.a","A/swine/Indiana/15TOSU0850/2015|A_/_H3N2|1990.4.a|2015-06-25|HA|4|EPI_ISL_243751","Indiana","2015-06-25"
"A/swine/Indiana/15TOSU8822/2015|A_/_H3N2|unassigned|2015-07-24|HA|4|EPI_ISL_243757","1990.4.a","A/swine/Indiana/15TOSU8822/2015|A_/_H3N2|1990.4.a|2015-07-24|HA|4|EPI_ISL_243757","Indiana","2015-07-24"
"A/swine/Indiana/15TOSU1248/2015|A_/_H3N2|unassigned|2015-07-18|HA|4|EPI_ISL_243763","unassigned","A/swine/Indiana/15TOSU1248/2015|A_/_H3N2|unassigned|2015-07-18|HA|4|EPI_ISL_243763","Indiana","2015-07-18"
"A/swine/Indiana/15TOSU0219/2015|A_/_H3N2|unassigned|2015-07-16|HA|4|EPI_ISL_243769","unassigned","A/swine/Indiana/15TOSU0219/2015|A_/_H3N2|unassigned|2015-07-16|HA|4|EPI_ISL_243769","Indiana","2015-07-16"
"A/swine/Indiana/15TOSU0495/2015|A_/_H3N2|unassigned|2015-06-25|HA|4|EPI_ISL_243778","unassigned","A/swine/Indiana/15TOSU0495/2015|A_/_H3N2|unassigned|2015-06-25|HA|4|EPI_ISL_243778","Indiana","2015-06-25"
"A/swine/Indiana/15TOSU0844/2015|A_/_H3N2|unassigned|2015-06-25|HA|4|EPI_ISL_243781","unassigned","A/swine/Indiana/15TOSU0844/2015|A_/_H3N2|unassigned|2015-06-25|HA|4|EPI_ISL_243781","Indiana","2015-06-25"
"A/swine/Indiana/15TOSU0881/2015|A_/_H3N2|unassigned|2015-07-09|HA|4|EPI_ISL_243760","1990.4.a","A/swine/Indiana/15TOSU0881/2015|A_/_H3N2|1990.4.a|2015-07-09|HA|4|EPI_ISL_243760","Indiana","2015-07-09"
"A/swine/Indiana/15TOSU0348/2015|A_/_H3N2|unassigned|2015-07-17|HA|4|EPI_ISL_243777","1990.4.a","A/swine/Indiana/15TOSU0348/2015|A_/_H3N2|1990.4.a|2015-07-17|HA|4|EPI_ISL_243777","Indiana","2015-07-17"
"A/swine/Illinois/A00843253/2015|A_/_H3N2|unassigned|2015-06-12|HA|4|EPI_ISL_206887","1990.4.a","A/swine/Illinois/A00843253/2015|A_/_H3N2|1990.4.a|2015-06-12|HA|4|EPI_ISL_206887","Illinois","2015-06-12"
"A/swine/Illinois/A01770246/2015|A_/_H3N2|unassigned|2015-08-12|HA|4|EPI_ISL_200083","1990.4.a","A/swine/Illinois/A01770246/2015|A_/_H3N2|1990.4.a|2015-08-12|HA|4|EPI_ISL_200083","Illinois","2015-08-12"
"A/swine/Indiana/A01812151/2016|A_/_H3N2|unassigned|2016-01-20|HA|4|EPI_ISL_236810","1990.4.a","A/swine/Indiana/A01812151/2016|A_/_H3N2|1990.4.a|2016-01-20|HA|4|EPI_ISL_236810","Indiana","2016-01-20"
"A/swine/Missouri/A01555163/2014|A_/_H3N2|unassigned|2014-12-12|HA|4|EPI_ISL_173671","1990.4.a","A/swine/Missouri/A01555163/2014|A_/_H3N2|1990.4.a|2014-12-12|HA|4|EPI_ISL_173671","Missouri","2014-12-12"
"A/swine/Illinois/A01857433/2015|A_/_H3N2|unassigned|2015-09-14|HA|4|EPI_ISL_201414","1990.4.a","A/swine/Illinois/A01857433/2015|A_/_H3N2|1990.4.a|2015-09-14|HA|4|EPI_ISL_201414","Illinois","2015-09-14"
"A/swine/Indiana/A01260926/2015|A_/_H3N2|unassigned|2015-06-29|HA|4|EPI_ISL_196102","1990.4.a","A/swine/Indiana/A01260926/2015|A_/_H3N2|1990.4.a|2015-06-29|HA|4|EPI_ISL_196102","Indiana","2015-06-29"
"A/swine/Indiana/A01840253/2014|A_/_H3N2|unassigned|2014-12-09|HA|4|EPI_ISL_174499","1990.4.a","A/swine/Indiana/A01840253/2014|A_/_H3N2|1990.4.a|2014-12-09|HA|4|EPI_ISL_174499","Indiana","2014-12-09"
"A/swine/Indiana/A01476743/2014|A_/_H3N2|unassigned|2014-10-14|HA|4|EPI_ISL_170570","1990.4.a","A/swine/Indiana/A01476743/2014|A_/_H3N2|1990.4.a|2014-10-14|HA|4|EPI_ISL_170570","Indiana","2014-10-14"
"A/swine/Indiana/15TOSU8903/2015|A_/_H3N2|unassigned|2015-07-01|HA|4|EPI_ISL_263484","unassigned","A/swine/Indiana/15TOSU8903/2015|A_/_H3N2|unassigned|2015-07-01|HA|4|EPI_ISL_263484","Indiana","2015-07-01"
"A/swine/Indiana/15TOSU8898/2015|A_/_H3N2|unassigned|2015-07-01|HA|4|EPI_ISL_263481","unassigned","A/swine/Indiana/15TOSU8898/2015|A_/_H3N2|unassigned|2015-07-01|HA|4|EPI_ISL_263481","Indiana","2015-07-01"
"A/swine/Indiana/A02214844/2017|A_/_H3N2|unassigned|2017-04-03|HA|4|EPI_ISL_272781","1990.4.a","A/swine/Indiana/A02214844/2017|A_/_H3N2|1990.4.a|2017-04-03|HA|4|EPI_ISL_272781","Indiana","2017-04-03"
"A/swine/Arkansas/A01671574/2016|A_/_H3N2|unassigned|2016-12-21|HA|4|EPI_ISL_253725","1990.4.a","A/swine/Arkansas/A01671574/2016|A_/_H3N2|1990.4.a|2016-12-21|HA|4|EPI_ISL_253725","Arkansas","2016-12-21"
"A/swine/Ohio/OH-18-7450/2018|A_/_H3N2|unassigned|2018-04-02|HA|4|EPI_ISL_311323","1990.4.a","A/swine/Ohio/OH-18-7450/2018|A_/_H3N2|1990.4.a|2018-04-02|HA|4|EPI_ISL_311323","Ohio","2018-04-02"
"A/swine/Ohio/OH-18-6906/2018|A_/_H3N2|unassigned|2018-03-25|HA|4|EPI_ISL_329654","1990.4.a","A/swine/Ohio/OH-18-6906/2018|A_/_H3N2|1990.4.a|2018-03-25|HA|4|EPI_ISL_329654","Ohio","2018-03-25"
"A/swine/Ohio/A02134225/2017|A_/_H3N2|unassigned|2017-10-17|HA|4|EPI_ISL_296547","1990.4.a","A/swine/Ohio/A02134225/2017|A_/_H3N2|1990.4.a|2017-10-17|HA|4|EPI_ISL_296547","Ohio","2017-10-17"
"A/swine/Ohio/OH18-08582.4/2018|A_/_H3N2|unassigned|2018-04-15|HA|4|EPI_ISL_373197","1990.4.a","A/swine/Ohio/OH18-08582.4/2018|A_/_H3N2|1990.4.a|2018-04-15|HA|4|EPI_ISL_373197","Ohio","2018-04-15"
"A/swine/Minnesota/A01822846/2015|A_/_H3N2|unassigned|2015-06-08|HA|4|EPI_ISL_195315","1990.4.a","A/swine/Minnesota/A01822846/2015|A_/_H3N2|1990.4.a|2015-06-08|HA|4|EPI_ISL_195315","Minnesota","2015-06-08"
"A/swine/Iowa/16TOSU2289/2016|A_/_H3N2|unassigned|2016-06-09|HA|4|EPI_ISL_253983","1990.4.a","A/swine/Iowa/16TOSU2289/2016|A_/_H3N2|1990.4.a|2016-06-09|HA|4|EPI_ISL_253983","Iowa","2016-06-09"
"A/swine/Iowa/16TOSU2256/2016|A_/_H3N2|unassigned|2016-06-09|HA|4|EPI_ISL_253981","unassigned","A/swine/Iowa/16TOSU2256/2016|A_/_H3N2|unassigned|2016-06-09|HA|4|EPI_ISL_253981","Iowa","2016-06-09"
"A/swine/Iowa/16TOSU2346/2016|A_/_H3N2|unassigned|2016-06-09|HA|4|EPI_ISL_253985","unassigned","A/swine/Iowa/16TOSU2346/2016|A_/_H3N2|unassigned|2016-06-09|HA|4|EPI_ISL_253985","Iowa","2016-06-09"
"A/swine/Iowa/16TOSU2307/2016|A_/_H3N2|unassigned|2016-06-09|HA|4|EPI_ISL_253984","unassigned","A/swine/Iowa/16TOSU2307/2016|A_/_H3N2|unassigned|2016-06-09|HA|4|EPI_ISL_253984","Iowa","2016-06-09"
"A/swine/Iowa/16TOSU2585/2016|A_/_H3N2|unassigned|2016-06-09|HA|4|EPI_ISL_253999","unassigned","A/swine/Iowa/16TOSU2585/2016|A_/_H3N2|unassigned|2016-06-09|HA|4|EPI_ISL_253999","Iowa","2016-06-09"
"A/swine/Iowa/16TOSU2549/2016|A_/_H3N2|unassigned|2016-06-09|HA|4|EPI_ISL_253997","unassigned","A/swine/Iowa/16TOSU2549/2016|A_/_H3N2|unassigned|2016-06-09|HA|4|EPI_ISL_253997","Iowa","2016-06-09"
"A/swine/Indiana/16TOSU2907/2016|A_/_H3N2|unassigned|2016-06-12|HA|4|EPI_ISL_254027","unassigned","A/swine/Indiana/16TOSU2907/2016|A_/_H3N2|unassigned|2016-06-12|HA|4|EPI_ISL_254027","Indiana","2016-06-12"
"A/swine/Indiana/16TOSU2879/2016|A_/_H3N2|unassigned|2016-06-12|HA|4|EPI_ISL_254025","unassigned","A/swine/Indiana/16TOSU2879/2016|A_/_H3N2|unassigned|2016-06-12|HA|4|EPI_ISL_254025","Indiana","2016-06-12"
"A/swine/Indiana/16TOSU2990/2016|A_/_H3N2|unassigned|2016-06-12|HA|4|EPI_ISL_254030","unassigned","A/swine/Indiana/16TOSU2990/2016|A_/_H3N2|unassigned|2016-06-12|HA|4|EPI_ISL_254030","Indiana","2016-06-12"
"A/swine/Indiana/16TOSU2922/2016|A_/_H3N2|unassigned|2016-06-12|HA|4|EPI_ISL_254028","unassigned","A/swine/Indiana/16TOSU2922/2016|A_/_H3N2|unassigned|2016-06-12|HA|4|EPI_ISL_254028","Indiana","2016-06-12"
"A/swine/Michigan/16TOSU3335/2016|A_/_H3N2|unassigned|2016-06-18|HA|4|EPI_ISL_254035","unassigned","A/swine/Michigan/16TOSU3335/2016|A_/_H3N2|unassigned|2016-06-18|HA|4|EPI_ISL_254035","Michigan","2016-06-18"
"A/swine/Michigan/16TOSU3334/2016|A_/_H3N2|unassigned|2016-06-18|HA|4|EPI_ISL_254034","unassigned","A/swine/Michigan/16TOSU3334/2016|A_/_H3N2|unassigned|2016-06-18|HA|4|EPI_ISL_254034","Michigan","2016-06-18"
"A/swine/Michigan/16TOSU3388/2016|A_/_H3N2|unassigned|2016-06-18|HA|4|EPI_ISL_254039","unassigned","A/swine/Michigan/16TOSU3388/2016|A_/_H3N2|unassigned|2016-06-18|HA|4|EPI_ISL_254039","Michigan","2016-06-18"
"A/swine/Michigan/16TOSU3386/2016|A_/_H3N2|unassigned|2016-06-18|HA|4|EPI_ISL_254038","unassigned","A/swine/Michigan/16TOSU3386/2016|A_/_H3N2|unassigned|2016-06-18|HA|4|EPI_ISL_254038","Michigan","2016-06-18"
"A/swine/Michigan/16TOSU3397/2016|A_/_H3N2|unassigned|2016-06-18|HA|4|EPI_ISL_254042","unassigned","A/swine/Michigan/16TOSU3397/2016|A_/_H3N2|unassigned|2016-06-18|HA|4|EPI_ISL_254042","Michigan","2016-06-18"
"A/swine/Michigan/16TOSU3418/2016|A_/_H3N2|unassigned|2016-06-18|HA|4|EPI_ISL_254047","unassigned","A/swine/Michigan/16TOSU3418/2016|A_/_H3N2|unassigned|2016-06-18|HA|4|EPI_ISL_254047","Michigan","2016-06-18"
"A/swine/Michigan/16TOSU3406/2016|A_/_H3N2|unassigned|2016-06-18|HA|4|EPI_ISL_254045","unassigned","A/swine/Michigan/16TOSU3406/2016|A_/_H3N2|unassigned|2016-06-18|HA|4|EPI_ISL_254045","Michigan","2016-06-18"
"A/swine/Michigan/16TOSU3403/2016|A_/_H3N2|unassigned|2016-06-18|HA|4|EPI_ISL_254044","unassigned","A/swine/Michigan/16TOSU3403/2016|A_/_H3N2|unassigned|2016-06-18|HA|4|EPI_ISL_254044","Michigan","2016-06-18"
"A/swine/Ohio/16TOSU1230/2016|A_/_H3N2|unassigned|2016-05-28|HA|4|EPI_ISL_254051","unassigned","A/swine/Ohio/16TOSU1230/2016|A_/_H3N2|unassigned|2016-05-28|HA|4|EPI_ISL_254051","Ohio","2016-05-28"
"A/swine/Michigan/16TOSU3443/2016|A_/_H3N2|unassigned|2016-06-18|HA|4|EPI_ISL_254049","unassigned","A/swine/Michigan/16TOSU3443/2016|A_/_H3N2|unassigned|2016-06-18|HA|4|EPI_ISL_254049","Michigan","2016-06-18"
"A/swine/Iowa/16TOSU2298/2016|A_/_H3N2|unassigned|2016-06-01|HA|4|EPI_ISL_327820","unassigned","A/swine/Iowa/16TOSU2298/2016|A_/_H3N2|unassigned|2016-06-01|HA|4|EPI_ISL_327820","Iowa","2016-06-01"
"A/swine/Michigan/16TOSU3328/2016|A_/_H3N2|unassigned|2016-06-01|HA|4|EPI_ISL_327823","unassigned","A/swine/Michigan/16TOSU3328/2016|A_/_H3N2|unassigned|2016-06-01|HA|4|EPI_ISL_327823","Michigan","2016-06-01"
"A/swine/Indiana/16TOSU2159/2016|A_/_H3N2|unassigned|2016-06-01|HA|4|EPI_ISL_327819","unassigned","A/swine/Indiana/16TOSU2159/2016|A_/_H3N2|unassigned|2016-06-01|HA|4|EPI_ISL_327819","Indiana","2016-06-01"
"A/swine/Michigan/16TOSU3404/2016|A_/_H3N2|unassigned|2016-06-01|HA|4|EPI_ISL_327832","unassigned","A/swine/Michigan/16TOSU3404/2016|A_/_H3N2|unassigned|2016-06-01|HA|4|EPI_ISL_327832","Michigan","2016-06-01"
"A/swine/Indiana/16TOSU4114/2016|A_/_H3N2|unassigned|2016-06-01|HA|4|EPI_ISL_280201","unassigned","A/swine/Indiana/16TOSU4114/2016|A_/_H3N2|unassigned|2016-06-01|HA|4|EPI_ISL_280201","Indiana","2016-06-01"
"A/swine/Indiana/16TOSU4141/2016|A_/_H3N2|unassigned|2016-06-01|HA|4|EPI_ISL_280202","unassigned","A/swine/Indiana/16TOSU4141/2016|A_/_H3N2|unassigned|2016-06-01|HA|4|EPI_ISL_280202","Indiana","2016-06-01"
"A/swine/Indiana/16TOSU4158/2016|A_/_H3N2|unassigned|2016-06-01|HA|4|EPI_ISL_280203","unassigned","A/swine/Indiana/16TOSU4158/2016|A_/_H3N2|unassigned|2016-06-01|HA|4|EPI_ISL_280203","Indiana","2016-06-01"
"A/swine/Iowa/16TOSU2257/2016|A_/_H3N2|unassigned|2016-06-09|HA|4|EPI_ISL_253982","1990.4.a","A/swine/Iowa/16TOSU2257/2016|A_/_H3N2|1990.4.a|2016-06-09|HA|4|EPI_ISL_253982","Iowa","2016-06-09"
"A/swine/Indiana/16TOSU6758/2016|A_/_H3N2|unassigned|2016-06-24|HA|4|EPI_ISL_254023","1990.4.a","A/swine/Indiana/16TOSU6758/2016|A_/_H3N2|1990.4.a|2016-06-24|HA|4|EPI_ISL_254023","Indiana","2016-06-24"
"A/swine/Kentucky/16TOSU6724/2016|A_/_H3N2|unassigned|2016-07-07|HA|4|EPI_ISL_254022","1990.4.a","A/swine/Kentucky/16TOSU6724/2016|A_/_H3N2|1990.4.a|2016-07-07|HA|4|EPI_ISL_254022","Kentucky","2016-07-07"
"A/swine/Kentucky/16TOSU3494/2016|A_/_H3N2|unassigned|2016-07-07|HA|4|EPI_ISL_254021","1990.4.a","A/swine/Kentucky/16TOSU3494/2016|A_/_H3N2|1990.4.a|2016-07-07|HA|4|EPI_ISL_254021","Kentucky","2016-07-07"
"A/swine/Kentucky/16TOSU3477/2016|A_/_H3N2|unassigned|2016-07-07|HA|4|EPI_ISL_254020","unassigned","A/swine/Kentucky/16TOSU3477/2016|A_/_H3N2|unassigned|2016-07-07|HA|4|EPI_ISL_254020","Kentucky","2016-07-07"
"A/swine/Indiana/A01812245/2016|A_/_H3N2|unassigned|2016-07-21|HA|4|EPI_ISL_234574","unassigned","A/swine/Indiana/A01812245/2016|A_/_H3N2|unassigned|2016-07-21|HA|4|EPI_ISL_234574","Indiana","2016-07-21"
"A/swine/Indiana/A01812246/2016|A_/_H3N2|unassigned|2016-07-26|HA|4|EPI_ISL_234576","unassigned","A/swine/Indiana/A01812246/2016|A_/_H3N2|unassigned|2016-07-26|HA|4|EPI_ISL_234576","Indiana","2016-07-26"
"A/swine/Indiana/16TOSU7618/2016|A_/_H3N2|unassigned|2016-07-01|HA|4|EPI_ISL_280241","unassigned","A/swine/Indiana/16TOSU7618/2016|A_/_H3N2|unassigned|2016-07-01|HA|4|EPI_ISL_280241","Indiana","2016-07-01"
"A/swine/Michigan/16TOSU5089/2016|A_/_H3N2|unassigned|2016-08-06|HA|4|EPI_ISL_256102","unassigned","A/swine/Michigan/16TOSU5089/2016|A_/_H3N2|unassigned|2016-08-06|HA|4|EPI_ISL_256102","Michigan","2016-08-06"
"A/swine/Michigan/16TOSU5083/2016|A_/_H3N2|unassigned|2016-08-06|HA|4|EPI_ISL_256101","unassigned","A/swine/Michigan/16TOSU5083/2016|A_/_H3N2|unassigned|2016-08-06|HA|4|EPI_ISL_256101","Michigan","2016-08-06"
"A/swine/Indiana/16TOSU2935/2016|A_/_H3N2|unassigned|2016-06-12|HA|4|EPI_ISL_254029","1990.4.a","A/swine/Indiana/16TOSU2935/2016|A_/_H3N2|1990.4.a|2016-06-12|HA|4|EPI_ISL_254029","Indiana","2016-06-12"
"A/swine/Michigan/16TOSU3342/2016|A_/_H3N2|unassigned|2016-06-18|HA|4|EPI_ISL_254036","1990.4.a","A/swine/Michigan/16TOSU3342/2016|A_/_H3N2|1990.4.a|2016-06-18|HA|4|EPI_ISL_254036","Michigan","2016-06-18"
"A/swine/Michigan/16TOSU3399/2016|A_/_H3N2|unassigned|2016-06-18|HA|4|EPI_ISL_254043","1990.4.a","A/swine/Michigan/16TOSU3399/2016|A_/_H3N2|1990.4.a|2016-06-18|HA|4|EPI_ISL_254043","Michigan","2016-06-18"
"A/swine/Michigan/16TOSU3442/2016|A_/_H3N2|unassigned|2016-06-18|HA|4|EPI_ISL_254048","unassigned","A/swine/Michigan/16TOSU3442/2016|A_/_H3N2|unassigned|2016-06-18|HA|4|EPI_ISL_254048","Michigan","2016-06-18"
"A/swine/Illinois/A01104098/2016|A_/_H3N2|unassigned|2016-07-25|HA|4|EPI_ISL_245028","1990.4.a","A/swine/Illinois/A01104098/2016|A_/_H3N2|1990.4.a|2016-07-25|HA|4|EPI_ISL_245028","Illinois","2016-07-25"
"A/swine/Iowa/16TOSU2493/2016|A_/_H3N2|unassigned|2016-06-09|HA|4|EPI_ISL_253995","1990.4.a","A/swine/Iowa/16TOSU2493/2016|A_/_H3N2|1990.4.a|2016-06-09|HA|4|EPI_ISL_253995","Iowa","2016-06-09"
"A/swine/Iowa/16TOSU2589/2016|A_/_H3N2|unassigned|2016-06-09|HA|4|EPI_ISL_254000","unassigned","A/swine/Iowa/16TOSU2589/2016|A_/_H3N2|unassigned|2016-06-09|HA|4|EPI_ISL_254000","Iowa","2016-06-09"
"A/swine/Iowa/16TOSU2709/2016|A_/_H3N2|unassigned|2016-06-09|HA|4|EPI_ISL_254009","unassigned","A/swine/Iowa/16TOSU2709/2016|A_/_H3N2|unassigned|2016-06-09|HA|4|EPI_ISL_254009","Iowa","2016-06-09"
"A/swine/Iowa/16TOSU2708/2016|A_/_H3N2|unassigned|2016-06-09|HA|4|EPI_ISL_254008","1990.4.a","A/swine/Iowa/16TOSU2708/2016|A_/_H3N2|1990.4.a|2016-06-09|HA|4|EPI_ISL_254008","Iowa","2016-06-09"
"A/swine/Indiana/A01812235/2016|A_/_H3N2|unassigned|2016-06-23|HA|4|EPI_ISL_234292","1990.4.a","A/swine/Indiana/A01812235/2016|A_/_H3N2|1990.4.a|2016-06-23|HA|4|EPI_ISL_234292","Indiana","2016-06-23"
"A/swine/Iowa/16TOSU2464/2016|A_/_H3N2|unassigned|2016-06-09|HA|4|EPI_ISL_253993","1990.4.a","A/swine/Iowa/16TOSU2464/2016|A_/_H3N2|1990.4.a|2016-06-09|HA|4|EPI_ISL_253993","Iowa","2016-06-09"
"A/swine/Iowa/16TOSU2534/2016|A_/_H3N2|unassigned|2016-06-09|HA|4|EPI_ISL_253996","unassigned","A/swine/Iowa/16TOSU2534/2016|A_/_H3N2|unassigned|2016-06-09|HA|4|EPI_ISL_253996","Iowa","2016-06-09"
"A/swine/Iowa/16TOSU2850/2016|A_/_H3N2|unassigned|2016-06-09|HA|4|EPI_ISL_254014","unassigned","A/swine/Iowa/16TOSU2850/2016|A_/_H3N2|unassigned|2016-06-09|HA|4|EPI_ISL_254014","Iowa","2016-06-09"
"A/swine/Kentucky/16TOSU3279/2016|A_/_H3N2|unassigned|2016-07-07|HA|4|EPI_ISL_254018","1990.4.a","A/swine/Kentucky/16TOSU3279/2016|A_/_H3N2|1990.4.a|2016-07-07|HA|4|EPI_ISL_254018","Kentucky","2016-07-07"
"A/swine/Indiana/16TOSU4438/2016|A_/_H3N2|unassigned|2016-07-01|HA|4|EPI_ISL_280189","unassigned","A/swine/Indiana/16TOSU4438/2016|A_/_H3N2|unassigned|2016-07-01|HA|4|EPI_ISL_280189","Indiana","2016-07-01"
"A/swine/Indiana/16TOSU4426/2016|A_/_H3N2|unassigned|2016-07-01|HA|4|EPI_ISL_280254","1990.4.a","A/swine/Indiana/16TOSU4426/2016|A_/_H3N2|1990.4.a|2016-07-01|HA|4|EPI_ISL_280254","Indiana","2016-07-01"
"A/swine/Indiana/16TOSU2894/2016|A_/_H3N2|unassigned|2016-06-12|HA|4|EPI_ISL_254026","1990.4.a","A/swine/Indiana/16TOSU2894/2016|A_/_H3N2|1990.4.a|2016-06-12|HA|4|EPI_ISL_254026","Indiana","2016-06-12"
"A/swine/Indiana/16TOSU2234/2016|A_/_H3N2|unassigned|2016-06-18|HA|4|EPI_ISL_254032","unassigned","A/swine/Indiana/16TOSU2234/2016|A_/_H3N2|unassigned|2016-06-18|HA|4|EPI_ISL_254032","Indiana","2016-06-18"
"A/swine/Indiana/16TOSU4043/2016|A_/_H3N2|unassigned|2016-06-01|HA|4|EPI_ISL_280210","1990.4.a","A/swine/Indiana/16TOSU4043/2016|A_/_H3N2|1990.4.a|2016-06-01|HA|4|EPI_ISL_280210","Indiana","2016-06-01"
"A/swine/Indiana/16TOSU4055/2016|A_/_H3N2|unassigned|2016-06-01|HA|4|EPI_ISL_280211","unassigned","A/swine/Indiana/16TOSU4055/2016|A_/_H3N2|unassigned|2016-06-01|HA|4|EPI_ISL_280211","Indiana","2016-06-01"
"A/swine/Kentucky/16TOSU8970/2016|A_/_H3N2|unassigned|2016-08-01|HA|4|EPI_ISL_280228","1990.4.a","A/swine/Kentucky/16TOSU8970/2016|A_/_H3N2|1990.4.a|2016-08-01|HA|4|EPI_ISL_280228","Kentucky","2016-08-01"
"A/swine/Michigan/16TOSU5235/2016|A_/_H3N2|unassigned|2016-08-06|HA|4|EPI_ISL_243721","1990.4.a","A/swine/Michigan/16TOSU5235/2016|A_/_H3N2|1990.4.a|2016-08-06|HA|4|EPI_ISL_243721","Michigan","2016-08-06"
"A/swine/Michigan/16TOSU5086/2016|A_/_H3N2|unassigned|2016-08-01|HA|4|EPI_ISL_399768","unassigned","A/swine/Michigan/16TOSU5086/2016|A_/_H3N2|unassigned|2016-08-01|HA|4|EPI_ISL_399768","Michigan","2016-08-01"
"A/swine/Michigan/16TOSU7563/2016|A_/_H3N2|unassigned|2016-07-16|HA|4|EPI_ISL_254024","unassigned","A/swine/Michigan/16TOSU7563/2016|A_/_H3N2|unassigned|2016-07-16|HA|4|EPI_ISL_254024","Michigan","2016-07-16"
"A/swine/Michigan/16TOSU3407/2016|A_/_H3N2|unassigned|2016-06-18|HA|4|EPI_ISL_254046","unassigned","A/swine/Michigan/16TOSU3407/2016|A_/_H3N2|unassigned|2016-06-18|HA|4|EPI_ISL_254046","Michigan","2016-06-18"
"A/swine/Illinois/16TOSU7168/2016|A_/_H3N2|unassigned|2016-06-01|HA|4|EPI_ISL_261508","unassigned","A/swine/Illinois/16TOSU7168/2016|A_/_H3N2|unassigned|2016-06-01|HA|4|EPI_ISL_261508","Illinois","2016-06-01"
"A/swine/Iowa/16TOSU2424/2016|A_/_H3N2|unassigned|2016-06-09|HA|4|EPI_ISL_253990","1990.4.a","A/swine/Iowa/16TOSU2424/2016|A_/_H3N2|1990.4.a|2016-06-09|HA|4|EPI_ISL_253990","Iowa","2016-06-09"
"A/swine/Iowa/16TOSU2677/2016|A_/_H3N2|unassigned|2016-06-09|HA|4|EPI_ISL_254006","unassigned","A/swine/Iowa/16TOSU2677/2016|A_/_H3N2|unassigned|2016-06-09|HA|4|EPI_ISL_254006","Iowa","2016-06-09"
"A/swine/Iowa/16TOSU2673/2016|A_/_H3N2|unassigned|2016-06-09|HA|4|EPI_ISL_254005","unassigned","A/swine/Iowa/16TOSU2673/2016|A_/_H3N2|unassigned|2016-06-09|HA|4|EPI_ISL_254005","Iowa","2016-06-09"
"A/swine/Iowa/16TOSU2822/2016|A_/_H3N2|unassigned|2016-06-09|HA|4|EPI_ISL_254012","unassigned","A/swine/Iowa/16TOSU2822/2016|A_/_H3N2|unassigned|2016-06-09|HA|4|EPI_ISL_254012","Iowa","2016-06-09"
"A/swine/Iowa/16TOSU2707/2016|A_/_H3N2|unassigned|2016-06-09|HA|4|EPI_ISL_254007","1990.4.a","A/swine/Iowa/16TOSU2707/2016|A_/_H3N2|1990.4.a|2016-06-09|HA|4|EPI_ISL_254007","Iowa","2016-06-09"
"A/swine/Michigan/16TOSU3395/2016|A_/_H3N2|unassigned|2016-06-18|HA|4|EPI_ISL_254041","1990.4.a","A/swine/Michigan/16TOSU3395/2016|A_/_H3N2|1990.4.a|2016-06-18|HA|4|EPI_ISL_254041","Michigan","2016-06-18"
"A/swine/Michigan/16TOSU3389/2016|A_/_H3N2|unassigned|2016-06-18|HA|4|EPI_ISL_254040","unassigned","A/swine/Michigan/16TOSU3389/2016|A_/_H3N2|unassigned|2016-06-18|HA|4|EPI_ISL_254040","Michigan","2016-06-18"
"A/swine/Ohio/A01895033/2015|A_/_H3N2|unassigned|2015-11-24|HA|4|EPI_ISL_208955","1990.4.a","A/swine/Ohio/A01895033/2015|A_/_H3N2|1990.4.a|2015-11-24|HA|4|EPI_ISL_208955","Ohio","2015-11-24"
"A/swine/Ohio/A01796509/2015|A_/_H3N2|unassigned|2015-11-30|HA|4|EPI_ISL_208981","unassigned","A/swine/Ohio/A01796509/2015|A_/_H3N2|unassigned|2015-11-30|HA|4|EPI_ISL_208981","Ohio","2015-11-30"
"A/swine/Ohio/A01727442/2015|A_/_H3N2|unassigned|2015-12-09|HA|4|EPI_ISL_209377","1990.4.a","A/swine/Ohio/A01727442/2015|A_/_H3N2|1990.4.a|2015-12-09|HA|4|EPI_ISL_209377","Ohio","2015-12-09"
"A/swine/Arkansas/A01857979/2015|A_/_H3N2|unassigned|2015-10-26|HA|4|EPI_ISL_203119","1990.4.a","A/swine/Arkansas/A01857979/2015|A_/_H3N2|1990.4.a|2015-10-26|HA|4|EPI_ISL_203119","Arkansas","2015-10-26"
"A/swine/Ohio/A01941023/2015|A_/_H3N2|unassigned|2015-11-09|HA|4|EPI_ISL_205997","1990.4.a","A/swine/Ohio/A01941023/2015|A_/_H3N2|1990.4.a|2015-11-09|HA|4|EPI_ISL_205997","Ohio","2015-11-09"
"A/swine/Ohio/A01857766/2015|A_/_H3N2|unassigned|2015-10-14|HA|4|EPI_ISL_203118","1990.4.a","A/swine/Ohio/A01857766/2015|A_/_H3N2|1990.4.a|2015-10-14|HA|4|EPI_ISL_203118","Ohio","2015-10-14"
"A/swine/Ohio/A01795365/2015|A_/_H3N2|unassigned|2015-10-08|HA|4|EPI_ISL_203204","unassigned","A/swine/Ohio/A01795365/2015|A_/_H3N2|unassigned|2015-10-08|HA|4|EPI_ISL_203204","Ohio","2015-10-08"
"A/swine/Ohio/A01944458/2015|A_/_H3N2|unassigned|2015-10-06|HA|4|EPI_ISL_203185","1990.4.a","A/swine/Ohio/A01944458/2015|A_/_H3N2|1990.4.a|2015-10-06|HA|4|EPI_ISL_203185","Ohio","2015-10-06"
"A/swine/North_Dakota/A01895932/2016|A_/_H3N2|unassigned|2016-04-19|HA|4|EPI_ISL_225507","1990.4.a","A/swine/North Dakota/A01895932/2016|A_/_H3N2|1990.4.a|2016-04-19|HA|4|EPI_ISL_225507","North Dakota","2016-04-19"
"A/swine/North_Dakota/A01782435/2016|A_/_H3N2|unassigned|2016-10-18|HA|4|EPI_ISL_245065","1990.4.a","A/swine/North Dakota/A01782435/2016|A_/_H3N2|1990.4.a|2016-10-18|HA|4|EPI_ISL_245065","North Dakota","2016-10-18"
"A/swine/Indiana/A01260958/2015|A_/_H3N2|unassigned|2015-08-11|HA|4|EPI_ISL_200936","1990.4.a","A/swine/Indiana/A01260958/2015|A_/_H3N2|1990.4.a|2015-08-11|HA|4|EPI_ISL_200936","Indiana","2015-08-11"
"A/swine/Indiana/A01840146/2014|A_/_H3N2|unassigned|2014-12-12|HA|4|EPI_ISL_173674","1990.4.a","A/swine/Indiana/A01840146/2014|A_/_H3N2|1990.4.a|2014-12-12|HA|4|EPI_ISL_173674","Indiana","2014-12-12"
"A/swine/Indiana/A01840133/2014|A_/_H3N2|unassigned|2014-12-10|HA|4|EPI_ISL_173684","unassigned","A/swine/Indiana/A01840133/2014|A_/_H3N2|unassigned|2014-12-10|HA|4|EPI_ISL_173684","Indiana","2014-12-10"
"A/swine/Arkansas/A01476939/2014|A_/_H3N2|unassigned|2014-11-10|HA|4|EPI_ISL_182326","1990.4.a","A/swine/Arkansas/A01476939/2014|A_/_H3N2|1990.4.a|2014-11-10|HA|4|EPI_ISL_182326","Arkansas","2014-11-10"
"A/swine/Arkansas/A01555074/2014|A_/_H3N2|unassigned|2014-11-24|HA|4|EPI_ISL_174304","1990.4.a","A/swine/Arkansas/A01555074/2014|A_/_H3N2|1990.4.a|2014-11-24|HA|4|EPI_ISL_174304","Arkansas","2014-11-24"
"A/swine/Ohio/A01840053/2014|A_/_H3N2|unassigned|2014-12-03|HA|4|EPI_ISL_174309","unassigned","A/swine/Ohio/A01840053/2014|A_/_H3N2|unassigned|2014-12-03|HA|4|EPI_ISL_174309","Ohio","2014-12-03"
"A/swine/Indiana/A01840254/2014|A_/_H3N2|unassigned|2014-12-11|HA|4|EPI_ISL_174500","1990.4.a","A/swine/Indiana/A01840254/2014|A_/_H3N2|1990.4.a|2014-12-11|HA|4|EPI_ISL_174500","Indiana","2014-12-11"
"A/swine/Arkansas/A01840147/2014|A_/_H3N2|unassigned|2014-12-12|HA|4|EPI_ISL_174463","1990.4.a","A/swine/Arkansas/A01840147/2014|A_/_H3N2|1990.4.a|2014-12-12|HA|4|EPI_ISL_174463","Arkansas","2014-12-12"
"A/swine/Arkansas/A01555162/2014|A_/_H3N2|unassigned|2014-12-11|HA|4|EPI_ISL_174470","1990.4.a","A/swine/Arkansas/A01555162/2014|A_/_H3N2|1990.4.a|2014-12-11|HA|4|EPI_ISL_174470","Arkansas","2014-12-11"
"A/swine/Arkansas/A01840096/2014|A_/_H3N2|unassigned|2014-12-09|HA|4|EPI_ISL_174303","1990.4.a","A/swine/Arkansas/A01840096/2014|A_/_H3N2|1990.4.a|2014-12-09|HA|4|EPI_ISL_174303","Arkansas","2014-12-09"
"A/swine/Indiana/A01841389/2015|A_/_H3N2|unassigned|2015-03-10|HA|4|EPI_ISL_177578","1990.4.a","A/swine/Indiana/A01841389/2015|A_/_H3N2|1990.4.a|2015-03-10|HA|4|EPI_ISL_177578","Indiana","2015-03-10"
"A/swine/Florida/A01104089/2015|A_/_H3N2|unassigned|2015-11-17|HA|4|EPI_ISL_256258","1990.4.a","A/swine/Florida/A01104089/2015|A_/_H3N2|1990.4.a|2015-11-17|HA|4|EPI_ISL_256258","Florida","2015-11-17"
"A/swine/Indiana/A01729047/2016|A_/_H3N2|unassigned|2016-01-06|HA|4|EPI_ISL_212208","1990.4.a","A/swine/Indiana/A01729047/2016|A_/_H3N2|1990.4.a|2016-01-06|HA|4|EPI_ISL_212208","Indiana","2016-01-06"
"A/swine/Indiana/A01812250/2016|A_/_H3N2|unassigned|2016-11-14|HA|4|EPI_ISL_328416","1990.4.a","A/swine/Indiana/A01812250/2016|A_/_H3N2|1990.4.a|2016-11-14|HA|4|EPI_ISL_328416","Indiana","2016-11-14"
"A/swine/Iowa/A01476428/2014|A_/_H3N2|unassigned|2014-09-16|HA|4|EPI_ISL_167978","1990.4.a","A/swine/Iowa/A01476428/2014|A_/_H3N2|1990.4.a|2014-09-16|HA|4|EPI_ISL_167978","Iowa","2014-09-16"
"A/swine/Iowa/A01501048/2014|A_/_H3N2|unassigned|2014-05-13|HA|4|EPI_ISL_163959","1990.4.a","A/swine/Iowa/A01501048/2014|A_/_H3N2|1990.4.a|2014-05-13|HA|4|EPI_ISL_163959","Iowa","2014-05-13"
"A/swine/Iowa/A01410752/2014|A_/_H3N2|unassigned|2014-04-01|HA|4|EPI_ISL_165090","1990.4.a","A/swine/Iowa/A01410752/2014|A_/_H3N2|1990.4.a|2014-04-01|HA|4|EPI_ISL_165090","Iowa","2014-04-01"
"A/swine/Iowa/A01410600/2014|A_/_H3N2|unassigned|2014-04-01|HA|4|EPI_ISL_162303","1990.4.a","A/swine/Iowa/A01410600/2014|A_/_H3N2|1990.4.a|2014-04-01|HA|4|EPI_ISL_162303","Iowa","2014-04-01"
"A/swine/Oklahoma/A01475757/2014|A_/_H3N2|unassigned|2014-06-01|HA|4|EPI_ISL_165092","1990.4.a","A/swine/Oklahoma/A01475757/2014|A_/_H3N2|1990.4.a|2014-06-01|HA|4|EPI_ISL_165092","Oklahoma","2014-06-01"
"A/swine/Iowa/A01410971/2014|A_/_H3N2|unassigned|2014-06-16|HA|4|EPI_ISL_168474","1990.4.a","A/swine/Iowa/A01410971/2014|A_/_H3N2|1990.4.a|2014-06-16|HA|4|EPI_ISL_168474","Iowa","2014-06-16"
"A/swine/Minnesota/A01489046/2014|A_/_H3N2|unassigned|2014-12-17|HA|4|EPI_ISL_180683","1990.4.a","A/swine/Minnesota/A01489046/2014|A_/_H3N2|1990.4.a|2014-12-17|HA|4|EPI_ISL_180683","Minnesota","2014-12-17"
"A/swine/Minnesota/A01567013/2014|A_/_H3N2|unassigned|2014-06-16|HA|4|EPI_ISL_174444","1990.4.a","A/swine/Minnesota/A01567013/2014|A_/_H3N2|1990.4.a|2014-06-16|HA|4|EPI_ISL_174444","Minnesota","2014-06-16"
"A/swine/North_Carolina/A01840322/2015|A_/_H3N2|unassigned|2015-01-09|HA|4|EPI_ISL_173661","1990.4.a","A/swine/North Carolina/A01840322/2015|A_/_H3N2|1990.4.a|2015-01-09|HA|4|EPI_ISL_173661","North Carolina","2015-01-09"
"A/swine/North_Carolina/A01410688/2014|A_/_H3N2|unassigned|2014-04-01|HA|4|EPI_ISL_162887","1990.4.a","A/swine/North Carolina/A01410688/2014|A_/_H3N2|1990.4.a|2014-04-01|HA|4|EPI_ISL_162887","North Carolina","2014-04-01"
"A/swine/North_Carolina/A01410593/2014|A_/_H3N2|unassigned|2014-04-01|HA|4|EPI_ISL_162324","1990.4.a","A/swine/North Carolina/A01410593/2014|A_/_H3N2|1990.4.a|2014-04-01|HA|4|EPI_ISL_162324","North Carolina","2014-04-01"
"A/swine/North_Carolina/A02024129/2015|A_/_H3N2|unassigned|2015-05-20|HA|4|EPI_ISL_191493","1990.4.a","A/swine/North Carolina/A02024129/2015|A_/_H3N2|1990.4.a|2015-05-20|HA|4|EPI_ISL_191493","North Carolina","2015-05-20"
"A/swine/North_Carolina/A01476196/2014|A_/_H3N2|unassigned|2014-08-06|HA|4|EPI_ISL_166549","1990.4.a","A/swine/North Carolina/A01476196/2014|A_/_H3N2|1990.4.a|2014-08-06|HA|4|EPI_ISL_166549","North Carolina","2014-08-06"
"A/swine/North_Carolina/CL3214/2018|A_/_H3N2|unassigned|2018-01-01|HA|4|EPI_ISL_14769979","1990.4.a","A/swine/North Carolina/CL3214/2018|A_/_H3N2|1990.4.a|2018-01-01|HA|4|EPI_ISL_14769979","North Carolina","2018-01-01"
"A/swine/North_Carolina/A01476848/2014|A_/_H3N2|unassigned|2014-10-21|HA|4|EPI_ISL_181269","1990.4.a","A/swine/North Carolina/A01476848/2014|A_/_H3N2|1990.4.a|2014-10-21|HA|4|EPI_ISL_181269","North Carolina","2014-10-21"
"A/swine/North_Carolina/A01476883/2014|A_/_H3N2|unassigned|2014-10-30|HA|4|EPI_ISL_181271","1990.4.a","A/swine/North Carolina/A01476883/2014|A_/_H3N2|1990.4.a|2014-10-30|HA|4|EPI_ISL_181271","North Carolina","2014-10-30"
"A/swine/North_Carolina/A01410687/2014|A_/_H3N2|unassigned|2014-04-01|HA|4|EPI_ISL_162888","1990.4.a","A/swine/North Carolina/A01410687/2014|A_/_H3N2|1990.4.a|2014-04-01|HA|4|EPI_ISL_162888","North Carolina","2014-04-01"
"A/swine/North_Carolina/A01476177/2014|A_/_H3N2|unassigned|2014-08-01|HA|4|EPI_ISL_166578","1990.4.a","A/swine/North Carolina/A01476177/2014|A_/_H3N2|1990.4.a|2014-08-01|HA|4|EPI_ISL_166578","North Carolina","2014-08-01"
"A/swine/North_Carolina/A01410800/2014|A_/_H3N2|unassigned|2014-05-01|HA|4|EPI_ISL_163611","1990.4.a","A/swine/North Carolina/A01410800/2014|A_/_H3N2|1990.4.a|2014-05-01|HA|4|EPI_ISL_163611","North Carolina","2014-05-01"
"A/swine/North_Carolina/A01478000/2014|A_/_H3N2|unassigned|2014-08-29|HA|4|EPI_ISL_167339","1990.4.a","A/swine/North Carolina/A01478000/2014|A_/_H3N2|1990.4.a|2014-08-29|HA|4|EPI_ISL_167339","North Carolina","2014-08-29"
"A/swine/North_Carolina/A01476354/2014|A_/_H3N2|unassigned|2014-09-05|HA|4|EPI_ISL_167428","1990.4.a","A/swine/North Carolina/A01476354/2014|A_/_H3N2|1990.4.a|2014-09-05|HA|4|EPI_ISL_167428","North Carolina","2014-09-05"
"A/swine/Iowa/A01476223/2014|A_/_H3N2|unassigned|2014-08-15|HA|4|EPI_ISL_167326","1990.4.a","A/swine/Iowa/A01476223/2014|A_/_H3N2|1990.4.a|2014-08-15|HA|4|EPI_ISL_167326","Iowa","2014-08-15"
"A/swine/Pennsylvania/A01727958/2015|A_/_H3N2|unassigned|2015-12-15|HA|4|EPI_ISL_209147","1990.4.a","A/swine/Pennsylvania/A01727958/2015|A_/_H3N2|1990.4.a|2015-12-15|HA|4|EPI_ISL_209147","Pennsylvania","2015-12-15"
"A/swine/Pennsylvania/A01733733/2016|A_/_H3N2|unassigned|2016-03-17|HA|4|EPI_ISL_221739","1990.4.a","A/swine/Pennsylvania/A01733733/2016|A_/_H3N2|1990.4.a|2016-03-17|HA|4|EPI_ISL_221739","Pennsylvania","2016-03-17"
"A/swine/North_Carolina/A01840071/2014|A_/_H3N2|unassigned|2014-12-03|HA|4|EPI_ISL_174301","1990.4.a","A/swine/North Carolina/A01840071/2014|A_/_H3N2|1990.4.a|2014-12-03|HA|4|EPI_ISL_174301","North Carolina","2014-12-03"
"A/swine/North_Carolina/A01840158/2014|A_/_H3N2|unassigned|2014-12-10|HA|4|EPI_ISL_173682","1990.4.a","A/swine/North Carolina/A01840158/2014|A_/_H3N2|1990.4.a|2014-12-10|HA|4|EPI_ISL_173682","North Carolina","2014-12-10"
"A/swine/North_Carolina/A01477142/2014|A_/_H3N2|unassigned|2014-07-30|HA|4|EPI_ISL_166569","1990.4.a","A/swine/North Carolina/A01477142/2014|A_/_H3N2|1990.4.a|2014-07-30|HA|4|EPI_ISL_166569","North Carolina","2014-07-30"
"A/swine/North_Carolina/A01857100/2015|A_/_H3N2|unassigned|2015-08-31|HA|4|EPI_ISL_200972","1990.4.a","A/swine/North Carolina/A01857100/2015|A_/_H3N2|1990.4.a|2015-08-31|HA|4|EPI_ISL_200972","North Carolina","2015-08-31"
"A/swine/North_Carolina/A01727367/2015|A_/_H3N2|unassigned|2015-12-08|HA|4|EPI_ISL_209359","1990.4.a","A/swine/North Carolina/A01727367/2015|A_/_H3N2|1990.4.a|2015-12-08|HA|4|EPI_ISL_209359","North Carolina","2015-12-08"
"A/swine/North_Carolina/A01732888/2016|A_/_H3N2|unassigned|2016-03-03|HA|4|EPI_ISL_222102","1990.4.a","A/swine/North Carolina/A01732888/2016|A_/_H3N2|1990.4.a|2016-03-03|HA|4|EPI_ISL_222102","North Carolina","2016-03-03"
"A/swine/North_Carolina/A01894277/2016|A_/_H3N2|unassigned|2016-03-25|HA|4|EPI_ISL_222484","unassigned","A/swine/North Carolina/A01894277/2016|A_/_H3N2|unassigned|2016-03-25|HA|4|EPI_ISL_222484","North Carolina","2016-03-25"
"A/swine/North_Carolina/A01857097/2015|A_/_H3N2|unassigned|2015-09-02|HA|4|EPI_ISL_200977","1990.4.a","A/swine/North Carolina/A01857097/2015|A_/_H3N2|1990.4.a|2015-09-02|HA|4|EPI_ISL_200977","North Carolina","2015-09-02"
"A/swine/North_Carolina/A01841335/2015|A_/_H3N2|unassigned|2015-03-05|HA|4|EPI_ISL_177580","1990.4.a","A/swine/North Carolina/A01841335/2015|A_/_H3N2|1990.4.a|2015-03-05|HA|4|EPI_ISL_177580","North Carolina","2015-03-05"
"A/swine/North_Carolina/A01476734/2014|A_/_H3N2|unassigned|2014-10-15|HA|4|EPI_ISL_170808","1990.4.a","A/swine/North Carolina/A01476734/2014|A_/_H3N2|1990.4.a|2014-10-15|HA|4|EPI_ISL_170808","North Carolina","2014-10-15"
"A/swine/North_Carolina/A01478182/2014|A_/_H3N2|unassigned|2014-10-15|HA|4|EPI_ISL_170812","unassigned","A/swine/North Carolina/A01478182/2014|A_/_H3N2|unassigned|2014-10-15|HA|4|EPI_ISL_170812","North Carolina","2014-10-15"
"A/swine/North_Carolina/A01476688/2014|A_/_H3N2|unassigned|2014-10-10|HA|4|EPI_ISL_171036","unassigned","A/swine/North Carolina/A01476688/2014|A_/_H3N2|unassigned|2014-10-10|HA|4|EPI_ISL_171036","North Carolina","2014-10-10"
"A/swine/North_Carolina/A01555667/2015|A_/_H3N2|unassigned|2015-02-23|HA|4|EPI_ISL_177941","1990.4.a","A/swine/North Carolina/A01555667/2015|A_/_H3N2|1990.4.a|2015-02-23|HA|4|EPI_ISL_177941","North Carolina","2015-02-23"
"A/swine/North_Carolina/A01555111/2014|A_/_H3N2|unassigned|2014-12-05|HA|4|EPI_ISL_174315","1990.4.a","A/swine/North Carolina/A01555111/2014|A_/_H3N2|1990.4.a|2014-12-05|HA|4|EPI_ISL_174315","North Carolina","2014-12-05"
"A/swine/North_Carolina/A01840289/2015|A_/_H3N2|unassigned|2015-01-07|HA|4|EPI_ISL_174582","1990.4.a","A/swine/North Carolina/A01840289/2015|A_/_H3N2|1990.4.a|2015-01-07|HA|4|EPI_ISL_174582","North Carolina","2015-01-07"
"A/swine/Indiana/A01260863/2015|A_/_H3N2|unassigned|2015-04-03|HA|4|EPI_ISL_191518","1990.4.a","A/swine/Indiana/A01260863/2015|A_/_H3N2|1990.4.a|2015-04-03|HA|4|EPI_ISL_191518","Indiana","2015-04-03"
"A/swine/Indiana/A01260882/2015|A_/_H3N2|unassigned|2015-04-28|HA|4|EPI_ISL_191519","1990.4.a","A/swine/Indiana/A01260882/2015|A_/_H3N2|1990.4.a|2015-04-28|HA|4|EPI_ISL_191519","Indiana","2015-04-28"
"A/swine/Iowa/A02076873/2015|A_/_H3N2|unassigned|2015-05-08|HA|4|EPI_ISL_190487","1990.4.a","A/swine/Iowa/A02076873/2015|A_/_H3N2|1990.4.a|2015-05-08|HA|4|EPI_ISL_190487","Iowa","2015-05-08"
"A/swine/Illinois/A02076874/2015|A_/_H3N2|unassigned|2015-05-07|HA|4|EPI_ISL_191501","1990.4.a","A/swine/Illinois/A02076874/2015|A_/_H3N2|1990.4.a|2015-05-07|HA|4|EPI_ISL_191501","Illinois","2015-05-07"
"A/swine/Iowa/A02077538/2015|A_/_H3N2|unassigned|2015-05-07|HA|4|EPI_ISL_190488","1990.4.a","A/swine/Iowa/A02077538/2015|A_/_H3N2|1990.4.a|2015-05-07|HA|4|EPI_ISL_190488","Iowa","2015-05-07"
"A/swine/North_Carolina/A01945243/2015|A_/_H3N2|unassigned|2015-09-24|HA|4|EPI_ISL_201870","1990.4.a","A/swine/North Carolina/A01945243/2015|A_/_H3N2|1990.4.a|2015-09-24|HA|4|EPI_ISL_201870","North Carolina","2015-09-24"
"A/swine/Iowa/A01410995/2014|A_/_H3N2|unassigned|2014-06-19|HA|4|EPI_ISL_168475","1990.4.a","A/swine/Iowa/A01410995/2014|A_/_H3N2|1990.4.a|2014-06-19|HA|4|EPI_ISL_168475","Iowa","2014-06-19"
"A/swine/Iowa/A01476267/2014|A_/_H3N2|unassigned|2014-08-22|HA|4|EPI_ISL_167336","1990.4.a","A/swine/Iowa/A01476267/2014|A_/_H3N2|1990.4.a|2014-08-22|HA|4|EPI_ISL_167336","Iowa","2014-08-22"
"A/swine/North_Carolina/A02025575/2015|A_/_H3N2|unassigned|2015-08-12|HA|4|EPI_ISL_200104","1990.4.a","A/swine/North Carolina/A02025575/2015|A_/_H3N2|1990.4.a|2015-08-12|HA|4|EPI_ISL_200104","North Carolina","2015-08-12"
"A/swine/North_Carolina/A02035784/2015|A_/_H3N2|unassigned|2015-07-21|HA|4|EPI_ISL_197234","1990.4.a","A/swine/North Carolina/A02035784/2015|A_/_H3N2|1990.4.a|2015-07-21|HA|4|EPI_ISL_197234","North Carolina","2015-07-21"
"A/swine/North_Carolina/A01796260/2015|A_/_H3N2|unassigned|2015-11-06|HA|4|EPI_ISL_206007","1990.4.a","A/swine/North Carolina/A01796260/2015|A_/_H3N2|1990.4.a|2015-11-06|HA|4|EPI_ISL_206007","North Carolina","2015-11-06"
"A/swine/North_Carolina/A01730226/2016|A_/_H3N2|unassigned|2016-01-25|HA|4|EPI_ISL_217000","1990.4.a","A/swine/North Carolina/A01730226/2016|A_/_H3N2|1990.4.a|2016-01-25|HA|4|EPI_ISL_217000","North Carolina","2016-01-25"
"A/swine/North_Carolina/A01566286/2014|A_/_H3N2|unassigned|2014-07-28|HA|4|EPI_ISL_170846","1990.4.a","A/swine/North Carolina/A01566286/2014|A_/_H3N2|1990.4.a|2014-07-28|HA|4|EPI_ISL_170846","North Carolina","2014-07-28"
"A/swine/North_Carolina/A01476367/2014|A_/_H3N2|unassigned|2014-09-08|HA|4|EPI_ISL_167427","1990.4.a","A/swine/North Carolina/A01476367/2014|A_/_H3N2|1990.4.a|2014-09-08|HA|4|EPI_ISL_167427","North Carolina","2014-09-08"
"A/swine/North_Carolina/A01476719/2014|A_/_H3N2|unassigned|2014-10-14|HA|4|EPI_ISL_171030","1990.4.a","A/swine/North Carolina/A01476719/2014|A_/_H3N2|1990.4.a|2014-10-14|HA|4|EPI_ISL_171030","North Carolina","2014-10-14"
"A/swine/North_Carolina/A01476427/2014|A_/_H3N2|unassigned|2014-09-17|HA|4|EPI_ISL_167436","1990.4.a","A/swine/North Carolina/A01476427/2014|A_/_H3N2|1990.4.a|2014-09-17|HA|4|EPI_ISL_167436","North Carolina","2014-09-17"
"A/swine/North_Carolina/A01476698/2014|A_/_H3N2|unassigned|2014-10-14|HA|4|EPI_ISL_171031","1990.4.a","A/swine/North Carolina/A01476698/2014|A_/_H3N2|1990.4.a|2014-10-14|HA|4|EPI_ISL_171031","North Carolina","2014-10-14"
"A/swine/North_Carolina/A01476072/2014|A_/_H3N2|unassigned|2014-07-09|HA|4|EPI_ISL_166577","1990.4.a","A/swine/North Carolina/A01476072/2014|A_/_H3N2|1990.4.a|2014-07-09|HA|4|EPI_ISL_166577","North Carolina","2014-07-09"
"A/swine/North_Carolina/A01476078/2014|A_/_H3N2|unassigned|2014-07-07|HA|4|EPI_ISL_166582","1990.4.a","A/swine/North Carolina/A01476078/2014|A_/_H3N2|1990.4.a|2014-07-07|HA|4|EPI_ISL_166582","North Carolina","2014-07-07"
"A/swine/North_Carolina/A01795709/2015|A_/_H3N2|unassigned|2015-10-29|HA|4|EPI_ISL_205323","1990.4.a","A/swine/North Carolina/A01795709/2015|A_/_H3N2|1990.4.a|2015-10-29|HA|4|EPI_ISL_205323","North Carolina","2015-10-29"
"A/swine/North_Carolina/A01945823/2015|A_/_H3N2|unassigned|2015-10-23|HA|4|EPI_ISL_203120","unassigned","A/swine/North Carolina/A01945823/2015|A_/_H3N2|unassigned|2015-10-23|HA|4|EPI_ISL_203120","North Carolina","2015-10-23"
"A/swine/North_Carolina/A01857750/2015|A_/_H3N2|unassigned|2015-10-13|HA|4|EPI_ISL_203096","1990.4.a","A/swine/North Carolina/A01857750/2015|A_/_H3N2|1990.4.a|2015-10-13|HA|4|EPI_ISL_203096","North Carolina","2015-10-13"
"A/swine/North_Carolina/A01775461/2016|A_/_H3N2|unassigned|2016-05-13|HA|4|EPI_ISL_226068","1990.4.a","A/swine/North Carolina/A01775461/2016|A_/_H3N2|1990.4.a|2016-05-13|HA|4|EPI_ISL_226068","North Carolina","2016-05-13"
"A/swine/North_Carolina/A01732941/2016|A_/_H3N2|unassigned|2016-03-07|HA|4|EPI_ISL_222087","1990.4.a","A/swine/North Carolina/A01732941/2016|A_/_H3N2|1990.4.a|2016-03-07|HA|4|EPI_ISL_222087","North Carolina","2016-03-07"
"A/swine/North_Carolina/A02025678/2015|A_/_H3N2|unassigned|2015-08-21|HA|4|EPI_ISL_200962","1990.4.a","A/swine/North Carolina/A02025678/2015|A_/_H3N2|1990.4.a|2015-08-21|HA|4|EPI_ISL_200962","North Carolina","2015-08-21"
"A/swine/North_Carolina/A01945452/2015|A_/_H3N2|unassigned|2015-10-06|HA|4|EPI_ISL_203201","1990.4.a","A/swine/North Carolina/A01945452/2015|A_/_H3N2|1990.4.a|2015-10-06|HA|4|EPI_ISL_203201","North Carolina","2015-10-06"
"A/swine/North_Carolina/A02076180/2015|A_/_H3N2|unassigned|2015-04-08|HA|4|EPI_ISL_188929","1990.4.a","A/swine/North Carolina/A02076180/2015|A_/_H3N2|1990.4.a|2015-04-08|HA|4|EPI_ISL_188929","North Carolina","2015-04-08"
"A/swine/North_Carolina/A02025176/2015|A_/_H3N2|unassigned|2015-07-08|HA|4|EPI_ISL_205517","1990.4.a","A/swine/North Carolina/A02025176/2015|A_/_H3N2|1990.4.a|2015-07-08|HA|4|EPI_ISL_205517","North Carolina","2015-07-08"
"A/swine/North_Carolina/A01732197/2016|A_/_H3N2|unassigned|2016-02-15|HA|4|EPI_ISL_219945","1990.4.a","A/swine/North Carolina/A01732197/2016|A_/_H3N2|1990.4.a|2016-02-15|HA|4|EPI_ISL_219945","North Carolina","2016-02-15"
"A/swine/North_Carolina/A01728545/2015|A_/_H3N2|unassigned|2015-12-29|HA|4|EPI_ISL_211803","1990.4.a","A/swine/North Carolina/A01728545/2015|A_/_H3N2|1990.4.a|2015-12-29|HA|4|EPI_ISL_211803","North Carolina","2015-12-29"
"A/swine/North_Carolina/A02034333/2015|A_/_H3N2|unassigned|2015-07-07|HA|4|EPI_ISL_205514","1990.4.a","A/swine/North Carolina/A02034333/2015|A_/_H3N2|1990.4.a|2015-07-07|HA|4|EPI_ISL_205514","North Carolina","2015-07-07"
"A/swine/North_Carolina/A01841712/2015|A_/_H3N2|unassigned|2015-03-19|HA|4|EPI_ISL_179607","1990.4.a","A/swine/North Carolina/A01841712/2015|A_/_H3N2|1990.4.a|2015-03-19|HA|4|EPI_ISL_179607","North Carolina","2015-03-19"
"A/swine/North_Carolina/A01895772/2016|A_/_H3N2|unassigned|2016-04-15|HA|4|EPI_ISL_225509","1990.4.a","A/swine/North Carolina/A01895772/2016|A_/_H3N2|1990.4.a|2016-04-15|HA|4|EPI_ISL_225509","North Carolina","2016-04-15"
"A/swine/North_Carolina/A01770073/2015|A_/_H3N2|unassigned|2015-08-04|HA|4|EPI_ISL_200089","1990.4.a","A/swine/North Carolina/A01770073/2015|A_/_H3N2|1990.4.a|2015-08-04|HA|4|EPI_ISL_200089","North Carolina","2015-08-04"
"A/swine/North_Carolina/A01857103/2015|A_/_H3N2|unassigned|2015-08-31|HA|4|EPI_ISL_200981","1990.4.a","A/swine/North Carolina/A01857103/2015|A_/_H3N2|1990.4.a|2015-08-31|HA|4|EPI_ISL_200981","North Carolina","2015-08-31"
"A/swine/North_Carolina/A02034471/2015|A_/_H3N2|unassigned|2015-07-17|HA|4|EPI_ISL_197212","1990.4.a","A/swine/North Carolina/A02034471/2015|A_/_H3N2|1990.4.a|2015-07-17|HA|4|EPI_ISL_197212","North Carolina","2015-07-17"
"A/swine/North_Carolina/A01945112/2015|A_/_H3N2|unassigned|2015-09-15|HA|4|EPI_ISL_201848","1990.4.a","A/swine/North Carolina/A01945112/2015|A_/_H3N2|1990.4.a|2015-09-15|HA|4|EPI_ISL_201848","North Carolina","2015-09-15"
"A/swine/North_Carolina/A01945753/2015|A_/_H3N2|unassigned|2015-10-20|HA|4|EPI_ISL_203114","1990.4.a","A/swine/North Carolina/A01945753/2015|A_/_H3N2|1990.4.a|2015-10-20|HA|4|EPI_ISL_203114","North Carolina","2015-10-20"
"A/swine/North_Carolina/A01476757/2014|A_/_H3N2|unassigned|2014-10-19|HA|4|EPI_ISL_181858","1990.4.a","A/swine/North Carolina/A01476757/2014|A_/_H3N2|1990.4.a|2014-10-19|HA|4|EPI_ISL_181858","North Carolina","2014-10-19"
"A/swine/North_Carolina/A01476949/2014|A_/_H3N2|unassigned|2014-11-11|HA|4|EPI_ISL_182286","1990.4.a","A/swine/North Carolina/A01476949/2014|A_/_H3N2|1990.4.a|2014-11-11|HA|4|EPI_ISL_182286","North Carolina","2014-11-11"
"A/swine/North_Carolina/A01476099/2014|A_/_H3N2|unassigned|2014-07-11|HA|4|EPI_ISL_166575","1990.4.a","A/swine/North Carolina/A01476099/2014|A_/_H3N2|1990.4.a|2014-07-11|HA|4|EPI_ISL_166575","North Carolina","2014-07-11"
"A/swine/Ohio/A01797012/2015|A_/_H3N2|unassigned|2015-11-02|HA|4|EPI_ISL_205320","1990.4.a","A/swine/Ohio/A01797012/2015|A_/_H3N2|1990.4.a|2015-11-02|HA|4|EPI_ISL_205320","Ohio","2015-11-02"
"A/swine/Minnesota/A01477050/2014|A_/_H3N2|unassigned|2014-07-11|HA|4|EPI_ISL_166571","1990.4.a","A/swine/Minnesota/A01477050/2014|A_/_H3N2|1990.4.a|2014-07-11|HA|4|EPI_ISL_166571","Minnesota","2014-07-11"
"A/swine/Minnesota/A01477780/2014|A_/_H3N2|unassigned|2014-10-22|HA|4|EPI_ISL_170815","1990.4.a","A/swine/Minnesota/A01477780/2014|A_/_H3N2|1990.4.a|2014-10-22|HA|4|EPI_ISL_170815","Minnesota","2014-10-22"
"A/swine/Iowa/A02076659/2015|A_/_H3N2|unassigned|2015-04-29|HA|4|EPI_ISL_190484","1990.4.a","A/swine/Iowa/A02076659/2015|A_/_H3N2|1990.4.a|2015-04-29|HA|4|EPI_ISL_190484","Iowa","2015-04-29"
"A/swine/Iowa/A01555142/2014|A_/_H3N2|unassigned|2014-12-08|HA|4|EPI_ISL_174464","1990.4.a","A/swine/Iowa/A01555142/2014|A_/_H3N2|1990.4.a|2014-12-08|HA|4|EPI_ISL_174464","Iowa","2014-12-08"
"A/swine/North_Carolina/A01476954/2014|A_/_H3N2|unassigned|2014-11-11|HA|4|EPI_ISL_182285","1990.4.a","A/swine/North Carolina/A01476954/2014|A_/_H3N2|1990.4.a|2014-11-11|HA|4|EPI_ISL_182285","North Carolina","2014-11-11"
"A/swine/North_Carolina/A01840022/2014|A_/_H3N2|unassigned|2014-12-03|HA|4|EPI_ISL_174310","unassigned","A/swine/North Carolina/A01840022/2014|A_/_H3N2|unassigned|2014-12-03|HA|4|EPI_ISL_174310","North Carolina","2014-12-03"
"A/swine/North_Carolina/A01477954/2014|A_/_H3N2|unassigned|2014-11-21|HA|4|EPI_ISL_182319","1990.4.a","A/swine/North Carolina/A01477954/2014|A_/_H3N2|1990.4.a|2014-11-21|HA|4|EPI_ISL_182319","North Carolina","2014-11-21"
"A/swine/North_Carolina/A02077505/2015|A_/_H3N2|unassigned|2015-05-06|HA|4|EPI_ISL_190476","1990.4.a","A/swine/North Carolina/A02077505/2015|A_/_H3N2|1990.4.a|2015-05-06|HA|4|EPI_ISL_190476","North Carolina","2015-05-06"
"A/swine/Illinois/A01797275/2015|A_/_H3N2|unassigned|2015-11-02|HA|4|EPI_ISL_205077","1990.4.a","A/swine/Illinois/A01797275/2015|A_/_H3N2|1990.4.a|2015-11-02|HA|4|EPI_ISL_205077","Illinois","2015-11-02"
"A/swine/Illinois/A01749812/2016|A_/_H3N2|unassigned|2016-02-29|HA|4|EPI_ISL_219894","1990.4.a","A/swine/Illinois/A01749812/2016|A_/_H3N2|1990.4.a|2016-02-29|HA|4|EPI_ISL_219894","Illinois","2016-02-29"
"A/swine/Illinois/A01728756/2015|A_/_H3N2|unassigned|2015-12-29|HA|4|EPI_ISL_211822","1990.4.a","A/swine/Illinois/A01728756/2015|A_/_H3N2|1990.4.a|2015-12-29|HA|4|EPI_ISL_211822","Illinois","2015-12-29"
"A/swine/Indiana/A01812202/2016|A_/_H3N2|unassigned|2016-04-24|HA|4|EPI_ISL_234244","1990.4.a","A/swine/Indiana/A01812202/2016|A_/_H3N2|1990.4.a|2016-04-24|HA|4|EPI_ISL_234244","Indiana","2016-04-24"
"A/swine/Iowa/A01796466/2015|A_/_H3N2|unassigned|2015-11-19|HA|4|EPI_ISL_208959","1990.4.a","A/swine/Iowa/A01796466/2015|A_/_H3N2|1990.4.a|2015-11-19|HA|4|EPI_ISL_208959","Iowa","2015-11-19"
"A/swine/Indiana/A01260976/2015|A_/_H3N2|unassigned|2015-09-01|HA|4|EPI_ISL_206672","1990.4.a","A/swine/Indiana/A01260976/2015|A_/_H3N2|1990.4.a|2015-09-01|HA|4|EPI_ISL_206672","Indiana","2015-09-01"
"A/swine/North_Carolina/A02025897/2015|A_/_H3N2|unassigned|2015-09-03|HA|4|EPI_ISL_200984","1990.4.a","A/swine/North Carolina/A02025897/2015|A_/_H3N2|1990.4.a|2015-09-03|HA|4|EPI_ISL_200984","North Carolina","2015-09-03"
"A/swine/North_Carolina/A01555273/2015|A_/_H3N2|unassigned|2015-01-02|HA|4|EPI_ISL_173662","1990.4.a","A/swine/North Carolina/A01555273/2015|A_/_H3N2|1990.4.a|2015-01-02|HA|4|EPI_ISL_173662","North Carolina","2015-01-02"
"A/swine/North_Carolina/A01944728/2015|A_/_H3N2|unassigned|2015-10-16|HA|4|EPI_ISL_203142","1990.4.a","A/swine/North Carolina/A01944728/2015|A_/_H3N2|1990.4.a|2015-10-16|HA|4|EPI_ISL_203142","North Carolina","2015-10-16"
"A/swine/North_Carolina/A01476974/2014|A_/_H3N2|unassigned|2014-11-11|HA|4|EPI_ISL_182313","1990.4.a","A/swine/North Carolina/A01476974/2014|A_/_H3N2|1990.4.a|2014-11-11|HA|4|EPI_ISL_182313","North Carolina","2014-11-11"
"A/swine/Arkansas/A01555090/2014|A_/_H3N2|unassigned|2014-12-02|HA|4|EPI_ISL_174307","1990.4.a","A/swine/Arkansas/A01555090/2014|A_/_H3N2|1990.4.a|2014-12-02|HA|4|EPI_ISL_174307","Arkansas","2014-12-02"
"A/swine/North_Carolina/157671/2015|A_/_H3N2|unassigned|2015-09-01|HA|4|EPI_ISL_4082003","1990.4.a","A/swine/North Carolina/157671/2015|A_/_H3N2|1990.4.a|2015-09-01|HA|4|EPI_ISL_4082003","North Carolina","2015-09-01"
"A/swine/Kansas/018050-1/2014|A_/_H3N2|unassigned|2014-07-09|HA|4|EPI_ISL_166558","1990.4.a","A/swine/Kansas/018050-1/2014|A_/_H3N2|1990.4.a|2014-07-09|HA|4|EPI_ISL_166558","Kansas","2014-07-09"
"A/Kansas/A01377457/2014|A_/_H3N2|unassigned|2014-12-11|HA|4|EPI_ISL_174858","1990.4.a","A/swine/A01377457/A01377457/2014|A_/_H3N2|1990.4.a|2014-12-11|HA|4|EPI_ISL_174858","A01377457","2014-12-11"
"A/swine/North_Carolina/A01781410/2016|A_/_H3N2|unassigned|2016-09-14|HA|4|EPI_ISL_243370","1990.4.a","A/swine/North Carolina/A01781410/2016|A_/_H3N2|1990.4.a|2016-09-14|HA|4|EPI_ISL_243370","North Carolina","2016-09-14"
"A/swine/North_Carolina/A01945728/2015|A_/_H3N2|unassigned|2015-10-19|HA|4|EPI_ISL_203108","1990.4.a","A/swine/North Carolina/A01945728/2015|A_/_H3N2|1990.4.a|2015-10-19|HA|4|EPI_ISL_203108","North Carolina","2015-10-19"
"A/swine/North_Carolina/A01729044/2016|A_/_H3N2|unassigned|2016-01-05|HA|4|EPI_ISL_212206","1990.4.a","A/swine/North Carolina/A01729044/2016|A_/_H3N2|1990.4.a|2016-01-05|HA|4|EPI_ISL_212206","North Carolina","2016-01-05"
"A/swine/North_Carolina/A01895763/2016|A_/_H3N2|unassigned|2016-04-20|HA|4|EPI_ISL_225510","1990.4.a","A/swine/North Carolina/A01895763/2016|A_/_H3N2|1990.4.a|2016-04-20|HA|4|EPI_ISL_225510","North Carolina","2016-04-20"
"A/swine/North_Carolina/A01777989/2016|A_/_H3N2|unassigned|2016-07-27|HA|4|EPI_ISL_234530","1990.4.a","A/swine/North Carolina/A01777989/2016|A_/_H3N2|1990.4.a|2016-07-27|HA|4|EPI_ISL_234530","North Carolina","2016-07-27"
"A/swine/North_Carolina/A01945969/2015|A_/_H3N2|unassigned|2015-10-27|HA|4|EPI_ISL_205065","1990.4.a","A/swine/North Carolina/A01945969/2015|A_/_H3N2|1990.4.a|2015-10-27|HA|4|EPI_ISL_205065","North Carolina","2015-10-27"
"A/swine/North_Carolina/A01945973/2015|A_/_H3N2|unassigned|2015-10-27|HA|4|EPI_ISL_205328","1990.4.a","A/swine/North Carolina/A01945973/2015|A_/_H3N2|1990.4.a|2015-10-27|HA|4|EPI_ISL_205328","North Carolina","2015-10-27"
"A/swine/North_Carolina/A02025402/2015|A_/_H3N2|unassigned|2015-07-27|HA|4|EPI_ISL_197239","1990.4.a","A/swine/North Carolina/A02025402/2015|A_/_H3N2|1990.4.a|2015-07-27|HA|4|EPI_ISL_197239","North Carolina","2015-07-27"
"A/swine/North_Carolina/A01770059/2015|A_/_H3N2|unassigned|2015-08-03|HA|4|EPI_ISL_200082","1990.4.a","A/swine/North Carolina/A01770059/2015|A_/_H3N2|1990.4.a|2015-08-03|HA|4|EPI_ISL_200082","North Carolina","2015-08-03"
"A/swine/North_Carolina/A02034953/2015|A_/_H3N2|unassigned|2015-07-29|HA|4|EPI_ISL_198364","1990.4.a","A/swine/North Carolina/A02034953/2015|A_/_H3N2|1990.4.a|2015-07-29|HA|4|EPI_ISL_198364","North Carolina","2015-07-29"
"A/swine/North_Carolina/A01732322/2016|A_/_H3N2|unassigned|2016-02-22|HA|4|EPI_ISL_235742","1990.4.a","A/swine/North Carolina/A01732322/2016|A_/_H3N2|1990.4.a|2016-02-22|HA|4|EPI_ISL_235742","North Carolina","2016-02-22"
"A/swine/Indiana/A01777672/2016|A_/_H3N2|unassigned|2016-07-06|HA|4|EPI_ISL_234964","1990.4.a","A/swine/Indiana/A01777672/2016|A_/_H3N2|1990.4.a|2016-07-06|HA|4|EPI_ISL_234964","Indiana","2016-07-06"
"A/swine/Indiana/A01260261/2013|A_/_H3N2|unassigned|2013-03-29|HA|4|EPI_ISL_143495","1990.4.a","A/swine/Indiana/A01260261/2013|A_/_H3N2|1990.4.a|2013-03-29|HA|4|EPI_ISL_143495","Indiana","2013-03-29"
"A/swine/Minnesota/A01940148/2015|A_/_H3N2|unassigned|2015-08-24|HA|4|EPI_ISL_200990","1990.4.a","A/swine/Minnesota/A01940148/2015|A_/_H3N2|1990.4.a|2015-08-24|HA|4|EPI_ISL_200990","Minnesota","2015-08-24"
"A/swine/Minnesota/A01941515/2015|A_/_H3N2|unassigned|2015-12-15|HA|4|EPI_ISL_209347","1990.4.a","A/swine/Minnesota/A01941515/2015|A_/_H3N2|1990.4.a|2015-12-15|HA|4|EPI_ISL_209347","Minnesota","2015-12-15"
"A/swine/Minnesota/A01941504/2015|A_/_H3N2|unassigned|2015-12-14|HA|4|EPI_ISL_209351","unassigned","A/swine/Minnesota/A01941504/2015|A_/_H3N2|unassigned|2015-12-14|HA|4|EPI_ISL_209351","Minnesota","2015-12-14"
"A/swine/Minnesota/A01940153/2015|A_/_H3N2|unassigned|2015-08-17|HA|4|EPI_ISL_200989","1990.4.a","A/swine/Minnesota/A01940153/2015|A_/_H3N2|1990.4.a|2015-08-17|HA|4|EPI_ISL_200989","Minnesota","2015-08-17"
"A/swine/Minnesota/A01940427/2015|A_/_H3N2|unassigned|2015-09-21|HA|4|EPI_ISL_201896","1990.4.a","A/swine/Minnesota/A01940427/2015|A_/_H3N2|1990.4.a|2015-09-21|HA|4|EPI_ISL_201896","Minnesota","2015-09-21"
"A/swine/Minnesota/A01940765/2015|A_/_H3N2|unassigned|2015-10-19|HA|4|EPI_ISL_203091","unassigned","A/swine/Minnesota/A01940765/2015|A_/_H3N2|unassigned|2015-10-19|HA|4|EPI_ISL_203091","Minnesota","2015-10-19"
"A/swine/Minnesota/A01940814/2015|A_/_H3N2|unassigned|2015-10-19|HA|4|EPI_ISL_203088","unassigned","A/swine/Minnesota/A01940814/2015|A_/_H3N2|unassigned|2015-10-19|HA|4|EPI_ISL_203088","Minnesota","2015-10-19"
"A/swine/Minnesota/A01941131/2015|A_/_H3N2|unassigned|2015-11-16|HA|4|EPI_ISL_206000","1990.4.a","A/swine/Minnesota/A01941131/2015|A_/_H3N2|1990.4.a|2015-11-16|HA|4|EPI_ISL_206000","Minnesota","2015-11-16"
"A/swine/Kansas/14-032477/2014|A_/_H3N2|unassigned|2014-12-10|HA|4|EPI_ISL_174535","1990.4.a","A/swine/Kansas/14-032477/2014|A_/_H3N2|1990.4.a|2014-12-10|HA|4|EPI_ISL_174535","Kansas","2014-12-10"
"A/swine/Iowa/A01944877/2015|A_/_H3N2|unassigned|2015-10-28|HA|4|EPI_ISL_205321","1990.4.a","A/swine/Iowa/A01944877/2015|A_/_H3N2|1990.4.a|2015-10-28|HA|4|EPI_ISL_205321","Iowa","2015-10-28"
"A/swine/Iowa/A01944211/2015|A_/_H3N2|unassigned|2015-09-28|HA|4|EPI_ISL_201868","1990.4.a","A/swine/Iowa/A01944211/2015|A_/_H3N2|1990.4.a|2015-09-28|HA|4|EPI_ISL_201868","Iowa","2015-09-28"
"A/swine/Iowa/A01478820/2015|A_/_H3N2|unassigned|2015-02-12|HA|4|EPI_ISL_177902","1990.4.a","A/swine/Iowa/A01478820/2015|A_/_H3N2|1990.4.a|2015-02-12|HA|4|EPI_ISL_177902","Iowa","2015-02-12"
"A/swine/Iowa/A01840226/2014|A_/_H3N2|unassigned|2014-12-19|HA|4|EPI_ISL_174467","1990.4.a","A/swine/Iowa/A01840226/2014|A_/_H3N2|1990.4.a|2014-12-19|HA|4|EPI_ISL_174467","Iowa","2014-12-19"
"A/swine/Illinois/A01796273/2015|A_/_H3N2|unassigned|2015-11-11|HA|4|EPI_ISL_206015","1990.4.a","A/swine/Illinois/A01796273/2015|A_/_H3N2|1990.4.a|2015-11-11|HA|4|EPI_ISL_206015","Illinois","2015-11-11"
"A/swine/Indiana/A01260322/2013|A_/_H3N2|unassigned|2013-06-25|HA|4|EPI_ISL_149660","1990.4.a","A/swine/Indiana/A01260322/2013|A_/_H3N2|1990.4.a|2013-06-25|HA|4|EPI_ISL_149660","Indiana","2013-06-25"
"A/swine/Indiana/A01260321/2013|A_/_H3N2|unassigned|2013-06-25|HA|4|EPI_ISL_145798","1990.4.a","A/swine/Indiana/A01260321/2013|A_/_H3N2|1990.4.a|2013-06-25|HA|4|EPI_ISL_145798","Indiana","2013-06-25"
"A/swine/North_Carolina/A01410622/2014|A_/_H3N2|unassigned|2014-04-01|HA|4|EPI_ISL_162315","1990.4.a","A/swine/North Carolina/A01410622/2014|A_/_H3N2|1990.4.a|2014-04-01|HA|4|EPI_ISL_162315","North Carolina","2014-04-01"
"A/swine/North_Carolina/A01475825/2014|A_/_H3N2|unassigned|2014-06-17|HA|4|EPI_ISL_168476","1990.4.a","A/swine/North Carolina/A01475825/2014|A_/_H3N2|1990.4.a|2014-06-17|HA|4|EPI_ISL_168476","North Carolina","2014-06-17"
"A/swine/North_Carolina/A01410118/2014|A_/_H3N2|unassigned|2014-01-01|HA|4|EPI_ISL_157209","1990.4.a","A/swine/North Carolina/A01410118/2014|A_/_H3N2|1990.4.a|2014-01-01|HA|4|EPI_ISL_157209","North Carolina","2014-01-01"
"A/swine/North_Carolina/A01410527/2014|A_/_H3N2|unassigned|2014-03-01|HA|4|EPI_ISL_162022","1990.4.a","A/swine/North Carolina/A01410527/2014|A_/_H3N2|1990.4.a|2014-03-01|HA|4|EPI_ISL_162022","North Carolina","2014-03-01"
"A/swine/Iowa/A01290742/2013|A_/_H3N2|unassigned|2013-11-01|HA|4|EPI_ISL_153739","1990.4.a","A/swine/Iowa/A01290742/2013|A_/_H3N2|1990.4.a|2013-11-01|HA|4|EPI_ISL_153739","Iowa","2013-11-01"
"A/swine/North_Carolina/A01409423/2013|A_/_H3N2|unassigned|2013-12-01|HA|4|EPI_ISL_154619","1990.4.a","A/swine/North Carolina/A01409423/2013|A_/_H3N2|1990.4.a|2013-12-01|HA|4|EPI_ISL_154619","North Carolina","2013-12-01"
"A/swine/Indiana/A01812292/2019|A_/_H3N2|unassigned|2019-04-16|HA|4|EPI_ISL_366169","1990.4.a","A/swine/Indiana/A01812292/2019|A_/_H3N2|1990.4.a|2019-04-16|HA|4|EPI_ISL_366169","Indiana","2019-04-16"
"A/swine/Michigan/A01432678/2013|A_/_H3N2|unassigned|2013-05-01|HA|4|EPI_ISL_143204","1990.4.a","A/swine/Michigan/A01432678/2013|A_/_H3N2|1990.4.a|2013-05-01|HA|4|EPI_ISL_143204","Michigan","2013-05-01"
"A/swine/Alabama/D0383/2012|A_/_H3N2|unassigned|2012-12-11|HA|4|EPI_ISL_207062","1990.4.a","A/swine/Alabama/D0383/2012|A_/_H3N2|1990.4.a|2012-12-11|HA|4|EPI_ISL_207062","Alabama","2012-12-11"
"A/swine/Pennsylvania/A01380412/2013|A_/_H3N2|unassigned|2013-03-26|HA|4|EPI_ISL_143217","1990.4.a","A/swine/Pennsylvania/A01380412/2013|A_/_H3N2|1990.4.a|2013-03-26|HA|4|EPI_ISL_143217","Pennsylvania","2013-03-26"
"A/swine/Maryland/A01444460/2013|A_/_H3N2|unassigned|2013-01-03|HA|4|EPI_ISL_136652","1990.4.a","A/swine/Maryland/A01444460/2013|A_/_H3N2|1990.4.a|2013-01-03|HA|4|EPI_ISL_136652","Maryland","2013-01-03"
"A/swine/Michigan/A01671226/2016|A_/_H3N2|unassigned|2016-12-06|HA|4|EPI_ISL_253641","1990.4.a","A/swine/Michigan/A01671226/2016|A_/_H3N2|1990.4.a|2016-12-06|HA|4|EPI_ISL_253641","Michigan","2016-12-06"
"A/swine/Nebraska/A01477775/2014|A_/_H3N2|unassigned|2014-10-16|HA|4|EPI_ISL_170820","1990.4.a","A/swine/Nebraska/A01477775/2014|A_/_H3N2|1990.4.a|2014-10-16|HA|4|EPI_ISL_170820","Nebraska","2014-10-16"
"A/swine/Iowa/A01944835/2015|A_/_H3N2|unassigned|2015-10-27|HA|4|EPI_ISL_205324","1990.4.a","A/swine/Iowa/A01944835/2015|A_/_H3N2|1990.4.a|2015-10-27|HA|4|EPI_ISL_205324","Iowa","2015-10-27"
"A/swine/Iowa/A01729543/2016|A_/_H3N2|unassigned|2016-01-12|HA|4|EPI_ISL_213796","1990.4.a","A/swine/Iowa/A01729543/2016|A_/_H3N2|1990.4.a|2016-01-12|HA|4|EPI_ISL_213796","Iowa","2016-01-12"
"A/swine/Iowa/A01785787/2018|A_/_H3N2|unassigned|2018-12-12|HA|4|EPI_ISL_376860","1990.4.a","A/swine/Iowa/A01785787/2018|A_/_H3N2|1990.4.a|2018-12-12|HA|4|EPI_ISL_376860","Iowa","2018-12-12"
"A/swine/Iowa/A01785636/2018|A_/_H3N2|unassigned|2018-10-05|HA|4|EPI_ISL_379263","1990.4.a","A/swine/Iowa/A01785636/2018|A_/_H3N2|1990.4.a|2018-10-05|HA|4|EPI_ISL_379263","Iowa","2018-10-05"
"A/swine/Nebraska/A02254607/2018|A_/_H3N2|unassigned|2018-07-19|HA|4|EPI_ISL_326805","1990.4.a","A/swine/Nebraska/A02254607/2018|A_/_H3N2|1990.4.a|2018-07-19|HA|4|EPI_ISL_326805","Nebraska","2018-07-19"
"A/swine/Nebraska/A01785583/2018|A_/_H3N2|unassigned|2018-07-11|HA|4|EPI_ISL_327796","1990.4.a","A/swine/Nebraska/A01785583/2018|A_/_H3N2|1990.4.a|2018-07-11|HA|4|EPI_ISL_327796","Nebraska","2018-07-11"
"A/swine/Iowa/A02138601/2017|A_/_H3N2|unassigned|2017-12-13|HA|4|EPI_ISL_295670","1990.4.a","A/swine/Iowa/A02138601/2017|A_/_H3N2|1990.4.a|2017-12-13|HA|4|EPI_ISL_295670","Iowa","2017-12-13"
"A/swine/Nebraska/A02169069/2018|A_/_H3N2|unassigned|2018-05-16|HA|4|EPI_ISL_328483","1990.4.a","A/swine/Nebraska/A02169069/2018|A_/_H3N2|1990.4.a|2018-05-16|HA|4|EPI_ISL_328483","Nebraska","2018-05-16"
"A/swine/Nebraska/A02157995/2018|A_/_H3N2|unassigned|2018-04-24|HA|4|EPI_ISL_329069","1990.4.a","A/swine/Nebraska/A02157995/2018|A_/_H3N2|1990.4.a|2018-04-24|HA|4|EPI_ISL_329069","Nebraska","2018-04-24"
"A/swine/Nebraska/A01785383/2017|A_/_H3N2|unassigned|2017-12-11|HA|4|EPI_ISL_297149","1990.4.a","A/swine/Nebraska/A01785383/2017|A_/_H3N2|1990.4.a|2017-12-11|HA|4|EPI_ISL_297149","Nebraska","2017-12-11"
"A/swine/Iowa/A02157567/2018|A_/_H3N2|unassigned|2018-04-09|HA|4|EPI_ISL_329603","1990.4.a","A/swine/Iowa/A02157567/2018|A_/_H3N2|1990.4.a|2018-04-09|HA|4|EPI_ISL_329603","Iowa","2018-04-09"
"A/swine/Nebraska/A02155428/2018|A_/_H3N2|unassigned|2018-03-09|HA|4|EPI_ISL_329719","1990.4.a","A/swine/Nebraska/A02155428/2018|A_/_H3N2|1990.4.a|2018-03-09|HA|4|EPI_ISL_329719","Nebraska","2018-03-09"
"A/swine/SouthDakota/A01678549/2018|A_/_H3N2|unassigned|2018-03-19|HA|4|EPI_ISL_329712","1990.4.a","A/swine/South Dakota/A01678549/2018|A_/_H3N2|1990.4.a|2018-03-19|HA|4|EPI_ISL_329712","South Dakota","2018-03-19"
"A/swine/Kansas/A01378040/2018|A_/_H3N2|unassigned|2018-04-16|HA|4|EPI_ISL_329618","1990.4.a","A/swine/Kansas/A01378040/2018|A_/_H3N2|1990.4.a|2018-04-16|HA|4|EPI_ISL_329618","Kansas","2018-04-16"
"A/swine/Kansas/A01378039/2018|A_/_H3N2|unassigned|2018-03-05|HA|4|EPI_ISL_329652","1990.4.a","A/swine/Kansas/A01378039/2018|A_/_H3N2|1990.4.a|2018-03-05|HA|4|EPI_ISL_329652","Kansas","2018-03-05"
"A/swine/Indiana/18TOSU2225/2018|A_/_H3N2|unassigned|2018-08-01|HA|4|EPI_ISL_387951","1990.4.a","A/swine/Indiana/18TOSU2225/2018|A_/_H3N2|1990.4.a|2018-08-01|HA|4|EPI_ISL_387951","Indiana","2018-08-01"
"A/swine/Indiana/18TOSU2186/2018|A_/_H3N2|unassigned|2018-08-01|HA|4|EPI_ISL_387950","unassigned","A/swine/Indiana/18TOSU2186/2018|A_/_H3N2|unassigned|2018-08-01|HA|4|EPI_ISL_387950","Indiana","2018-08-01"
"A/swine/Indiana/18TOSU2860/2018|A_/_H3N2|unassigned|2018-06-01|HA|4|EPI_ISL_387953","1990.4.a","A/swine/Indiana/18TOSU2860/2018|A_/_H3N2|1990.4.a|2018-06-01|HA|4|EPI_ISL_387953","Indiana","2018-06-01"
"A/swine/Kansas/A01785429/2018|A_/_H3N2|unassigned|2018-01-29|HA|4|EPI_ISL_388932","1990.4.a","A/swine/Kansas/A01785429/2018|A_/_H3N2|1990.4.a|2018-01-29|HA|4|EPI_ISL_388932","Kansas","2018-01-29"
"A/swine/Nebraska/A02158807/2018|A_/_H3N2|unassigned|2018-05-23|HA|4|EPI_ISL_328731","1990.4.a","A/swine/Nebraska/A02158807/2018|A_/_H3N2|1990.4.a|2018-05-23|HA|4|EPI_ISL_328731","Nebraska","2018-05-23"
"A/swine/Nebraska/A02171019/2018|A_/_H3N2|unassigned|2018-07-09|HA|4|EPI_ISL_381082","1990.4.a","A/swine/Nebraska/A02171019/2018|A_/_H3N2|1990.4.a|2018-07-09|HA|4|EPI_ISL_381082","Nebraska","2018-07-09"
"A/swine/Minnesota/A02157976/2018|A_/_H3N2|unassigned|2018-04-18|HA|4|EPI_ISL_329188","1990.4.a","A/swine/Minnesota/A02157976/2018|A_/_H3N2|1990.4.a|2018-04-18|HA|4|EPI_ISL_329188","Minnesota","2018-04-18"
"A/swine/Minnesota/A01785953/2019|A_/_H3N2|unassigned|2019-02-13|HA|4|EPI_ISL_370649","1990.4.a","A/swine/Minnesota/A01785953/2019|A_/_H3N2|1990.4.a|2019-02-13|HA|4|EPI_ISL_370649","Minnesota","2019-02-13"
"A/swine/Nebraska/A02142683/2018|A_/_H3N2|unassigned|2018-02-14|HA|4|EPI_ISL_303872","1990.4.a","A/swine/Nebraska/A02142683/2018|A_/_H3N2|1990.4.a|2018-02-14|HA|4|EPI_ISL_303872","Nebraska","2018-02-14"
"A/swine/Minnesota/A02266068/2018|A_/_H3N2|unassigned|2018-10-01|HA|4|EPI_ISL_379378","1990.4.a","A/swine/Minnesota/A02266068/2018|A_/_H3N2|1990.4.a|2018-10-01|HA|4|EPI_ISL_379378","Minnesota","2018-10-01"
"A/swine/Nebraska/A02245566/2020|A_/_H3N2|unassigned|2020-03-27|HA|4|EPI_ISL_504153","1990.4.a","A/swine/Nebraska/A02245566/2020|A_/_H3N2|1990.4.a|2020-03-27|HA|4|EPI_ISL_504153","Nebraska","2020-03-27"
"A/swine/Minnesota/A02525130/2021|A_/_H3N2|unassigned|2021-01-29|HA|4|EPI_ISL_4082040","1990.4.a","A/swine/Minnesota/A02525130/2021|A_/_H3N2|1990.4.a|2021-01-29|HA|4|EPI_ISL_4082040","Minnesota","2021-01-29"
"A/swine/Minnesota/A02245312/2019|A_/_H3N2|unassigned|2019-10-31|HA|4|EPI_ISL_505629","1990.4.a","A/swine/Minnesota/A02245312/2019|A_/_H3N2|1990.4.a|2019-10-31|HA|4|EPI_ISL_505629","Minnesota","2019-10-31"
"A/swine/South_Dakota/A02245350/2019|A_/_H3N2|unassigned|2019-12-02|HA|4|EPI_ISL_505940","1990.4.a","A/swine/South Dakota/A02245350/2019|A_/_H3N2|1990.4.a|2019-12-02|HA|4|EPI_ISL_505940","South Dakota","2019-12-02"
"A/swine/Iowa/A02478976/2019|A_/_H3N2|unassigned|2019-12-24|HA|4|EPI_ISL_503333","1990.4.a","A/swine/Iowa/A02478976/2019|A_/_H3N2|1990.4.a|2019-12-24|HA|4|EPI_ISL_503333","Iowa","2019-12-24"
"A/swine/Nebraska/A02245112/2019|A_/_H3N2|unassigned|2019-04-22|HA|4|EPI_ISL_367000","1990.4.a","A/swine/Nebraska/A02245112/2019|A_/_H3N2|1990.4.a|2019-04-22|HA|4|EPI_ISL_367000","Nebraska","2019-04-22"
"A/swine/Iowa/A02478878/2019|A_/_H3N2|unassigned|2019-11-14|HA|4|EPI_ISL_503403","1990.4.a","A/swine/Iowa/A02478878/2019|A_/_H3N2|1990.4.a|2019-11-14|HA|4|EPI_ISL_503403","Iowa","2019-11-14"
"A/swine/Minnesota/A02245014/2019|A_/_H3N2|unassigned|2019-03-18|HA|4|EPI_ISL_370052","1990.4.a","A/swine/Minnesota/A02245014/2019|A_/_H3N2|1990.4.a|2019-03-18|HA|4|EPI_ISL_370052","Minnesota","2019-03-18"
"A/swine/South_Dakota/A02525007/2020|A_/_H3N2|unassigned|2020-12-21|HA|4|EPI_ISL_4081902","1990.4.a","A/swine/South Dakota/A02525007/2020|A_/_H3N2|1990.4.a|2020-12-21|HA|4|EPI_ISL_4081902","South Dakota","2020-12-21"
"A/swine/Iowa/A02525136/2021|A_/_H3N2|unassigned|2021-02-01|HA|4|EPI_ISL_4082014","1990.4.a","A/swine/Iowa/A02525136/2021|A_/_H3N2|1990.4.a|2021-02-01|HA|4|EPI_ISL_4082014","Iowa","2021-02-01"
"A/swine/Nebraska/A02635893/2021|A_/_H3N2|unassigned|2021-06-14|HA|4|EPI_ISL_4084482","1990.4.a","A/swine/Nebraska/A02635893/2021|A_/_H3N2|1990.4.a|2021-06-14|HA|4|EPI_ISL_4084482","Nebraska","2021-06-14"
"A/swine/Nebraska/A02432059/2019|A_/_H3N2|unassigned|2019-04-09|HA|4|EPI_ISL_366305","1990.4.a","A/swine/Nebraska/A02432059/2019|A_/_H3N2|1990.4.a|2019-04-09|HA|4|EPI_ISL_366305","Nebraska","2019-04-09"
"A/swine/Nebraska/A02431880/2019|A_/_H3N2|unassigned|2019-03-26|HA|4|EPI_ISL_366313","1990.4.a","A/swine/Nebraska/A02431880/2019|A_/_H3N2|1990.4.a|2019-03-26|HA|4|EPI_ISL_366313","Nebraska","2019-03-26"
"A/swine/Nebraska/A02254796/2018|A_/_H3N2|unassigned|2018-07-27|HA|4|EPI_ISL_326833","1990.4.a","A/swine/Nebraska/A02254796/2018|A_/_H3N2|1990.4.a|2018-07-27|HA|4|EPI_ISL_326833","Nebraska","2018-07-27"
"A/swine/Iowa/A02636498/2022|A_/_H3N2|unassigned|2022-02-17|HA|4|EPI_ISL_14779561","1990.4.a","A/swine/Iowa/A02636498/2022|A_/_H3N2|1990.4.a|2022-02-17|HA|4|EPI_ISL_14779561","Iowa","2022-02-17"
"A/swine/Iowa/A02636596/2022|A_/_H3N2|unassigned|2022-03-22|HA|4|EPI_ISL_14779685","1990.4.a","A/swine/Iowa/A02636596/2022|A_/_H3N2|1990.4.a|2022-03-22|HA|4|EPI_ISL_14779685","Iowa","2022-03-22"
"A/swine/Iowa/A02636431/2022|A_/_H3N2|unassigned|2022-01-21|HA|4|EPI_ISL_14775855","1990.4.a","A/swine/Iowa/A02636431/2022|A_/_H3N2|1990.4.a|2022-01-21|HA|4|EPI_ISL_14775855","Iowa","2022-01-21"
"A/swine/Nebraska/A02524410/2022|A_/_H3N2|unassigned|2022-06-22|HA|4|EPI_ISL_14885952","1990.4.a","A/swine/Nebraska/A02524410/2022|A_/_H3N2|1990.4.a|2022-06-22|HA|4|EPI_ISL_14885952","Nebraska","2022-06-22"
"A/swine/South_Dakota/A02636046/2021|A_/_H3N2|unassigned|2021-08-09|HA|4|EPI_ISL_6781447","1990.4.a","A/swine/South Dakota/A02636046/2021|A_/_H3N2|1990.4.a|2021-08-09|HA|4|EPI_ISL_6781447","South Dakota","2021-08-09"
"A/swine/South_Dakota/A02478745/2019|A_/_H3N2|unassigned|2019-10-10|HA|4|EPI_ISL_399598","1990.4.a","A/swine/South Dakota/A02478745/2019|A_/_H3N2|1990.4.a|2019-10-10|HA|4|EPI_ISL_399598","South Dakota","2019-10-10"
"A/swine/Minnesota/A02245255/2019|A_/_H3N2|unassigned|2019-09-24|HA|4|EPI_ISL_396975","1990.4.a","A/swine/Minnesota/A02245255/2019|A_/_H3N2|1990.4.a|2019-09-24|HA|4|EPI_ISL_396975","Minnesota","2019-09-24"
"A/swine/Nebraska/A01785271/2017|A_/_H3N2|unassigned|2017-06-19|HA|4|EPI_ISL_278764","1990.4.a","A/swine/Nebraska/A01785271/2017|A_/_H3N2|1990.4.a|2017-06-19|HA|4|EPI_ISL_278764","Nebraska","2017-06-19"
"A/swine/Nebraska/A01785272/2017|A_/_H3N2|unassigned|2017-07-03|HA|4|EPI_ISL_279523","1990.4.a","A/swine/Nebraska/A01785272/2017|A_/_H3N2|1990.4.a|2017-07-03|HA|4|EPI_ISL_279523","Nebraska","2017-07-03"
"A/swine/South_Dakota/A01678486/2017|A_/_H3N2|unassigned|2017-03-08|HA|4|EPI_ISL_260533","1990.4.a","A/swine/South Dakota/A01678486/2017|A_/_H3N2|1990.4.a|2017-03-08|HA|4|EPI_ISL_260533","South Dakota","2017-03-08"
"A/swine/Nebraska/A01785261/2017|A_/_H3N2|unassigned|2017-05-02|HA|4|EPI_ISL_272844","unassigned","A/swine/Nebraska/A01785261/2017|A_/_H3N2|unassigned|2017-05-02|HA|4|EPI_ISL_272844","Nebraska","2017-05-02"
"A/swine/Nebraska/A01785250/2017|A_/_H3N2|unassigned|2017-03-06|HA|4|EPI_ISL_261453","1990.4.a","A/swine/Nebraska/A01785250/2017|A_/_H3N2|1990.4.a|2017-03-06|HA|4|EPI_ISL_261453","Nebraska","2017-03-06"
"A/swine/Nebraska/A01785331/2017|A_/_H3N2|unassigned|2017-10-25|HA|4|EPI_ISL_296686","1990.4.a","A/swine/Nebraska/A01785331/2017|A_/_H3N2|1990.4.a|2017-10-25|HA|4|EPI_ISL_296686","Nebraska","2017-10-25"
"A/swine/Nebraska/A01785325/2017|A_/_H3N2|unassigned|2017-10-23|HA|4|EPI_ISL_296688","1990.4.a","A/swine/Nebraska/A01785325/2017|A_/_H3N2|1990.4.a|2017-10-23|HA|4|EPI_ISL_296688","Nebraska","2017-10-23"
"A/swine/Nebraska/A02254616/2018|A_/_H3N2|unassigned|2018-07-25|HA|4|EPI_ISL_326808","1990.4.a","A/swine/Nebraska/A02254616/2018|A_/_H3N2|1990.4.a|2018-07-25|HA|4|EPI_ISL_326808","Nebraska","2018-07-25"
"A/swine/Kansas/A01378025/2017|A_/_H3N2|unassigned|2017-05-01|HA|4|EPI_ISL_272738","unassigned","A/swine/Kansas/A01378025/2017|A_/_H3N2|unassigned|2017-05-01|HA|4|EPI_ISL_272738","Kansas","2017-05-01"
"A/swine/Minnesota/A01678586/2018|A_/_H3N2|unassigned|2018-09-20|HA|4|EPI_ISL_379778","1990.4.a","A/swine/Minnesota/A01678586/2018|A_/_H3N2|1990.4.a|2018-09-20|HA|4|EPI_ISL_379778","Minnesota","2018-09-20"
"A/swine/Kansas/A01378042/2019|A_/_H3N2|unassigned|2019-02-08|HA|4|EPI_ISL_371760","1990.4.a","A/swine/Kansas/A01378042/2019|A_/_H3N2|1990.4.a|2019-02-08|HA|4|EPI_ISL_371760","Kansas","2019-02-08"
"A/swine/Kansas/D18-008831/2018|A_/_H3N2|unassigned|2018-01-20|HA|4|EPI_ISL_4083648","1990.4.a","A/swine/Kansas/D18-008831/2018|A_/_H3N2|1990.4.a|2018-01-20|HA|4|EPI_ISL_4083648","Kansas","2018-01-20"
"A/swine/Nebraska/A01785951/2019|A_/_H3N2|unassigned|2019-02-07|HA|4|EPI_ISL_370650","1990.4.a","A/swine/Nebraska/A01785951/2019|A_/_H3N2|1990.4.a|2019-02-07|HA|4|EPI_ISL_370650","Nebraska","2019-02-07"
"A/swine/Iowa/A02431991/2019|A_/_H3N2|unassigned|2019-04-02|HA|4|EPI_ISL_366315","1990.4.a","A/swine/Iowa/A02431991/2019|A_/_H3N2|1990.4.a|2019-04-02|HA|4|EPI_ISL_366315","Iowa","2019-04-02"
"A/swine/Kansas/A02430272/2019|A_/_H3N2|unassigned|2019-02-07|HA|4|EPI_ISL_370652","1990.4.a","A/swine/Kansas/A02430272/2019|A_/_H3N2|1990.4.a|2019-02-07|HA|4|EPI_ISL_370652","Kansas","2019-02-07"
"A/swine/Minnesota/A02245655/2020|A_/_H3N2|unassigned|2020-05-20|HA|4|EPI_ISL_501762","1990.4.a","A/swine/Minnesota/A02245655/2020|A_/_H3N2|1990.4.a|2020-05-20|HA|4|EPI_ISL_501762","Minnesota","2020-05-20"
"A/swine/Minnesota/A02525044/2021|A_/_H3N2|unassigned|2021-01-04|HA|4|EPI_ISL_4081924","1990.4.a","A/swine/Minnesota/A02525044/2021|A_/_H3N2|1990.4.a|2021-01-04|HA|4|EPI_ISL_4081924","Minnesota","2021-01-04"
"A/swine/Iowa/A02524556/2020|A_/_H3N2|unassigned|2020-08-19|HA|4|EPI_ISL_707249","1990.4.a","A/swine/Iowa/A02524556/2020|A_/_H3N2|1990.4.a|2020-08-19|HA|4|EPI_ISL_707249","Iowa","2020-08-19"
"A/swine/Nebraska/A02245411/2020|A_/_H3N2|unassigned|2020-02-04|HA|4|EPI_ISL_503723","1990.4.a","A/swine/Nebraska/A02245411/2020|A_/_H3N2|1990.4.a|2020-02-04|HA|4|EPI_ISL_503723","Nebraska","2020-02-04"
"A/swine/Minnesota/A02861661/2023|A_/_H3N2|unassigned|2023-07-14|HA|4|EPI_ISL_18211312","1990.4.a","A/swine/Minnesota/A02861661/2023|A_/_H3N2|1990.4.a|2023-07-14|HA|4|EPI_ISL_18211312","Minnesota","2023-07-14"
"A/swine/Kansas/ISU-A02861756/2023|A_/_H3N2|unassigned|2023-08-30|HA|4|EPI_ISL_18338471","1990.4.a","A/swine/Kansas/ISU-A02861756/2023|A_/_H3N2|1990.4.a|2023-08-30|HA|4|EPI_ISL_18338471","Kansas","2023-08-30"
"A/swine/Kansas/A02751452/2023|A_/_H3N2|unassigned|2023-01-05|HA|4|EPI_ISL_17184131","1990.4.a","A/swine/Kansas/A02751452/2023|A_/_H3N2|1990.4.a|2023-01-05|HA|4|EPI_ISL_17184131","Kansas","2023-01-05"
"A/swine/Nebraska/ISU-A02861699/2023|A_/_H3N2|3C.2|2023-08-07|HA|4|EPI_ISL_18228669","unassigned","A/swine/Nebraska/ISU-A02861699/2023|A_/_H3N2|3C.2|2023-08-07|HA|4|EPI_ISL_18228669","Nebraska","2023-08-07"
"A/swine/Iowa/A02751104/2022|A_/_H3N2|3C.2|2022-10-27|HA|4|EPI_ISL_16854565","unassigned","A/swine/Iowa/A02751104/2022|A_/_H3N2|3C.2|2022-10-27|HA|4|EPI_ISL_16854565","Iowa","2022-10-27"
"A/swine/Minnesota/A02248042/2021|A_/_H3N2|unassigned|2021-06-18|HA|4|EPI_ISL_4089867","1990.4.a","A/swine/Minnesota/A02248042/2021|A_/_H3N2|1990.4.a|2021-06-18|HA|4|EPI_ISL_4089867","Minnesota","2021-06-18"
"A/swine/Iowa/A02636640/2022|A_/_H3N2|unassigned|2022-04-11|HA|4|EPI_ISL_14835147","1990.4.a","A/swine/Iowa/A02636640/2022|A_/_H3N2|1990.4.a|2022-04-11|HA|4|EPI_ISL_14835147","Iowa","2022-04-11"
"A/swine/Nebraska/A02862451/2024|A_/_H3N2|unassigned|2024-03-20|HA|4|EPI_ISL_19072928","1990.4.a","A/swine/Nebraska/A02862451/2024|A_/_H3N2|1990.4.a|2024-03-20|HA|4|EPI_ISL_19072928","Nebraska","2024-03-20"
"A/swine/Nebraska/A02862536/2024|A_/_H3N2|unassigned|2024-04-05|HA|4|EPI_ISL_19139952","1990.4.a","A/swine/Nebraska/A02862536/2024|A_/_H3N2|1990.4.a|2024-04-05|HA|4|EPI_ISL_19139952","Nebraska","2024-04-05"
"A/swine/Minnesota/A02978881/2024|A_/_H3N2|unassigned|2024-04-04|HA|4|EPI_ISL_19159715","1990.4.a","A/swine/Minnesota/A02978881/2024|A_/_H3N2|1990.4.a|2024-04-04|HA|4|EPI_ISL_19159715","Minnesota","2024-04-04"
"A/swine/Nebraska/004655_02859131/2025|A_/_H3N2|unassigned|2025-12-11|HA|4|EPI_ISL_20389173","1990.4.a","A/swine/Nebraska/004655_02859131/2025|A_/_H3N2|1990.4.a|2025-12-11|HA|4|EPI_ISL_20389173","Nebraska","2025-12-11"
"A/swine/Iowa/A02636187/2021|A_/_H3N2|unassigned|2021-09-23|HA|4|EPI_ISL_6795355","1990.4.a","A/swine/Iowa/A02636187/2021|A_/_H3N2|1990.4.a|2021-09-23|HA|4|EPI_ISL_6795355","Iowa","2021-09-23"
"A/swine/Kentucky/A02525075/2021|A_/_H3N2|unassigned|2021-01-13|HA|4|EPI_ISL_4081951","1990.4.a","A/swine/Kentucky/A02525075/2021|A_/_H3N2|1990.4.a|2021-01-13|HA|4|EPI_ISL_4081951","Kentucky","2021-01-13"
"A/swine/Nebraska/A01672826/2017|A_/_H3N2|unassigned|2017-02-01|HA|4|EPI_ISL_258615","1990.4.a","A/swine/Nebraska/A01672826/2017|A_/_H3N2|1990.4.a|2017-02-01|HA|4|EPI_ISL_258615","Nebraska","2017-02-01"
"A/swine/Kansas/A01377619/2015|A_/_H3N2|unassigned|2015-10-22|HA|4|EPI_ISL_206040","1990.4.a","A/swine/Kansas/A01377619/2015|A_/_H3N2|1990.4.a|2015-10-22|HA|4|EPI_ISL_206040","Kansas","2015-10-22"
"A/swine/Nebraska/A01781042/2016|A_/_H3N2|unassigned|2016-08-30|HA|4|EPI_ISL_237033","1990.4.a","A/swine/Nebraska/A01781042/2016|A_/_H3N2|1990.4.a|2016-08-30|HA|4|EPI_ISL_237033","Nebraska","2016-08-30"
"A/swine/Nebraska/A01847244/2015|A_/_H3N2|unassigned|2015-04-09|HA|4|EPI_ISL_190610","1990.4.a","A/swine/Nebraska/A01847244/2015|A_/_H3N2|1990.4.a|2015-04-09|HA|4|EPI_ISL_190610","Nebraska","2015-04-09"
"A/swine/Nebraska/A01847132/2015|A_/_H3N2|unassigned|2015-04-06|HA|4|EPI_ISL_179618","1990.4.a","A/swine/Nebraska/A01847132/2015|A_/_H3N2|1990.4.a|2015-04-06|HA|4|EPI_ISL_179618","Nebraska","2015-04-06"
"A/swine/Nebraska/A01847145/2015|A_/_H3N2|unassigned|2015-04-06|HA|4|EPI_ISL_179619","unassigned","A/swine/Nebraska/A01847145/2015|A_/_H3N2|unassigned|2015-04-06|HA|4|EPI_ISL_179619","Nebraska","2015-04-06"
"A/swine/Nebraska/A01476165/2014|A_/_H3N2|unassigned|2014-07-28|HA|4|EPI_ISL_166548","1990.4.a","A/swine/Nebraska/A01476165/2014|A_/_H3N2|1990.4.a|2014-07-28|HA|4|EPI_ISL_166548","Nebraska","2014-07-28"
"A/swine/Nebraska/A01566334/2014|A_/_H3N2|unassigned|2014-10-24|HA|4|EPI_ISL_170844","1990.4.a","A/swine/Nebraska/A01566334/2014|A_/_H3N2|1990.4.a|2014-10-24|HA|4|EPI_ISL_170844","Nebraska","2014-10-24"
"A/swine/South_Dakota/A01785373/2017|A_/_H3N2|unassigned|2017-11-29|HA|4|EPI_ISL_297118","1990.4.a","A/swine/South Dakota/A01785373/2017|A_/_H3N2|1990.4.a|2017-11-29|HA|4|EPI_ISL_297118","South Dakota","2017-11-29"
"A/swine/South_Dakota/A01785375/2017|A_/_H3N2|unassigned|2017-12-01|HA|4|EPI_ISL_297246","unassigned","A/swine/South Dakota/A01785375/2017|A_/_H3N2|unassigned|2017-12-01|HA|4|EPI_ISL_297246","South Dakota","2017-12-01"
"A/swine/South_Dakota/A01785987/2019|A_/_H3N2|unassigned|2019-02-21|HA|4|EPI_ISL_372186","1990.4.a","A/swine/South Dakota/A01785987/2019|A_/_H3N2|1990.4.a|2019-02-21|HA|4|EPI_ISL_372186","South Dakota","2019-02-21"
"A/swine/South_Dakota/A01785988/2019|A_/_H3N2|unassigned|2019-02-21|HA|4|EPI_ISL_372256","1990.4.a","A/swine/South Dakota/A01785988/2019|A_/_H3N2|1990.4.a|2019-02-21|HA|4|EPI_ISL_372256","South Dakota","2019-02-21"
"A/swine/Minnesota/A01942325/2016|A_/_H3N2|unassigned|2016-02-10|HA|4|EPI_ISL_235739","1990.4.a","A/swine/Minnesota/A01942325/2016|A_/_H3N2|1990.4.a|2016-02-10|HA|4|EPI_ISL_235739","Minnesota","2016-02-10"
"A/swine/South_Dakota/A02478607/2019|A_/_H3N2|unassigned|2019-07-31|HA|4|EPI_ISL_389847","1990.4.a","A/swine/South Dakota/A02478607/2019|A_/_H3N2|1990.4.a|2019-07-31|HA|4|EPI_ISL_389847","South Dakota","2019-07-31"
"A/swine/Nebraska/A01847184/2015|A_/_H3N2|unassigned|2015-04-07|HA|4|EPI_ISL_190604","1990.4.a","A/swine/Nebraska/A01847184/2015|A_/_H3N2|1990.4.a|2015-04-07|HA|4|EPI_ISL_190604","Nebraska","2015-04-07"
"A/swine/Kansas/A01377649/2015|A_/_H3N2|unassigned|2015-12-07|HA|4|EPI_ISL_208930","1990.4.a","A/swine/Kansas/A01377649/2015|A_/_H3N2|1990.4.a|2015-12-07|HA|4|EPI_ISL_208930","Kansas","2015-12-07"
"A/swine/Iowa/A02215031/2017|A_/_H3N2|unassigned|2017-04-12|HA|4|EPI_ISL_267142","1990.4.a","A/swine/Iowa/A02215031/2017|A_/_H3N2|1990.4.a|2017-04-12|HA|4|EPI_ISL_267142","Iowa","2017-04-12"
"A/swine/Pennsylvania/A02524832/2020|A_/_H3N2|unassigned|2020-10-29|HA|4|EPI_ISL_4081586","1990.4.a","A/swine/Pennsylvania/A02524832/2020|A_/_H3N2|1990.4.a|2020-10-29|HA|4|EPI_ISL_4081586","Pennsylvania","2020-10-29"
"A/swine/Minnesota/A02245278/2019|A_/_H3N2|unassigned|2019-10-09|HA|4|EPI_ISL_399387","1990.4.a","A/swine/Minnesota/A02245278/2019|A_/_H3N2|1990.4.a|2019-10-09|HA|4|EPI_ISL_399387","Minnesota","2019-10-09"
"A/swine/Nebraska/A02636561/2021|A_/_H3N2|unassigned|2021-03-08|HA|4|EPI_ISL_14778353","1990.4.a","A/swine/Nebraska/A02636561/2021|A_/_H3N2|1990.4.a|2021-03-08|HA|4|EPI_ISL_14778353","Nebraska","2021-03-08"
"A/swine/Kansas/D18-018193/2018|A_/_H3N2|unassigned|2018-05-31|HA|4|EPI_ISL_4083641.1","1990.4.a","A/swine/Kansas/D18-018193/2018|A_/_H3N2|1990.4.a|2018-05-31|HA|4|EPI_ISL_4083641.1","Kansas","2018-05-31"
"A/swine/Iowa/A02214841/2017|A_/_H3N2|unassigned|2017-04-11|HA|4|EPI_ISL_272818","1990.4.a","A/swine/Iowa/A02214841/2017|A_/_H3N2|1990.4.a|2017-04-11|HA|4|EPI_ISL_272818","Iowa","2017-04-11"
"A/swine/Iowa/A01671744/2016|A_/_H3N2|unassigned|2016-12-28|HA|4|EPI_ISL_253921","1990.4.a","A/swine/Iowa/A01671744/2016|A_/_H3N2|1990.4.a|2016-12-28|HA|4|EPI_ISL_253921","Iowa","2016-12-28"
"A/swine/Michigan/A02025547/2015|A_/_H3N2|unassigned|2015-08-13|HA|4|EPI_ISL_200098","1990.4.a","A/swine/Michigan/A02025547/2015|A_/_H3N2|1990.4.a|2015-08-13|HA|4|EPI_ISL_200098","Michigan","2015-08-13"
"A/swine/Indiana/A01260479/2014|A_/_H3N2|unassigned|2014-01-28|HA|4|EPI_ISL_161718","1990.4.a","A/swine/Indiana/A01260479/2014|A_/_H3N2|1990.4.a|2014-01-28|HA|4|EPI_ISL_161718","Indiana","2014-01-28"
"A/swine/Iowa/A01769343/2015|A_/_H3N2|unassigned|2015-08-05|HA|4|EPI_ISL_200088","1990.4.a","A/swine/Iowa/A01769343/2015|A_/_H3N2|1990.4.a|2015-08-05|HA|4|EPI_ISL_200088","Iowa","2015-08-05"
"A/swine/Iowa/A02136748/2017|A_/_H3N2|unassigned|2017-11-17|HA|4|EPI_ISL_297087","1990.4.a","A/swine/Iowa/A02136748/2017|A_/_H3N2|1990.4.a|2017-11-17|HA|4|EPI_ISL_297087","Iowa","2017-11-17"
"A/swine/United_State/A01410955/2014|A_/_H3N2|unassigned|2014-06-13|HA|4|EPI_ISL_165174","1990.4.a","A/swine/USA/A01410955/2014|A_/_H3N2|1990.4.a|2014-06-13|HA|4|EPI_ISL_165174","USA","2014-06-13"
"A/swine/North_Carolina/A01895828/2016|A_/_H3N2|unassigned|2016-04-14|HA|4|EPI_ISL_225508","1990.4.a","A/swine/North Carolina/A01895828/2016|A_/_H3N2|1990.4.a|2016-04-14|HA|4|EPI_ISL_225508","North Carolina","2016-04-14"
"A/swine/North_Carolina/A01731777/2016|A_/_H3N2|unassigned|2016-02-16|HA|4|EPI_ISL_217475","1990.4.a","A/swine/North Carolina/A01731777/2016|A_/_H3N2|1990.4.a|2016-02-16|HA|4|EPI_ISL_217475","North Carolina","2016-02-16"
"A/swine/North_Carolina/A01945912/2015|A_/_H3N2|unassigned|2015-10-24|HA|4|EPI_ISL_206011","1990.4.a","A/swine/North Carolina/A01945912/2015|A_/_H3N2|1990.4.a|2015-10-24|HA|4|EPI_ISL_206011","North Carolina","2015-10-24"
"A/swine/North_Carolina/A01945740/2015|A_/_H3N2|unassigned|2015-10-21|HA|4|EPI_ISL_203116","unassigned","A/swine/North Carolina/A01945740/2015|A_/_H3N2|unassigned|2015-10-21|HA|4|EPI_ISL_203116","North Carolina","2015-10-21"
"A/swine/North_Carolina/A01945939/2015|A_/_H3N2|unassigned|2015-10-24|HA|4|EPI_ISL_203149","unassigned","A/swine/North Carolina/A01945939/2015|A_/_H3N2|unassigned|2015-10-24|HA|4|EPI_ISL_203149","North Carolina","2015-10-24"
"A/swine/North_Carolina/A01945726/2015|A_/_H3N2|unassigned|2015-10-19|HA|4|EPI_ISL_203105","1990.4.a","A/swine/North Carolina/A01945726/2015|A_/_H3N2|1990.4.a|2015-10-19|HA|4|EPI_ISL_203105","North Carolina","2015-10-19"
"A/swine/North_Carolina/A01945976/2015|A_/_H3N2|unassigned|2015-10-27|HA|4|EPI_ISL_205327","1990.4.a","A/swine/North Carolina/A01945976/2015|A_/_H3N2|1990.4.a|2015-10-27|HA|4|EPI_ISL_205327","North Carolina","2015-10-27"
"A/swine/North_Carolina/A01895864/2016|A_/_H3N2|unassigned|2016-04-21|HA|4|EPI_ISL_225517","1990.4.a","A/swine/North Carolina/A01895864/2016|A_/_H3N2|1990.4.a|2016-04-21|HA|4|EPI_ISL_225517","North Carolina","2016-04-21"
"A/swine/North_Carolina/A01729547/2016|A_/_H3N2|unassigned|2016-01-11|HA|4|EPI_ISL_213789","1990.4.a","A/swine/North Carolina/A01729547/2016|A_/_H3N2|1990.4.a|2016-01-11|HA|4|EPI_ISL_213789","North Carolina","2016-01-11"
"A/swine/North_Carolina/A01668240/2016|A_/_H3N2|unassigned|2016-11-10|HA|4|EPI_ISL_246038","1990.4.a","A/swine/North Carolina/A01668240/2016|A_/_H3N2|1990.4.a|2016-11-10|HA|4|EPI_ISL_246038","North Carolina","2016-11-10"
"A/swine/North_Carolina/A01777393/2016|A_/_H3N2|unassigned|2016-07-06|HA|4|EPI_ISL_234286","1990.4.a","A/swine/North Carolina/A01777393/2016|A_/_H3N2|1990.4.a|2016-07-06|HA|4|EPI_ISL_234286","North Carolina","2016-07-06"
"A/swine/North_Carolina/A01671000/2016|A_/_H3N2|unassigned|2016-12-02|HA|4|EPI_ISL_252805","1990.4.a","A/swine/North Carolina/A01671000/2016|A_/_H3N2|1990.4.a|2016-12-02|HA|4|EPI_ISL_252805","North Carolina","2016-12-02"
"A/swine/North_Carolina/A01781579/2016|A_/_H3N2|unassigned|2016-09-20|HA|4|EPI_ISL_243371","1990.4.a","A/swine/North Carolina/A01781579/2016|A_/_H3N2|1990.4.a|2016-09-20|HA|4|EPI_ISL_243371","North Carolina","2016-09-20"
"A/swine/North_Carolina/A01781224/2016|A_/_H3N2|unassigned|2016-09-07|HA|4|EPI_ISL_237053","unassigned","A/swine/North Carolina/A01781224/2016|A_/_H3N2|unassigned|2016-09-07|HA|4|EPI_ISL_237053","North Carolina","2016-09-07"
"A/swine/North_Carolina/A01728452/2015|A_/_H3N2|unassigned|2015-12-28|HA|4|EPI_ISL_211805","1990.4.a","A/swine/North Carolina/A01728452/2015|A_/_H3N2|1990.4.a|2015-12-28|HA|4|EPI_ISL_211805","North Carolina","2015-12-28"
"A/swine/Iowa/A01932044/2017|A_/_H3N2|unassigned|2017-02-08|HA|4|EPI_ISL_258649","1990.4.a","A/swine/Iowa/A01932044/2017|A_/_H3N2|1990.4.a|2017-02-08|HA|4|EPI_ISL_258649","Iowa","2017-02-08"
"A/swine/Iowa/A01777893/2016|A_/_H3N2|unassigned|2016-07-21|HA|4|EPI_ISL_234678","1990.4.a","A/swine/Iowa/A01777893/2016|A_/_H3N2|1990.4.a|2016-07-21|HA|4|EPI_ISL_234678","Iowa","2016-07-21"
"A/swine/Minnesota/A01785488/2018|A_/_H3N2|unassigned|2018-03-27|HA|4|EPI_ISL_329075","1990.4.a","A/swine/Minnesota/A01785488/2018|A_/_H3N2|1990.4.a|2018-03-27|HA|4|EPI_ISL_329075","Minnesota","2018-03-27"
"A/swine/Iowa/A02172377/2018|A_/_H3N2|unassigned|2018-07-13|HA|4|EPI_ISL_327491","1990.4.a","A/swine/Iowa/A02172377/2018|A_/_H3N2|1990.4.a|2018-07-13|HA|4|EPI_ISL_327491","Iowa","2018-07-13"
"A/swine/Nebraska/A01823621/2015|A_/_H3N2|unassigned|2015-07-20|HA|4|EPI_ISL_197209","1990.4.a","A/swine/Nebraska/A01823621/2015|A_/_H3N2|1990.4.a|2015-07-20|HA|4|EPI_ISL_197209","Nebraska","2015-07-20"
"A/swine/Nebraska/A01822258/2015|A_/_H3N2|unassigned|2015-05-19|HA|4|EPI_ISL_190891","1990.4.a","A/swine/Nebraska/A01822258/2015|A_/_H3N2|1990.4.a|2015-05-19|HA|4|EPI_ISL_190891","Nebraska","2015-05-19"
"A/swine/Nebraska/A01823392/2015|A_/_H3N2|unassigned|2015-07-07|HA|4|EPI_ISL_195445","1990.4.a","A/swine/Nebraska/A01823392/2015|A_/_H3N2|1990.4.a|2015-07-07|HA|4|EPI_ISL_195445","Nebraska","2015-07-07"
"A/swine/Nebraska/A01822499/2015|A_/_H3N2|unassigned|2015-06-01|HA|4|EPI_ISL_195334","1990.4.a","A/swine/Nebraska/A01822499/2015|A_/_H3N2|1990.4.a|2015-06-01|HA|4|EPI_ISL_195334","Nebraska","2015-06-01"
"A/swine/Minnesota/A01472881/2015|A_/_H3N2|unassigned|2015-08-10|HA|4|EPI_ISL_198203","1990.4.a","A/swine/Minnesota/A01472881/2015|A_/_H3N2|1990.4.a|2015-08-10|HA|4|EPI_ISL_198203","Minnesota","2015-08-10"
"A/swine/Minnesota/A01471950/2015|A_/_H3N2|unassigned|2015-06-29|HA|4|EPI_ISL_195384","1990.4.a","A/swine/Minnesota/A01471950/2015|A_/_H3N2|1990.4.a|2015-06-29|HA|4|EPI_ISL_195384","Minnesota","2015-06-29"
"A/swine/Nebraska/A01823468/2015|A_/_H3N2|unassigned|2015-07-09|HA|4|EPI_ISL_205510","1990.4.a","A/swine/Nebraska/A01823468/2015|A_/_H3N2|1990.4.a|2015-07-09|HA|4|EPI_ISL_205510","Nebraska","2015-07-09"
"A/swine/Kansas/2015-21/2015|A_/_H3N2|unassigned|2015-12-19|HA|4|EPI_ISL_4083639","1990.4.a","A/swine/Kansas/2015-21/2015|A_/_H3N2|1990.4.a|2015-12-19|HA|4|EPI_ISL_4083639","Kansas","2015-12-19"
"A/swine/Kansas/2015-14/2015|A_/_H3N2|unassigned|2015-12-18|HA|4|EPI_ISL_4083649","1990.4.a","A/swine/Kansas/2015-14/2015|A_/_H3N2|1990.4.a|2015-12-18|HA|4|EPI_ISL_4083649","Kansas","2015-12-18"
"A/swine/Kansas/2015-29/2015|A_/_H3N2|unassigned|2015-12-20|HA|4|EPI_ISL_4083642","1990.4.a","A/swine/Kansas/2015-29/2015|A_/_H3N2|1990.4.a|2015-12-20|HA|4|EPI_ISL_4083642","Kansas","2015-12-20"
"A/swine/Kansas/A01377582/2015|A_/_H3N2|unassigned|2015-08-10|HA|4|EPI_ISL_203200","1990.4.a","A/swine/Kansas/A01377582/2015|A_/_H3N2|1990.4.a|2015-08-10|HA|4|EPI_ISL_203200","Kansas","2015-08-10"
"A/swine/Nebraska/A01785243/2016|A_/_H3N2|unassigned|2016-11-28|HA|4|EPI_ISL_252626","1990.4.a","A/swine/Nebraska/A01785243/2016|A_/_H3N2|1990.4.a|2016-11-28|HA|4|EPI_ISL_252626","Nebraska","2016-11-28"
"A/swine/Colorado/A01775092/2016|A_/_H3N2|unassigned|2016-05-11|HA|4|EPI_ISL_226067","1990.4.a","A/swine/Colorado/A01775092/2016|A_/_H3N2|1990.4.a|2016-05-11|HA|4|EPI_ISL_226067","Colorado","2016-05-11"
"A/swine/Iowa/A01778607/2016|A_/_H3N2|unassigned|2016-08-17|HA|4|EPI_ISL_235724","1990.4.a","A/swine/Iowa/A01778607/2016|A_/_H3N2|1990.4.a|2016-08-17|HA|4|EPI_ISL_235724","Iowa","2016-08-17"
"A/swine/South_Dakota/A01777894/2016|A_/_H3N2|unassigned|2016-07-21|HA|4|EPI_ISL_234674","1990.4.a","A/swine/South Dakota/A01777894/2016|A_/_H3N2|1990.4.a|2016-07-21|HA|4|EPI_ISL_234674","South Dakota","2016-07-21"
"A/swine/Colorado/A02978450/2023|A_/_H3N2|unassigned|2023-03-13|HA|4|EPI_ISL_17986906","1990.4.a","A/swine/Colorado/A02978450/2023|A_/_H3N2|1990.4.a|2023-03-13|HA|4|EPI_ISL_17986906","Colorado","2023-03-13"
"A/swine/Colorado/A02710706/2022|A_/_H3N2|unassigned|2022-06-09|HA|4|EPI_ISL_14937259","1990.4.a","A/swine/Colorado/A02710706/2022|A_/_H3N2|1990.4.a|2022-06-09|HA|4|EPI_ISL_14937259","Colorado","2022-06-09"
"A/swine/Iowa/A02218156/2017|A_/_H3N2|unassigned|2017-07-10|HA|4|EPI_ISL_279495","1990.4.a","A/swine/Iowa/A02218156/2017|A_/_H3N2|1990.4.a|2017-07-10|HA|4|EPI_ISL_279495","Iowa","2017-07-10"
"A/swine/Nebraska/A02217400/2017|A_/_H3N2|unassigned|2017-06-28|HA|4|EPI_ISL_279714","1990.4.a","A/swine/Nebraska/A02217400/2017|A_/_H3N2|1990.4.a|2017-06-28|HA|4|EPI_ISL_279714","Nebraska","2017-06-28"
"A/swine/Iowa/A02154072/2018|A_/_H3N2|unassigned|2018-02-22|HA|4|EPI_ISL_305770","1990.4.a","A/swine/Iowa/A02154072/2018|A_/_H3N2|1990.4.a|2018-02-22|HA|4|EPI_ISL_305770","Iowa","2018-02-22"
"A/swine/Iowa/A02134242/2017|A_/_H3N2|unassigned|2017-10-23|HA|4|EPI_ISL_296550","1990.4.a","A/swine/Iowa/A02134242/2017|A_/_H3N2|1990.4.a|2017-10-23|HA|4|EPI_ISL_296550","Iowa","2017-10-23"
"A/swine/Minnesota/A01785322/2017|A_/_H3N2|unassigned|2017-10-18|HA|4|EPI_ISL_290282","1990.4.a","A/swine/Minnesota/A01785322/2017|A_/_H3N2|1990.4.a|2017-10-18|HA|4|EPI_ISL_290282","Minnesota","2017-10-18"
"A/swine/Nebraska/A02221499/2017|A_/_H3N2|unassigned|2017-08-28|HA|4|EPI_ISL_285477","1990.4.a","A/swine/Nebraska/A02221499/2017|A_/_H3N2|1990.4.a|2017-08-28|HA|4|EPI_ISL_285477","Nebraska","2017-08-28"
"A/swine/Kansas/A01785786/2018|A_/_H3N2|unassigned|2018-12-10|HA|4|EPI_ISL_376670","1990.4.a","A/swine/Kansas/A01785786/2018|A_/_H3N2|1990.4.a|2018-12-10|HA|4|EPI_ISL_376670","Kansas","2018-12-10"
"A/swine/Indiana/A01672517/2017|A_/_H3N2|unassigned|2017-01-20|HA|4|EPI_ISL_257035","1990.4.a","A/swine/Indiana/A01672517/2017|A_/_H3N2|1990.4.a|2017-01-20|HA|4|EPI_ISL_257035","Indiana","2017-01-20"
"A/swine/North_Carolina/A01782800/2016|A_/_H3N2|unassigned|2016-10-27|HA|4|EPI_ISL_245328","1990.4.a","A/swine/North Carolina/A01782800/2016|A_/_H3N2|1990.4.a|2016-10-27|HA|4|EPI_ISL_245328","North Carolina","2016-10-27"
"A/swine/Ohio/OH18-09970.4/2018|A_/_H3N2|unassigned|2018-04-29|HA|4|EPI_ISL_373229","1990.4.a","A/swine/Ohio/OH18-09970.4/2018|A_/_H3N2|1990.4.a|2018-04-29|HA|4|EPI_ISL_373229","Ohio","2018-04-29"
"A/swine/Iowa/A02025203/2015|A_/_H3N2|unassigned|2015-07-08|HA|4|EPI_ISL_197218","1990.4.a","A/swine/Iowa/A02025203/2015|A_/_H3N2|1990.4.a|2015-07-08|HA|4|EPI_ISL_197218","Iowa","2015-07-08"
"A/swine/Indiana/A01812059/2015|A_/_H3N2|unassigned|2015-11-04|HA|4|EPI_ISL_256260","1990.4.a","A/swine/Indiana/A01812059/2015|A_/_H3N2|1990.4.a|2015-11-04|HA|4|EPI_ISL_256260","Indiana","2015-11-04"
"A/swine/Iowa/A02432156/2019|A_/_H3N2|unassigned|2019-04-08|HA|4|EPI_ISL_366155","1990.4.a","A/swine/Iowa/A02432156/2019|A_/_H3N2|1990.4.a|2019-04-08|HA|4|EPI_ISL_366155","Iowa","2019-04-08"
"A/swine/Minnesota/A02245096/2019|A_/_H3N2|unassigned|2019-03-28|HA|4|EPI_ISL_370339","1990.4.a","A/swine/Minnesota/A02245096/2019|A_/_H3N2|1990.4.a|2019-03-28|HA|4|EPI_ISL_370339","Minnesota","2019-03-28"
"A/swine/Nebraska/A02430692/2019|A_/_H3N2|unassigned|2019-02-19|HA|4|EPI_ISL_372166","1990.4.a","A/swine/Nebraska/A02430692/2019|A_/_H3N2|1990.4.a|2019-02-19|HA|4|EPI_ISL_372166","Nebraska","2019-02-19"
"A/swine/Iowa/A02257962/2018|A_/_H3N2|unassigned|2018-10-03|HA|4|EPI_ISL_379375","1990.4.a","A/swine/Iowa/A02257962/2018|A_/_H3N2|1990.4.a|2018-10-03|HA|4|EPI_ISL_379375","Iowa","2018-10-03"
"A/swine/Nebraska/A02257337/2018|A_/_H3N2|unassigned|2018-09-14|HA|4|EPI_ISL_379809","1990.4.a","A/swine/Nebraska/A02257337/2018|A_/_H3N2|1990.4.a|2018-09-14|HA|4|EPI_ISL_379809","Nebraska","2018-09-14"
"A/swine/Iowa/A02478735/2019|A_/_H3N2|unassigned|2019-10-09|HA|4|EPI_ISL_399605","1990.4.a","A/swine/Iowa/A02478735/2019|A_/_H3N2|1990.4.a|2019-10-09|HA|4|EPI_ISL_399605","Iowa","2019-10-09"
"A/swine/Iowa/A02524878/2020|A_/_H3N2|unassigned|2020-11-09|HA|4|EPI_ISL_4081716","1990.4.a","A/swine/Iowa/A02524878/2020|A_/_H3N2|1990.4.a|2020-11-09|HA|4|EPI_ISL_4081716","Iowa","2020-11-09"
"A/swine/Nebraska/A02215046/2017|A_/_H3N2|unassigned|2017-04-26|HA|4|EPI_ISL_267144","1990.4.a","A/swine/Nebraska/A02215046/2017|A_/_H3N2|1990.4.a|2017-04-26|HA|4|EPI_ISL_267144","Nebraska","2017-04-26"
"A/swine/Minnesota/A02858601/2025|A_/_H3N2|unassigned|2025-05-02|HA|4|EPI_ISL_19890490","1990.4.a","A/swine/Minnesota/A02858601/2025|A_/_H3N2|1990.4.a|2025-05-02|HA|4|EPI_ISL_19890490","Minnesota","2025-05-02"
"A/swine/Minnesota/A02979412/2025|A_/_H3N2|unassigned|2025-03-10|HA|4|EPI_ISL_19890504","1990.4.a","A/swine/Minnesota/A02979412/2025|A_/_H3N2|1990.4.a|2025-03-10|HA|4|EPI_ISL_19890504","Minnesota","2025-03-10"
"A/swine/Iowa/A02862319/2024|A_/_H3N2|unassigned|2024-02-21|HA|4|EPI_ISL_19219647","1990.4.a","A/swine/Iowa/A02862319/2024|A_/_H3N2|1990.4.a|2024-02-21|HA|4|EPI_ISL_19219647","Iowa","2024-02-21"
"A/swine/Iowa/A02862436/2024|A_/_H3N2|3C.3a|2024-03-20|HA|4|EPI_ISL_19064621","unassigned","A/swine/Iowa/A02862436/2024|A_/_H3N2|3C.3a|2024-03-20|HA|4|EPI_ISL_19064621","Iowa","2024-03-20"
"A/swine/Indiana/A02862668/2024|A_/_H3N2|3C.3a|2024-06-04|HA|4|EPI_ISL_19310941","unassigned","A/swine/Indiana/A02862668/2024|A_/_H3N2|3C.3a|2024-06-04|HA|4|EPI_ISL_19310941","Indiana","2024-06-04"
"A/swine/Indiana/A02863064/2024|A_/_H3N2|unassigned|2024-10-23|HA|4|EPI_ISL_19556928","1990.4.a","A/swine/Indiana/A02863064/2024|A_/_H3N2|1990.4.a|2024-10-23|HA|4|EPI_ISL_19556928","Indiana","2024-10-23"
"A/swine/Minnesota/A02979241/2024|A_/_H3N2|unassigned|2024-09-11|HA|4|EPI_ISL_19556797","1990.4.a","A/swine/Minnesota/A02979241/2024|A_/_H3N2|1990.4.a|2024-09-11|HA|4|EPI_ISL_19556797","Minnesota","2024-09-11"
"A/swine/Michigan/A02858722/2025|A_/_H3N2|3C.3a|2025-07-16|HA|4|EPI_ISL_20101460","unassigned","A/swine/Michigan/A02858722/2025|A_/_H3N2|3C.3a|2025-07-16|HA|4|EPI_ISL_20101460","Michigan","2025-07-16"
"A/swine/Minnesota/A02980758/2025|A_/_H3N2|unassigned|2025-11-26|HA|4|EPI_ISL_20348207","1990.4.a","A/swine/Minnesota/A02980758/2025|A_/_H3N2|1990.4.a|2025-11-26|HA|4|EPI_ISL_20348207","Minnesota","2025-11-26"
"A/swine/Minnesota/A02979361/2024|A_/_H3N2|unassigned|2024-10-29|HA|4|EPI_ISL_19820119","1990.4.a","A/swine/Minnesota/A02979361/2024|A_/_H3N2|1990.4.a|2024-10-29|HA|4|EPI_ISL_19820119","Minnesota","2024-10-29"
"A/swine/Minnesota/A02979370/2024|A_/_H3N2|unassigned|2024-11-11|HA|4|EPI_ISL_19820114","1990.4.a","A/swine/Minnesota/A02979370/2024|A_/_H3N2|1990.4.a|2024-11-11|HA|4|EPI_ISL_19820114","Minnesota","2024-11-11"
"A/swine/Minnesota/A02980704/2025|A_/_H3N2|unassigned|2025-09-16|HA|4|EPI_ISL_20258465","1990.4.a","A/swine/Minnesota/A02980704/2025|A_/_H3N2|1990.4.a|2025-09-16|HA|4|EPI_ISL_20258465","Minnesota","2025-09-16"
"A/swine/Minnesota/004664_02859139/2025|A_/_H3N2|unassigned|2025-12-18|HA|4|EPI_ISL_20389161","1990.4.a","A/swine/Minnesota/004664_02859139/2025|A_/_H3N2|1990.4.a|2025-12-18|HA|4|EPI_ISL_20389161","Minnesota","2025-12-18"
"A/swine/Iowa/A02751203/2022|A_/_H3N2|3C.3a|2022-11-08|HA|4|EPI_ISL_16925103","unassigned","A/swine/Iowa/A02751203/2022|A_/_H3N2|3C.3a|2022-11-08|HA|4|EPI_ISL_16925103","Iowa","2022-11-08"
"A/swine/Iowa/A02751444/2022|A_/_H3N2|3C.3a|2022-12-27|HA|4|EPI_ISL_17184125","unassigned","A/swine/Iowa/A02751444/2022|A_/_H3N2|3C.3a|2022-12-27|HA|4|EPI_ISL_17184125","Iowa","2022-12-27"
"A/swine/Iowa/A02750896/2022|A_/_H3N2|unassigned|2022-09-15|HA|4|EPI_ISL_15620552","1990.4.a","A/swine/Iowa/A02750896/2022|A_/_H3N2|1990.4.a|2022-09-15|HA|4|EPI_ISL_15620552","Iowa","2022-09-15"
"A/swine/Iowa/A02751269/2022|A_/_H3N2|3C.3a|2022-11-21|HA|4|EPI_ISL_16840770","unassigned","A/swine/Iowa/A02751269/2022|A_/_H3N2|3C.3a|2022-11-21|HA|4|EPI_ISL_16840770","Iowa","2022-11-21"
"A/swine/Iowa/A02750910/2022|A_/_H3N2|unassigned|2022-09-21|HA|4|EPI_ISL_16215596","1990.4.a","A/swine/Iowa/A02750910/2022|A_/_H3N2|1990.4.a|2022-09-21|HA|4|EPI_ISL_16215596","Iowa","2022-09-21"
"A/swine/Iowa/ISU-A02861925/2023|A_/_H3N2|3C.3a|2023-10-18|HA|4|EPI_ISL_18758265","unassigned","A/swine/Iowa/ISU-A02861925/2023|A_/_H3N2|3C.3a|2023-10-18|HA|4|EPI_ISL_18758265","Iowa","2023-10-18"
"A/swine/Iowa/A02861530/2023|A_/_H3N2|3C.3a|2023-05-15|HA|4|EPI_ISL_18037857","unassigned","A/swine/Iowa/A02861530/2023|A_/_H3N2|3C.3a|2023-05-15|HA|4|EPI_ISL_18037857","Iowa","2023-05-15"
"A/swine/Iowa/A02862513/2024|A_/_H3N2|3C.3a|2024-04-03|HA|4|EPI_ISL_19139966","unassigned","A/swine/Iowa/A02862513/2024|A_/_H3N2|3C.3a|2024-04-03|HA|4|EPI_ISL_19139966","Iowa","2024-04-03"
"A/swine/Iowa/A02862855/2024|A_/_H3N2|3C.3a|2024-09-03|HA|4|EPI_ISL_19451744","unassigned","A/swine/Iowa/A02862855/2024|A_/_H3N2|3C.3a|2024-09-03|HA|4|EPI_ISL_19451744","Iowa","2024-09-03"
"A/swine/Iowa/A02862888/2024|A_/_H3N2|unassigned|2024-09-12|HA|4|EPI_ISL_19501190","1990.4.a","A/swine/Iowa/A02862888/2024|A_/_H3N2|1990.4.a|2024-09-12|HA|4|EPI_ISL_19501190","Iowa","2024-09-12"
"A/swine/Minnesota/A02978435/2023|A_/_H3N2|3C.3a|2023-02-20|HA|4|EPI_ISL_17373179","unassigned","A/swine/Minnesota/A02978435/2023|A_/_H3N2|3C.3a|2023-02-20|HA|4|EPI_ISL_17373179","Minnesota","2023-02-20"
"A/swine/Iowa/A02862887/2024|A_/_H3N2|3C.3a|2024-09-16|HA|4|EPI_ISL_19501191","unassigned","A/swine/Iowa/A02862887/2024|A_/_H3N2|3C.3a|2024-09-16|HA|4|EPI_ISL_19501191","Iowa","2024-09-16"
"A/swine/Iowa/A02862922/2024|A_/_H3N2|3C.3a|2024-09-24|HA|4|EPI_ISL_19501210","unassigned","A/swine/Iowa/A02862922/2024|A_/_H3N2|3C.3a|2024-09-24|HA|4|EPI_ISL_19501210","Iowa","2024-09-24"
"A/swine/Iowa/A02862437/2024|A_/_H3N2|3C.3a|2024-03-20|HA|4|EPI_ISL_19064620","unassigned","A/swine/Iowa/A02862437/2024|A_/_H3N2|3C.3a|2024-03-20|HA|4|EPI_ISL_19064620","Iowa","2024-03-20"
"A/swine/Iowa/A02862545/2024|A_/_H3N2|3C.3a|2024-04-10|HA|4|EPI_ISL_19139961","unassigned","A/swine/Iowa/A02862545/2024|A_/_H3N2|3C.3a|2024-04-10|HA|4|EPI_ISL_19139961","Iowa","2024-04-10"
"A/swine/Iowa/ISU-A02861899/2023|A_/_H3N2|3C.3a|2023-10-11|HA|4|EPI_ISL_18758302","unassigned","A/swine/Iowa/ISU-A02861899/2023|A_/_H3N2|3C.3a|2023-10-11|HA|4|EPI_ISL_18758302","Iowa","2023-10-11"
"A/swine/Minnesota/ISU-A02862066/2023|A_/_H3N2|3C.3a|2023-11-21|HA|4|EPI_ISL_18701685","unassigned","A/swine/Minnesota/ISU-A02862066/2023|A_/_H3N2|3C.3a|2023-11-21|HA|4|EPI_ISL_18701685","Minnesota","2023-11-21"
"A/swine/Iowa/ISU-A02862090/2023|A_/_H3N2|3C.3a|2023-11-29|HA|4|EPI_ISL_18737888","unassigned","A/swine/Iowa/ISU-A02862090/2023|A_/_H3N2|3C.3a|2023-11-29|HA|4|EPI_ISL_18737888","Iowa","2023-11-29"
"A/swine/Minnesota/A02862729/2024|A_/_H3N2|3C.3a|2024-06-28|HA|4|EPI_ISL_19310326","unassigned","A/swine/Minnesota/A02862729/2024|A_/_H3N2|3C.3a|2024-06-28|HA|4|EPI_ISL_19310326","Minnesota","2024-06-28"
"A/swine/Minnesota/A02978922/2024|A_/_H3N2|3C.3a|2024-10-02|HA|4|EPI_ISL_19556766","unassigned","A/swine/Minnesota/A02978922/2024|A_/_H3N2|3C.3a|2024-10-02|HA|4|EPI_ISL_19556766","Minnesota","2024-10-02"
"A/swine/Iowa/ISU-A02862209/2024|A_/_H3N2|3C.3a|2024-01-05|HA|4|EPI_ISL_18921653","unassigned","A/swine/Iowa/ISU-A02862209/2024|A_/_H3N2|3C.3a|2024-01-05|HA|4|EPI_ISL_18921653","Iowa","2024-01-05"
"A/swine/Iowa/A02861585/2023|A_/_H3N2|3C.3a|2023-06-14|HA|4|EPI_ISL_18037837","unassigned","A/swine/Iowa/A02861585/2023|A_/_H3N2|3C.3a|2023-06-14|HA|4|EPI_ISL_18037837","Iowa","2023-06-14"
"A/swine/Minnesota/USDA-A02978561/2023|A_/_H3N2|3C.3a|2023-09-20|HA|4|EPI_ISL_18758888","unassigned","A/swine/Minnesota/USDA-A02978561/2023|A_/_H3N2|3C.3a|2023-09-20|HA|4|EPI_ISL_18758888","Minnesota","2023-09-20"
"A/swine/Minnesota/A02862464/2024|A_/_H3N2|3C.3a|2024-03-24|HA|4|EPI_ISL_19072940","unassigned","A/swine/Minnesota/A02862464/2024|A_/_H3N2|3C.3a|2024-03-24|HA|4|EPI_ISL_19072940","Minnesota","2024-03-24"
"A/swine/Minnesota/A02978909/2024|A_/_H3N2|3C.3a|2024-04-02|HA|4|EPI_ISL_19328743","unassigned","A/swine/Minnesota/A02978909/2024|A_/_H3N2|3C.3a|2024-04-02|HA|4|EPI_ISL_19328743","Minnesota","2024-04-02"
"A/swine/Minnesota/A02862450/2024|A_/_H3N2|3C.3a|2024-03-26|HA|4|EPI_ISL_19072967","unassigned","A/swine/Minnesota/A02862450/2024|A_/_H3N2|3C.3a|2024-03-26|HA|4|EPI_ISL_19072967","Minnesota","2024-03-26"
"A/swine/Minnesota/A02978822/2024|A_/_H3N2|3C.3a|2024-02-28|HA|4|EPI_ISL_19134584","unassigned","A/swine/Minnesota/A02978822/2024|A_/_H3N2|3C.3a|2024-02-28|HA|4|EPI_ISL_19134584","Minnesota","2024-02-28"
"A/swine/Minnesota/A02862732/2024|A_/_H3N2|3C.3a|2024-06-28|HA|4|EPI_ISL_19310325","unassigned","A/swine/Minnesota/A02862732/2024|A_/_H3N2|3C.3a|2024-06-28|HA|4|EPI_ISL_19310325","Minnesota","2024-06-28"
"A/swine/Minnesota/A02979175/2024|A_/_H3N2|3C.3a|2024-07-17|HA|4|EPI_ISL_19483728","unassigned","A/swine/Minnesota/A02979175/2024|A_/_H3N2|3C.3a|2024-07-17|HA|4|EPI_ISL_19483728","Minnesota","2024-07-17"
"A/swine/Minnesota/A02978859/2024|A_/_H3N2|unassigned|2024-03-21|HA|4|EPI_ISL_19134576","1990.4.a","A/swine/Minnesota/A02978859/2024|A_/_H3N2|1990.4.a|2024-03-21|HA|4|EPI_ISL_19134576","Minnesota","2024-03-21"
"A/swine/Minnesota/A02979031/2024|A_/_H3N2|3C.3a|2024-06-13|HA|4|EPI_ISL_19344320","unassigned","A/swine/Minnesota/A02979031/2024|A_/_H3N2|3C.3a|2024-06-13|HA|4|EPI_ISL_19344320","Minnesota","2024-06-13"
"A/swine/Minnesota/A02978918/2024|A_/_H3N2|3C.3a|2024-05-31|HA|4|EPI_ISL_19483731","unassigned","A/swine/Minnesota/A02978918/2024|A_/_H3N2|3C.3a|2024-05-31|HA|4|EPI_ISL_19483731","Minnesota","2024-05-31"
"A/swine/Minnesota/A02862544/2024|A_/_H3N2|3C.3a|2024-04-09|HA|4|EPI_ISL_19139957","unassigned","A/swine/Minnesota/A02862544/2024|A_/_H3N2|3C.3a|2024-04-09|HA|4|EPI_ISL_19139957","Minnesota","2024-04-09"
"A/swine/Minnesota/A02978903/2024|A_/_H3N2|unassigned|2024-05-08|HA|4|EPI_ISL_19328761","1990.4.a","A/swine/Minnesota/A02978903/2024|A_/_H3N2|1990.4.a|2024-05-08|HA|4|EPI_ISL_19328761","Minnesota","2024-05-08"
"A/swine/Minnesota/A02979179/2024|A_/_H3N2|unassigned|2024-07-25|HA|4|EPI_ISL_19483726","1990.4.a","A/swine/Minnesota/A02979179/2024|A_/_H3N2|1990.4.a|2024-07-25|HA|4|EPI_ISL_19483726","Minnesota","2024-07-25"
"A/swine/Ohio/UCHI-A02978544/2023|A_/_H3N2|3C.3a|2023-08-14|HA|4|EPI_ISL_18388335","unassigned","A/swine/Ohio/UCHI-A02978544/2023|A_/_H3N2|3C.3a|2023-08-14|HA|4|EPI_ISL_18388335","Ohio","2023-08-14"
"A/swine/Michigan/A02780682/2023|A_/_H3N2|3C.3a|2023-07-15|HA|4|EPI_ISL_18144135","unassigned","A/swine/Michigan/A02780682/2023|A_/_H3N2|3C.3a|2023-07-15|HA|4|EPI_ISL_18144135","Michigan","2023-07-15"
"A/swine/Michigan/A02780685/2023|A_/_H3N2|3C.3a|2023-07-15|HA|4|EPI_ISL_18144137","unassigned","A/swine/Michigan/A02780685/2023|A_/_H3N2|3C.3a|2023-07-15|HA|4|EPI_ISL_18144137","Michigan","2023-07-15"
"A/swine/Michigan/A02780680/2023|A_/_H3N2|3C.3a|2023-07-15|HA|4|EPI_ISL_18144134","unassigned","A/swine/Michigan/A02780680/2023|A_/_H3N2|3C.3a|2023-07-15|HA|4|EPI_ISL_18144134","Michigan","2023-07-15"
"A/swine/Indiana/ISU-A02861738/2023|A_/_H3N2|unassigned|2023-08-21|HA|4|EPI_ISL_18291198","1990.4.a","A/swine/Indiana/ISU-A02861738/2023|A_/_H3N2|1990.4.a|2023-08-21|HA|4|EPI_ISL_18291198","Indiana","2023-08-21"
"A/swine/Minnesota/A02858233/2024|A_/_H3N2|unassigned|2024-12-18|HA|4|EPI_ISL_19678843","1990.4.a","A/swine/Minnesota/A02858233/2024|A_/_H3N2|1990.4.a|2024-12-18|HA|4|EPI_ISL_19678843","Minnesota","2024-12-18"
"A/swine/Indiana/23TOSU2879/2023|A_/_H3N2|3C.3a|2023-07-27|HA|4|EPI_ISL_19034373","unassigned","A/swine/Indiana/23TOSU2879/2023|A_/_H3N2|3C.3a|2023-07-27|HA|4|EPI_ISL_19034373","Indiana","2023-07-27"
"A/swine/Indiana/24TOSU0948/2024|A_/_H3N2|3C.3a|2024-06-13|HA|4|EPI_ISL_19333748","unassigned","A/swine/Indiana/24TOSU0948/2024|A_/_H3N2|3C.3a|2024-06-13|HA|4|EPI_ISL_19333748","Indiana","2024-06-13"
"A/swine/Indiana/24TOSU0610/2024|A_/_H3N2|3C.3a|2024-06-13|HA|4|EPI_ISL_19332083","unassigned","A/swine/Indiana/24TOSU0610/2024|A_/_H3N2|3C.3a|2024-06-13|HA|4|EPI_ISL_19332083","Indiana","2024-06-13"
"A/swine/Indiana/24TOSU0703/2024|A_/_H3N2|3C.3a|2024-06-13|HA|4|EPI_ISL_19332094","unassigned","A/swine/Indiana/24TOSU0703/2024|A_/_H3N2|3C.3a|2024-06-13|HA|4|EPI_ISL_19332094","Indiana","2024-06-13"
"A/swine/Indiana/24TOSU0771/2024|A_/_H3N2|3C.3a|2024-06-13|HA|4|EPI_ISL_19332102","unassigned","A/swine/Indiana/24TOSU0771/2024|A_/_H3N2|3C.3a|2024-06-13|HA|4|EPI_ISL_19332102","Indiana","2024-06-13"
"A/swine/Indiana/24TOSU0772/2024|A_/_H3N2|3C.3a|2024-06-13|HA|4|EPI_ISL_19332103","unassigned","A/swine/Indiana/24TOSU0772/2024|A_/_H3N2|3C.3a|2024-06-13|HA|4|EPI_ISL_19332103","Indiana","2024-06-13"
"A/swine/Indiana/24TOSU0726/2024|A_/_H3N2|3C.3a|2024-06-13|HA|4|EPI_ISL_19332097","unassigned","A/swine/Indiana/24TOSU0726/2024|A_/_H3N2|3C.3a|2024-06-13|HA|4|EPI_ISL_19332097","Indiana","2024-06-13"
"A/swine/Indiana/24TOSU0777/2024|A_/_H3N2|3C.3a|2024-06-13|HA|4|EPI_ISL_19332105","unassigned","A/swine/Indiana/24TOSU0777/2024|A_/_H3N2|3C.3a|2024-06-13|HA|4|EPI_ISL_19332105","Indiana","2024-06-13"
"A/swine/Indiana/24TOSU0867/2024|A_/_H3N2|3C.3a|2024-06-13|HA|4|EPI_ISL_19332116","unassigned","A/swine/Indiana/24TOSU0867/2024|A_/_H3N2|3C.3a|2024-06-13|HA|4|EPI_ISL_19332116","Indiana","2024-06-13"
"A/swine/Indiana/24TOSU0869/2024|A_/_H3N2|3C.3a|2024-06-13|HA|4|EPI_ISL_19332117","unassigned","A/swine/Indiana/24TOSU0869/2024|A_/_H3N2|3C.3a|2024-06-13|HA|4|EPI_ISL_19332117","Indiana","2024-06-13"
"A/swine/Indiana/24TOSU0865/2024|A_/_H3N2|3C.3a|2024-06-13|HA|4|EPI_ISL_19332115","unassigned","A/swine/Indiana/24TOSU0865/2024|A_/_H3N2|3C.3a|2024-06-13|HA|4|EPI_ISL_19332115","Indiana","2024-06-13"
"A/swine/Indiana/24TOSU0825/2024|A_/_H3N2|3C.3a|2024-06-13|HA|4|EPI_ISL_19332112","unassigned","A/swine/Indiana/24TOSU0825/2024|A_/_H3N2|3C.3a|2024-06-13|HA|4|EPI_ISL_19332112","Indiana","2024-06-13"
"A/swine/Kentucky/24TOSU2270/2024|A_/_H3N2|3C.3a|2024-07-03|HA|4|EPI_ISL_19815592","unassigned","A/swine/Kentucky/24TOSU2270/2024|A_/_H3N2|3C.3a|2024-07-03|HA|4|EPI_ISL_19815592","Kentucky","2024-07-03"
"A/swine/Illinois/24TOSU2099/2024|A_/_H3N2|3C.3a|2024-06-26|HA|4|EPI_ISL_19815608","unassigned","A/swine/Illinois/24TOSU2099/2024|A_/_H3N2|3C.3a|2024-06-26|HA|4|EPI_ISL_19815608","Illinois","2024-06-26"
"A/swine/Indiana/24TOSU1913/2024|A_/_H3N2|3C.3a|2024-06-21|HA|4|EPI_ISL_19815578","unassigned","A/swine/Indiana/24TOSU1913/2024|A_/_H3N2|3C.3a|2024-06-21|HA|4|EPI_ISL_19815578","Indiana","2024-06-21"
"A/swine/Indiana/24TOSU0947/2024|A_/_H3N2|3C.3a|2024-06-13|HA|4|EPI_ISL_19332125","unassigned","A/swine/Indiana/24TOSU0947/2024|A_/_H3N2|3C.3a|2024-06-13|HA|4|EPI_ISL_19332125","Indiana","2024-06-13"
"A/swine/Indiana/24TOSU1935/2024|A_/_H3N2|3C.3a|2024-06-20|HA|4|EPI_ISL_19815613","unassigned","A/swine/Indiana/24TOSU1935/2024|A_/_H3N2|3C.3a|2024-06-20|HA|4|EPI_ISL_19815613","Indiana","2024-06-20"
"A/swine/Indiana/24TOSU1928/2024|A_/_H3N2|3C.3a|2024-06-20|HA|4|EPI_ISL_19815611","unassigned","A/swine/Indiana/24TOSU1928/2024|A_/_H3N2|3C.3a|2024-06-20|HA|4|EPI_ISL_19815611","Indiana","2024-06-20"
"A/swine/Indiana/24TOSU0606/2024|A_/_H3N2|3C.3a|2024-06-13|HA|4|EPI_ISL_19332081","unassigned","A/swine/Indiana/24TOSU0606/2024|A_/_H3N2|3C.3a|2024-06-13|HA|4|EPI_ISL_19332081","Indiana","2024-06-13"
"A/swine/Indiana/24TOSU0745/2024|A_/_H3N2|3C.3a|2024-06-13|HA|4|EPI_ISL_19332098","unassigned","A/swine/Indiana/24TOSU0745/2024|A_/_H3N2|3C.3a|2024-06-13|HA|4|EPI_ISL_19332098","Indiana","2024-06-13"
"A/swine/Indiana/24TOSU0812/2024|A_/_H3N2|unassigned|2024-06-13|HA|4|EPI_ISL_19332108","1990.4.a","A/swine/Indiana/24TOSU0812/2024|A_/_H3N2|1990.4.a|2024-06-13|HA|4|EPI_ISL_19332108","Indiana","2024-06-13"
"A/swine/Indiana/24TOSU0764/2024|A_/_H3N2|unassigned|2024-06-13|HA|4|EPI_ISL_19332100","1990.4.a","A/swine/Indiana/24TOSU0764/2024|A_/_H3N2|1990.4.a|2024-06-13|HA|4|EPI_ISL_19332100","Indiana","2024-06-13"
"A/swine/Indiana/24TOSU0838/2024|A_/_H3N2|unassigned|2024-06-13|HA|4|EPI_ISL_19332114","1990.4.a","A/swine/Indiana/24TOSU0838/2024|A_/_H3N2|1990.4.a|2024-06-13|HA|4|EPI_ISL_19332114","Indiana","2024-06-13"
"A/swine/Indiana/24TOSU2843/2024|A_/_H3N2|3C.3a|2024-07-18|HA|4|EPI_ISL_19815591","unassigned","A/swine/Indiana/24TOSU2843/2024|A_/_H3N2|3C.3a|2024-07-18|HA|4|EPI_ISL_19815591","Indiana","2024-07-18"
"A/swine/Indiana/24TOSU2846/2024|A_/_H3N2|3C.3a|2024-07-18|HA|4|EPI_ISL_19815584","unassigned","A/swine/Indiana/24TOSU2846/2024|A_/_H3N2|3C.3a|2024-07-18|HA|4|EPI_ISL_19815584","Indiana","2024-07-18"
"A/swine/Illinois/24TOSU2125/2024|A_/_H3N2|3C.3a|2024-06-26|HA|4|EPI_ISL_19815609","unassigned","A/swine/Illinois/24TOSU2125/2024|A_/_H3N2|3C.3a|2024-06-26|HA|4|EPI_ISL_19815609","Illinois","2024-06-26"
"A/swine/Illinois/24TOSU2017/2024|A_/_H3N2|3C.3a|2024-06-26|HA|4|EPI_ISL_19815606","unassigned","A/swine/Illinois/24TOSU2017/2024|A_/_H3N2|3C.3a|2024-06-26|HA|4|EPI_ISL_19815606","Illinois","2024-06-26"
"A/swine/Indiana/24TOSU2839/2024|A_/_H3N2|3C.3a|2024-07-18|HA|4|EPI_ISL_19815602","unassigned","A/swine/Indiana/24TOSU2839/2024|A_/_H3N2|3C.3a|2024-07-18|HA|4|EPI_ISL_19815602","Indiana","2024-07-18"
"A/swine/Illinois/24TOSU2006/2024|A_/_H3N2|3C.3a|2024-06-26|HA|4|EPI_ISL_19815560","unassigned","A/swine/Illinois/24TOSU2006/2024|A_/_H3N2|3C.3a|2024-06-26|HA|4|EPI_ISL_19815560","Illinois","2024-06-26"
"A/swine/Illinois/24TOSU1036/2024|A_/_H3N2|3C.3a|2024-06-26|HA|4|EPI_ISL_19815583","unassigned","A/swine/Illinois/24TOSU1036/2024|A_/_H3N2|3C.3a|2024-06-26|HA|4|EPI_ISL_19815583","Illinois","2024-06-26"
"A/swine/Illinois/24TOSU2043/2024|A_/_H3N2|3C.3a|2024-06-26|HA|4|EPI_ISL_19815580","unassigned","A/swine/Illinois/24TOSU2043/2024|A_/_H3N2|3C.3a|2024-06-26|HA|4|EPI_ISL_19815580","Illinois","2024-06-26"
"A/swine/Indiana/24TOSU2827/2024|A_/_H3N2|3C.3a|2024-07-18|HA|4|EPI_ISL_19815581","unassigned","A/swine/Indiana/24TOSU2827/2024|A_/_H3N2|3C.3a|2024-07-18|HA|4|EPI_ISL_19815581","Indiana","2024-07-18"
"A/swine/Illinois/24TOSU2048/2024|A_/_H3N2|3C.3a|2024-06-26|HA|4|EPI_ISL_19815579","unassigned","A/swine/Illinois/24TOSU2048/2024|A_/_H3N2|3C.3a|2024-06-26|HA|4|EPI_ISL_19815579","Illinois","2024-06-26"
"A/swine/Indiana/24TOSU2655/2024|A_/_H3N2|3C.3a|2024-07-12|HA|4|EPI_ISL_19815617","unassigned","A/swine/Indiana/24TOSU2655/2024|A_/_H3N2|3C.3a|2024-07-12|HA|4|EPI_ISL_19815617","Indiana","2024-07-12"
"A/swine/Indiana/24TOSU2656/2024|A_/_H3N2|3C.3a|2024-07-12|HA|4|EPI_ISL_19815618","unassigned","A/swine/Indiana/24TOSU2656/2024|A_/_H3N2|3C.3a|2024-07-12|HA|4|EPI_ISL_19815618","Indiana","2024-07-12"
"A/swine/Indiana/24TOSU2828/2024|A_/_H3N2|3C.3a|2024-07-18|HA|4|EPI_ISL_19815619","unassigned","A/swine/Indiana/24TOSU2828/2024|A_/_H3N2|3C.3a|2024-07-18|HA|4|EPI_ISL_19815619","Indiana","2024-07-18"
"A/swine/Indiana/24TOSU2833/2024|A_/_H3N2|3C.3a|2024-07-18|HA|4|EPI_ISL_19815571","unassigned","A/swine/Indiana/24TOSU2833/2024|A_/_H3N2|3C.3a|2024-07-18|HA|4|EPI_ISL_19815571","Indiana","2024-07-18"
"A/swine/Indiana/24TOSU0773/2024|A_/_H3N2|3C.3a|2024-06-13|HA|4|EPI_ISL_19332104","unassigned","A/swine/Indiana/24TOSU0773/2024|A_/_H3N2|3C.3a|2024-06-13|HA|4|EPI_ISL_19332104","Indiana","2024-06-13"
"A/swine/Indiana/24TOSU0617/2024|A_/_H3N2|3C.3a|2024-06-13|HA|4|EPI_ISL_19332086","unassigned","A/swine/Indiana/24TOSU0617/2024|A_/_H3N2|3C.3a|2024-06-13|HA|4|EPI_ISL_19332086","Indiana","2024-06-13"
"A/swine/Indiana/24TOSU0622/2024|A_/_H3N2|3C.3a|2024-06-13|HA|4|EPI_ISL_19332087","unassigned","A/swine/Indiana/24TOSU0622/2024|A_/_H3N2|3C.3a|2024-06-13|HA|4|EPI_ISL_19332087","Indiana","2024-06-13"
"A/swine/Indiana/24TOSU0612/2024|A_/_H3N2|3C.3a|2024-06-13|HA|4|EPI_ISL_19332084","unassigned","A/swine/Indiana/24TOSU0612/2024|A_/_H3N2|3C.3a|2024-06-13|HA|4|EPI_ISL_19332084","Indiana","2024-06-13"
"A/swine/Indiana/24TOSU0616/2024|A_/_H3N2|3C.3a|2024-06-13|HA|4|EPI_ISL_19332085","unassigned","A/swine/Indiana/24TOSU0616/2024|A_/_H3N2|3C.3a|2024-06-13|HA|4|EPI_ISL_19332085","Indiana","2024-06-13"
"A/swine/Indiana/24TOSU0607/2024|A_/_H3N2|3C.3a|2024-06-13|HA|4|EPI_ISL_19332082","unassigned","A/swine/Indiana/24TOSU0607/2024|A_/_H3N2|3C.3a|2024-06-13|HA|4|EPI_ISL_19332082","Indiana","2024-06-13"
"A/swine/Indiana/24TOSU0635/2024|A_/_H3N2|3C.3a|2024-06-13|HA|4|EPI_ISL_19332090","unassigned","A/swine/Indiana/24TOSU0635/2024|A_/_H3N2|3C.3a|2024-06-13|HA|4|EPI_ISL_19332090","Indiana","2024-06-13"
"A/swine/Indiana/24TOSU0629/2024|A_/_H3N2|3C.3a|2024-06-13|HA|4|EPI_ISL_19332088","unassigned","A/swine/Indiana/24TOSU0629/2024|A_/_H3N2|3C.3a|2024-06-13|HA|4|EPI_ISL_19332088","Indiana","2024-06-13"
"A/swine/Indiana/24TOSU0630/2024|A_/_H3N2|3C.3a|2024-06-13|HA|4|EPI_ISL_19332089","unassigned","A/swine/Indiana/24TOSU0630/2024|A_/_H3N2|3C.3a|2024-06-13|HA|4|EPI_ISL_19332089","Indiana","2024-06-13"
"A/swine/Ohio/24TOSU1660/2024|A_/_H3N2|3C.3a|2024-05-25|HA|4|EPI_ISL_19332135","unassigned","A/swine/Ohio/24TOSU1660/2024|A_/_H3N2|3C.3a|2024-05-25|HA|4|EPI_ISL_19332135","Ohio","2024-05-25"
"A/swine/Ohio/24TOSU1633/2024|A_/_H3N2|3C.3a|2024-05-25|HA|4|EPI_ISL_19332132","unassigned","A/swine/Ohio/24TOSU1633/2024|A_/_H3N2|3C.3a|2024-05-25|HA|4|EPI_ISL_19332132","Ohio","2024-05-25"
"A/swine/Ohio/24TOSU1653/2024|A_/_H3N2|3C.3a|2024-05-25|HA|4|EPI_ISL_19332133","unassigned","A/swine/Ohio/24TOSU1653/2024|A_/_H3N2|3C.3a|2024-05-25|HA|4|EPI_ISL_19332133","Ohio","2024-05-25"
"A/swine/Ohio/24TOSU1630/2024|A_/_H3N2|3C.3a|2024-05-25|HA|4|EPI_ISL_19332130","unassigned","A/swine/Ohio/24TOSU1630/2024|A_/_H3N2|3C.3a|2024-05-25|HA|4|EPI_ISL_19332130","Ohio","2024-05-25"
"A/swine/Ohio/24TOSU1661/2024|A_/_H3N2|3C.3a|2024-05-25|HA|4|EPI_ISL_19332136","unassigned","A/swine/Ohio/24TOSU1661/2024|A_/_H3N2|3C.3a|2024-05-25|HA|4|EPI_ISL_19332136","Ohio","2024-05-25"
"A/swine/Ohio/24TOSU1683/2024|A_/_H3N2|3C.3a|2024-05-25|HA|4|EPI_ISL_19332137","unassigned","A/swine/Ohio/24TOSU1683/2024|A_/_H3N2|3C.3a|2024-05-25|HA|4|EPI_ISL_19332137","Ohio","2024-05-25"
"A/swine/Indiana/24TOSU0765/2024|A_/_H3N2|3C.3a|2024-06-13|HA|4|EPI_ISL_19332101","unassigned","A/swine/Indiana/24TOSU0765/2024|A_/_H3N2|3C.3a|2024-06-13|HA|4|EPI_ISL_19332101","Indiana","2024-06-13"
"A/swine/Indiana/24TOSU0823/2024|A_/_H3N2|3C.3a|2024-06-13|HA|4|EPI_ISL_19332110","unassigned","A/swine/Indiana/24TOSU0823/2024|A_/_H3N2|3C.3a|2024-06-13|HA|4|EPI_ISL_19332110","Indiana","2024-06-13"
"A/swine/Indiana/24TOSU0822/2024|A_/_H3N2|3C.3a|2024-06-13|HA|4|EPI_ISL_19332109","unassigned","A/swine/Indiana/24TOSU0822/2024|A_/_H3N2|3C.3a|2024-06-13|HA|4|EPI_ISL_19332109","Indiana","2024-06-13"
"A/swine/Indiana/24TOSU0808/2024|A_/_H3N2|3C.3a|2024-06-13|HA|4|EPI_ISL_19332107","unassigned","A/swine/Indiana/24TOSU0808/2024|A_/_H3N2|3C.3a|2024-06-13|HA|4|EPI_ISL_19332107","Indiana","2024-06-13"
"A/swine/Indiana/24TOSU0981/2024|A_/_H3N2|3C.3a|2024-06-13|HA|4|EPI_ISL_19332126","unassigned","A/swine/Indiana/24TOSU0981/2024|A_/_H3N2|3C.3a|2024-06-13|HA|4|EPI_ISL_19332126","Indiana","2024-06-13"
"A/swine/Indiana/24TOSU1930/2024|A_/_H3N2|3C.3a|2024-06-20|HA|4|EPI_ISL_19815612","unassigned","A/swine/Indiana/24TOSU1930/2024|A_/_H3N2|3C.3a|2024-06-20|HA|4|EPI_ISL_19815612","Indiana","2024-06-20"
"A/swine/Kentucky/24TOSU2170/2024|A_/_H3N2|3C.3a|2024-07-03|HA|4|EPI_ISL_19815566","unassigned","A/swine/Kentucky/24TOSU2170/2024|A_/_H3N2|3C.3a|2024-07-03|HA|4|EPI_ISL_19815566","Kentucky","2024-07-03"
"A/swine/Indiana/24TOSU1931/2024|A_/_H3N2|3C.3a|2024-06-20|HA|4|EPI_ISL_19815576","unassigned","A/swine/Indiana/24TOSU1931/2024|A_/_H3N2|3C.3a|2024-06-20|HA|4|EPI_ISL_19815576","Indiana","2024-06-20"
"A/swine/Indiana/24TOSU0898/2024|A_/_H3N2|3C.3a|2024-06-13|HA|4|EPI_ISL_19332122","unassigned","A/swine/Indiana/24TOSU0898/2024|A_/_H3N2|3C.3a|2024-06-13|HA|4|EPI_ISL_19332122","Indiana","2024-06-13"
"A/swine/Indiana/24TOSU1003/2024|A_/_H3N2|3C.3a|2024-06-18|HA|4|EPI_ISL_19815610","unassigned","A/swine/Indiana/24TOSU1003/2024|A_/_H3N2|3C.3a|2024-06-18|HA|4|EPI_ISL_19815610","Indiana","2024-06-18"
"A/swine/Indiana/24TOSU0603/2024|A_/_H3N2|3C.3a|2024-06-13|HA|4|EPI_ISL_19332080","unassigned","A/swine/Indiana/24TOSU0603/2024|A_/_H3N2|3C.3a|2024-06-13|HA|4|EPI_ISL_19332080","Indiana","2024-06-13"
"A/swine/Indiana/24TOSU0645/2024|A_/_H3N2|3C.3a|2024-06-13|HA|4|EPI_ISL_19332092","unassigned","A/swine/Indiana/24TOSU0645/2024|A_/_H3N2|3C.3a|2024-06-13|HA|4|EPI_ISL_19332092","Indiana","2024-06-13"
"A/swine/Ohio/24TOSU1767/2024|A_/_H3N2|3C.3a|2024-06-01|HA|4|EPI_ISL_19332138","unassigned","A/swine/Ohio/24TOSU1767/2024|A_/_H3N2|3C.3a|2024-06-01|HA|4|EPI_ISL_19332138","Ohio","2024-06-01"
"A/swine/Kentucky/24TOSU2168/2024|A_/_H3N2|unassigned|2024-07-03|HA|4|EPI_ISL_19815567","1990.4.a","A/swine/Kentucky/24TOSU2168/2024|A_/_H3N2|1990.4.a|2024-07-03|HA|4|EPI_ISL_19815567","Kentucky","2024-07-03"
"A/swine/Indiana/24TOSU0759/2024|A_/_H3N2|3C.3a|2024-06-13|HA|4|EPI_ISL_19332099","unassigned","A/swine/Indiana/24TOSU0759/2024|A_/_H3N2|3C.3a|2024-06-13|HA|4|EPI_ISL_19332099","Indiana","2024-06-13"
"A/swine/Ohio/24TOSU2685/2024|A_/_H3N2|3C.3a|2024-07-11|HA|4|EPI_ISL_19815594","unassigned","A/swine/Ohio/24TOSU2685/2024|A_/_H3N2|3C.3a|2024-07-11|HA|4|EPI_ISL_19815594","Ohio","2024-07-11"
"A/swine/Ohio/24TOSU2692/2024|A_/_H3N2|3C.3a|2024-07-11|HA|4|EPI_ISL_19815564","unassigned","A/swine/Ohio/24TOSU2692/2024|A_/_H3N2|3C.3a|2024-07-11|HA|4|EPI_ISL_19815564","Ohio","2024-07-11"
"A/swine/Indiana/24TOSU1942/2024|A_/_H3N2|3C.3a|2024-06-20|HA|4|EPI_ISL_19815614","unassigned","A/swine/Indiana/24TOSU1942/2024|A_/_H3N2|3C.3a|2024-06-20|HA|4|EPI_ISL_19815614","Indiana","2024-06-20"
"A/swine/Kentucky/24TOSU2284/2024|A_/_H3N2|3C.3a|2024-07-03|HA|4|EPI_ISL_19815600","unassigned","A/swine/Kentucky/24TOSU2284/2024|A_/_H3N2|3C.3a|2024-07-03|HA|4|EPI_ISL_19815600","Kentucky","2024-07-03"
"A/swine/Indiana/24TOSU0896/2024|A_/_H3N2|3C.3a|2024-06-13|HA|4|EPI_ISL_19332121","unassigned","A/swine/Indiana/24TOSU0896/2024|A_/_H3N2|3C.3a|2024-06-13|HA|4|EPI_ISL_19332121","Indiana","2024-06-13"
"A/swine/Indiana/24TOSU0931/2024|A_/_H3N2|3C.3a|2024-06-13|HA|4|EPI_ISL_19332124","unassigned","A/swine/Indiana/24TOSU0931/2024|A_/_H3N2|3C.3a|2024-06-13|HA|4|EPI_ISL_19332124","Indiana","2024-06-13"
"A/swine/Indiana/24TOSU1929/2024|A_/_H3N2|3C.3a|2024-06-20|HA|4|EPI_ISL_19815577","unassigned","A/swine/Indiana/24TOSU1929/2024|A_/_H3N2|3C.3a|2024-06-20|HA|4|EPI_ISL_19815577","Indiana","2024-06-20"
"A/swine/Indiana/24TOSU2844/2024|A_/_H3N2|3C.3a|2024-07-18|HA|4|EPI_ISL_19815569","unassigned","A/swine/Indiana/24TOSU2844/2024|A_/_H3N2|3C.3a|2024-07-18|HA|4|EPI_ISL_19815569","Indiana","2024-07-18"
"A/swine/Indiana/24TOSU2889/2024|A_/_H3N2|unassigned|2024-07-23|HA|4|EPI_ISL_19815586","1990.4.a","A/swine/Indiana/24TOSU2889/2024|A_/_H3N2|1990.4.a|2024-07-23|HA|4|EPI_ISL_19815586","Indiana","2024-07-23"
"A/swine/Indiana/24TOSU2900/2024|A_/_H3N2|unassigned|2024-07-23|HA|4|EPI_ISL_19815587","unassigned","A/swine/Indiana/24TOSU2900/2024|A_/_H3N2|unassigned|2024-07-23|HA|4|EPI_ISL_19815587","Indiana","2024-07-23"
"A/swine/Indiana/24TOSU2897/2024|A_/_H3N2|unassigned|2024-07-23|HA|4|EPI_ISL_19815568","unassigned","A/swine/Indiana/24TOSU2897/2024|A_/_H3N2|unassigned|2024-07-23|HA|4|EPI_ISL_19815568","Indiana","2024-07-23"
"A/swine/Ohio/24TOSU1442/2024|A_/_H3N2|3C.3a|2024-05-12|HA|4|EPI_ISL_19332129","unassigned","A/swine/Ohio/24TOSU1442/2024|A_/_H3N2|3C.3a|2024-05-12|HA|4|EPI_ISL_19332129","Ohio","2024-05-12"
"A/swine/Ohio/24TOSU1768/2024|A_/_H3N2|3C.3a|2024-06-01|HA|4|EPI_ISL_19332139","unassigned","A/swine/Ohio/24TOSU1768/2024|A_/_H3N2|3C.3a|2024-06-01|HA|4|EPI_ISL_19332139","Ohio","2024-06-01"
"A/swine/Indiana/24TOSU0684/2024|A_/_H3N2|3C.3a|2024-06-13|HA|4|EPI_ISL_19332093","unassigned","A/swine/Indiana/24TOSU0684/2024|A_/_H3N2|3C.3a|2024-06-13|HA|4|EPI_ISL_19332093","Indiana","2024-06-13"
"A/swine/Iowa/092515_02858804/2025|A_/_H3N2|unassigned|2025-09-02|HA|4|EPI_ISL_20187394","1990.4.a","A/swine/Iowa/092515_02858804/2025|A_/_H3N2|1990.4.a|2025-09-02|HA|4|EPI_ISL_20187394","Iowa","2025-09-02"
"A/swine/Minnesota/A02858464/2025|A_/_H3N2|unassigned|2025-03-19|HA|4|EPI_ISL_19824138","1990.4.a","A/swine/Minnesota/A02858464/2025|A_/_H3N2|1990.4.a|2025-03-19|HA|4|EPI_ISL_19824138","Minnesota","2025-03-19"
"A/swine/Iowa/004532_02859018/2025|A_/_H3N2|unassigned|2025-10-21|HA|4|EPI_ISL_20389411","1990.4.a","A/swine/Iowa/004532_02859018/2025|A_/_H3N2|1990.4.a|2025-10-21|HA|4|EPI_ISL_20389411","Iowa","2025-10-21"
"A/swine/Iowa/A02636181/2021|A_/_H3N2|unassigned|2021-09-22|HA|4|EPI_ISL_6795333","1990.4.a","A/swine/Iowa/A02636181/2021|A_/_H3N2|1990.4.a|2021-09-22|HA|4|EPI_ISL_6795333","Iowa","2021-09-22"
"A/swine/Iowa/A02751181/2022|A_/_H3N2|3C.3a|2022-11-03|HA|4|EPI_ISL_16925117","unassigned","A/swine/Iowa/A02751181/2022|A_/_H3N2|3C.3a|2022-11-03|HA|4|EPI_ISL_16925117","Iowa","2022-11-03"
"A/swine/Minnesota/A02712165/2022|A_/_H3N2|3C.3a|2022-10-05|HA|4|EPI_ISL_16891396","unassigned","A/swine/Minnesota/A02712165/2022|A_/_H3N2|3C.3a|2022-10-05|HA|4|EPI_ISL_16891396","Minnesota","2022-10-05"
"A/swine/Iowa/A02635834/2021|A_/_H3N2|unassigned|2021-05-13|HA|4|EPI_ISL_4083961","1990.4.a","A/swine/Iowa/A02635834/2021|A_/_H3N2|1990.4.a|2021-05-13|HA|4|EPI_ISL_4083961","Iowa","2021-05-13"
"A/swine/Iowa/A02635839/2021|A_/_H3N2|unassigned|2021-05-14|HA|4|EPI_ISL_4083952","1990.4.a","A/swine/Iowa/A02635839/2021|A_/_H3N2|1990.4.a|2021-05-14|HA|4|EPI_ISL_4083952","Iowa","2021-05-14"
"A/swine/Iowa/A02751305/2022|A_/_H3N2|3C.3a|2022-11-22|HA|4|EPI_ISL_16840848","unassigned","A/swine/Iowa/A02751305/2022|A_/_H3N2|3C.3a|2022-11-22|HA|4|EPI_ISL_16840848","Iowa","2022-11-22"
"A/swine/Nebraska/ISU-A02862068/2023|A_/_H3N2|3C.3a|2023-11-28|HA|4|EPI_ISL_18701683","unassigned","A/swine/Nebraska/ISU-A02862068/2023|A_/_H3N2|3C.3a|2023-11-28|HA|4|EPI_ISL_18701683","Nebraska","2023-11-28"
"A/swine/Iowa/A02751051/2022|A_/_H3N2|3C.3a|2022-10-18|HA|4|EPI_ISL_16854569","unassigned","A/swine/Iowa/A02751051/2022|A_/_H3N2|3C.3a|2022-10-18|HA|4|EPI_ISL_16854569","Iowa","2022-10-18"
"A/swine/Minnesota/A02712632/2022|A_/_H3N2|3C.3a|2022-11-30|HA|4|EPI_ISL_16891369","unassigned","A/swine/Minnesota/A02712632/2022|A_/_H3N2|3C.3a|2022-11-30|HA|4|EPI_ISL_16891369","Minnesota","2022-11-30"
"A/swine/Iowa/A02750916/2022|A_/_H3N2|unassigned|2022-09-23|HA|4|EPI_ISL_16215598","1990.4.a","A/swine/Iowa/A02750916/2022|A_/_H3N2|1990.4.a|2022-09-23|HA|4|EPI_ISL_16215598","Iowa","2022-09-23"
"A/swine/Iowa/A02750861/2022|A_/_H3N2|unassigned|2022-09-01|HA|4|EPI_ISL_15620413","1990.4.a","A/swine/Iowa/A02750861/2022|A_/_H3N2|1990.4.a|2022-09-01|HA|4|EPI_ISL_15620413","Iowa","2022-09-01"
"A/swine/Iowa/A02978440/2023|A_/_H3N2|3C.3a|2023-02-28|HA|4|EPI_ISL_17373172","unassigned","A/swine/Iowa/A02978440/2023|A_/_H3N2|3C.3a|2023-02-28|HA|4|EPI_ISL_17373172","Iowa","2023-02-28"
"A/swine/Iowa/A02751597/2023|A_/_H3N2|3C.3a|2023-02-16|HA|4|EPI_ISL_17353495","unassigned","A/swine/Iowa/A02751597/2023|A_/_H3N2|3C.3a|2023-02-16|HA|4|EPI_ISL_17353495","Iowa","2023-02-16"
"A/swine/Minnesota/A02636470/2022|A_/_H3N2|unassigned|2022-02-04|HA|4|EPI_ISL_14775849","1990.4.a","A/swine/Minnesota/A02636470/2022|A_/_H3N2|1990.4.a|2022-02-04|HA|4|EPI_ISL_14775849","Minnesota","2022-02-04"
"A/swine/Indiana/A02751202/2022|A_/_H3N2|3C.3a|2022-11-07|HA|4|EPI_ISL_16924975","unassigned","A/swine/Indiana/A02751202/2022|A_/_H3N2|3C.3a|2022-11-07|HA|4|EPI_ISL_16924975","Indiana","2022-11-07"
"A/swine/Ohio/OH21-10568/2021|A_/_H3N2|3C.3a|2021-05-05|HA|4|EPI_ISL_17760614","unassigned","A/swine/Ohio/OH21-10568/2021|A_/_H3N2|3C.3a|2021-05-05|HA|4|EPI_ISL_17760614","Ohio","2021-05-05"
"A/swine/Ohio/A02635913/2021|A_/_H3N2|unassigned|2021-06-17|HA|4|EPI_ISL_4084584","1990.4.a","A/swine/Ohio/A02635913/2021|A_/_H3N2|1990.4.a|2021-06-17|HA|4|EPI_ISL_4084584","Ohio","2021-06-17"
"A/swine/Ohio/OH-8087/2021|A_/_H3N2|3C.3a|2021-04-09|HA|4|EPI_ISL_17471930","unassigned","A/swine/Ohio/OH-8087/2021|A_/_H3N2|3C.3a|2021-04-09|HA|4|EPI_ISL_17471930","Ohio","2021-04-09"
"A/swine/Ohio/OH-8212/2021|A_/_H3N2|3C.3a|2021-04-12|HA|4|EPI_ISL_17471931","unassigned","A/swine/Ohio/OH-8212/2021|A_/_H3N2|3C.3a|2021-04-12|HA|4|EPI_ISL_17471931","Ohio","2021-04-12"
"A/swine/Ohio/OH-9225/2021|A_/_H3N2|3C.3a|2021-04-20|HA|4|EPI_ISL_17471935","unassigned","A/swine/Ohio/OH-9225/2021|A_/_H3N2|3C.3a|2021-04-20|HA|4|EPI_ISL_17471935","Ohio","2021-04-20"
"A/swine/Ohio/OH-8740/2021|A_/_H3N2|3C.3a|2021-04-15|HA|4|EPI_ISL_17471932","unassigned","A/swine/Ohio/OH-8740/2021|A_/_H3N2|3C.3a|2021-04-15|HA|4|EPI_ISL_17471932","Ohio","2021-04-15"
"A/swine/Ohio/OH-9221/2021|A_/_H3N2|3C.3a|2021-04-20|HA|4|EPI_ISL_17471933","unassigned","A/swine/Ohio/OH-9221/2021|A_/_H3N2|3C.3a|2021-04-20|HA|4|EPI_ISL_17471933","Ohio","2021-04-20"
"A/swine/Ohio/OH-5581/2021|A_/_H3N2|3C.3a|2021-03-16|HA|4|EPI_ISL_17471924","unassigned","A/swine/Ohio/OH-5581/2021|A_/_H3N2|3C.3a|2021-03-16|HA|4|EPI_ISL_17471924","Ohio","2021-03-16"
"A/swine/Ohio/OH-6856/2021|A_/_H3N2|3C.3a|2021-03-26|HA|4|EPI_ISL_17471925","unassigned","A/swine/Ohio/OH-6856/2021|A_/_H3N2|3C.3a|2021-03-26|HA|4|EPI_ISL_17471925","Ohio","2021-03-26"
"A/swine/Ohio/OH-9229/2021|A_/_H3N2|3C.3a|2021-04-20|HA|4|EPI_ISL_17471936","unassigned","A/swine/Ohio/OH-9229/2021|A_/_H3N2|3C.3a|2021-04-20|HA|4|EPI_ISL_17471936","Ohio","2021-04-20"
"A/swine/Ohio/OH-8601/2021|A_/_H3N2|3C.3a|2021-04-14|HA|4|EPI_ISL_17471942","unassigned","A/swine/Ohio/OH-8601/2021|A_/_H3N2|3C.3a|2021-04-14|HA|4|EPI_ISL_17471942","Ohio","2021-04-14"
"A/swine/Ohio/OH-8430/2021|A_/_H3N2|3C.3a|2021-04-13|HA|4|EPI_ISL_17471940","unassigned","A/swine/Ohio/OH-8430/2021|A_/_H3N2|3C.3a|2021-04-13|HA|4|EPI_ISL_17471940","Ohio","2021-04-13"
"A/swine/Ohio/A02525262/2021|A_/_H3N2|unassigned|2021-03-15|HA|4|EPI_ISL_4082270","1990.4.a","A/swine/Ohio/A02525262/2021|A_/_H3N2|1990.4.a|2021-03-15|HA|4|EPI_ISL_4082270","Ohio","2021-03-15"
"A/swine/Ohio/A02525323/2021|A_/_H3N2|unassigned|2021-03-30|HA|4|EPI_ISL_4083377","unassigned","A/swine/Ohio/A02525323/2021|A_/_H3N2|unassigned|2021-03-30|HA|4|EPI_ISL_4083377","Ohio","2021-03-30"
"A/swine/Ohio/A02635724/2021|A_/_H3N2|unassigned|2021-04-21|HA|4|EPI_ISL_4083625","1990.4.a","A/swine/Ohio/A02635724/2021|A_/_H3N2|1990.4.a|2021-04-21|HA|4|EPI_ISL_4083625","Ohio","2021-04-21"
"A/swine/Minnesota/A02245724/2020|A_/_H3N2|unassigned|2020-09-30|HA|4|EPI_ISL_697666","1990.4.a","A/swine/Minnesota/A02245724/2020|A_/_H3N2|1990.4.a|2020-09-30|HA|4|EPI_ISL_697666","Minnesota","2020-09-30"
"A/swine/Iowa/A02524553/2020|A_/_H3N2|unassigned|2020-08-20|HA|4|EPI_ISL_707246","unassigned","A/swine/Iowa/A02524553/2020|A_/_H3N2|unassigned|2020-08-20|HA|4|EPI_ISL_707246","Iowa","2020-08-20"
"A/swine/Ohio/A02525296/2021|A_/_H3N2|unassigned|2021-03-22|HA|4|EPI_ISL_4083407","unassigned","A/swine/Ohio/A02525296/2021|A_/_H3N2|unassigned|2021-03-22|HA|4|EPI_ISL_4083407","Ohio","2021-03-22"
"A/swine/Indiana/A02635733/2021|A_/_H3N2|unassigned|2021-04-23|HA|4|EPI_ISL_4083615","unassigned","A/swine/Indiana/A02635733/2021|A_/_H3N2|unassigned|2021-04-23|HA|4|EPI_ISL_4083615","Indiana","2021-04-23"
"A/swine/Iowa/A02524828/2020|A_/_H3N2|unassigned|2020-10-29|HA|4|EPI_ISL_4081621","1990.4.a","A/swine/Iowa/A02524828/2020|A_/_H3N2|1990.4.a|2020-10-29|HA|4|EPI_ISL_4081621","Iowa","2020-10-29"
"A/swine/Wyoming/A02524888/2020|A_/_H3N2|unassigned|2020-11-09|HA|4|EPI_ISL_4081706","1990.4.a","A/swine/Wyoming/A02524888/2020|A_/_H3N2|1990.4.a|2020-11-09|HA|4|EPI_ISL_4081706","Wyoming","2020-11-09"
"A/swine/Ohio/OH-11021/2021|A_/_H3N2|3C.3a|2021-05-10|HA|4|EPI_ISL_17471798","unassigned","A/swine/Ohio/OH-11021/2021|A_/_H3N2|3C.3a|2021-05-10|HA|4|EPI_ISL_17471798","Ohio","2021-05-10"
"A/swine/Ohio/OH-10318/2021|A_/_H3N2|3C.3a|2021-04-30|HA|4|EPI_ISL_17471721","unassigned","A/swine/Ohio/OH-10318/2021|A_/_H3N2|3C.3a|2021-04-30|HA|4|EPI_ISL_17471721","Ohio","2021-04-30"
"A/swine/Ohio/A02636142/2021|A_/_H3N2|unassigned|2021-09-15|HA|4|EPI_ISL_6795284","1990.4.a","A/swine/Ohio/A02636142/2021|A_/_H3N2|1990.4.a|2021-09-15|HA|4|EPI_ISL_6795284","Ohio","2021-09-15"
"A/swine/Ohio/OH21-25418/2021|A_/_H3N2|3C.3a|2021-10-29|HA|4|EPI_ISL_17760626","unassigned","A/swine/Ohio/OH21-25418/2021|A_/_H3N2|3C.3a|2021-10-29|HA|4|EPI_ISL_17760626","Ohio","2021-10-29"
"A/swine/Iowa/A02635840/2021|A_/_H3N2|unassigned|2021-05-17|HA|4|EPI_ISL_4084058","1990.4.a","A/swine/Iowa/A02635840/2021|A_/_H3N2|1990.4.a|2021-05-17|HA|4|EPI_ISL_4084058","Iowa","2021-05-17"
"A/swine/Iowa/A02525111/2021|A_/_H3N2|unassigned|2021-01-27|HA|4|EPI_ISL_4081996","1990.4.a","A/swine/Iowa/A02525111/2021|A_/_H3N2|1990.4.a|2021-01-27|HA|4|EPI_ISL_4081996","Iowa","2021-01-27"
"A/swine/Indiana/A02525383/2021|A_/_H3N2|unassigned|2021-04-13|HA|4|EPI_ISL_4083579","1990.4.a","A/swine/Indiana/A02525383/2021|A_/_H3N2|1990.4.a|2021-04-13|HA|4|EPI_ISL_4083579","Indiana","2021-04-13"
"A/swine/Iowa/A02635817/2021|A_/_H3N2|unassigned|2021-03-08|HA|4|EPI_ISL_4083989","1990.4.a","A/swine/Iowa/A02635817/2021|A_/_H3N2|1990.4.a|2021-03-08|HA|4|EPI_ISL_4083989","Iowa","2021-03-08"
"A/swine/Ohio/OH-13523/2021|A_/_H3N2|3C.3a|2021-06-08|HA|4|EPI_ISL_17471816","unassigned","A/swine/Ohio/OH-13523/2021|A_/_H3N2|3C.3a|2021-06-08|HA|4|EPI_ISL_17471816","Ohio","2021-06-08"
"A/swine/Ohio/OH-11381/2021|A_/_H3N2|3C.3a|2021-05-12|HA|4|EPI_ISL_17471810","unassigned","A/swine/Ohio/OH-11381/2021|A_/_H3N2|3C.3a|2021-05-12|HA|4|EPI_ISL_17471810","Ohio","2021-05-12"
"A/swine/Ohio/OH-10056/2021|A_/_H3N2|3C.3a|2021-04-28|HA|4|EPI_ISL_17471720","unassigned","A/swine/Ohio/OH-10056/2021|A_/_H3N2|3C.3a|2021-04-28|HA|4|EPI_ISL_17471720","Ohio","2021-04-28"
"A/swine/Ohio/A02635702/2021|A_/_H3N2|unassigned|2021-04-19|HA|4|EPI_ISL_4083623","1990.4.a","A/swine/Ohio/A02635702/2021|A_/_H3N2|1990.4.a|2021-04-19|HA|4|EPI_ISL_4083623","Ohio","2021-04-19"
"A/swine/Indiana/A02525280/2021|A_/_H3N2|unassigned|2021-03-23|HA|4|EPI_ISL_4082620","1990.4.a","A/swine/Indiana/A02525280/2021|A_/_H3N2|1990.4.a|2021-03-23|HA|4|EPI_ISL_4082620","Indiana","2021-03-23"
"A/swine/Indiana/A02525281/2021|A_/_H3N2|unassigned|2021-03-25|HA|4|EPI_ISL_4082699","1990.4.a","A/swine/Indiana/A02525281/2021|A_/_H3N2|1990.4.a|2021-03-25|HA|4|EPI_ISL_4082699","Indiana","2021-03-25"
"A/swine/Iowa/A02525320/2021|A_/_H3N2|unassigned|2021-03-30|HA|4|EPI_ISL_4083466","1990.4.a","A/swine/Iowa/A02525320/2021|A_/_H3N2|1990.4.a|2021-03-30|HA|4|EPI_ISL_4083466","Iowa","2021-03-30"
"A/swine/Ohio/A02635841/2021|A_/_H3N2|unassigned|2021-05-14|HA|4|EPI_ISL_4083944","1990.4.a","A/swine/Ohio/A02635841/2021|A_/_H3N2|1990.4.a|2021-05-14|HA|4|EPI_ISL_4083944","Ohio","2021-05-14"
"A/swine/Iowa/A02636179/2021|A_/_H3N2|unassigned|2021-09-22|HA|4|EPI_ISL_6816042","1990.4.a","A/swine/Iowa/A02636179/2021|A_/_H3N2|1990.4.a|2021-09-22|HA|4|EPI_ISL_6816042","Iowa","2021-09-22"
"A/swine/Ohio/OH-15380/2021|A_/_H3N2|3C.3a|2021-06-23|HA|4|EPI_ISL_17471846","unassigned","A/swine/Ohio/OH-15380/2021|A_/_H3N2|3C.3a|2021-06-23|HA|4|EPI_ISL_17471846","Ohio","2021-06-23"
"A/swine/Ohio/OH-13252/2021|A_/_H3N2|3C.3a|2021-06-04|HA|4|EPI_ISL_17471815","unassigned","A/swine/Ohio/OH-13252/2021|A_/_H3N2|3C.3a|2021-06-04|HA|4|EPI_ISL_17471815","Ohio","2021-06-04"
"A/swine/Ohio/OH-22545/2021|A_/_H3N2|3C.3a|2021-09-30|HA|4|EPI_ISL_17471888","unassigned","A/swine/Ohio/OH-22545/2021|A_/_H3N2|3C.3a|2021-09-30|HA|4|EPI_ISL_17471888","Ohio","2021-09-30"
"A/swine/Ohio/OH-22192/2021|A_/_H3N2|3C.3a|2021-09-27|HA|4|EPI_ISL_17471887","unassigned","A/swine/Ohio/OH-22192/2021|A_/_H3N2|3C.3a|2021-09-27|HA|4|EPI_ISL_17471887","Ohio","2021-09-27"
"A/swine/Minnesota/A02525121/2021|A_/_H3N2|unassigned|2021-01-28|HA|4|EPI_ISL_4081987","1990.4.a","A/swine/Minnesota/A02525121/2021|A_/_H3N2|1990.4.a|2021-01-28|HA|4|EPI_ISL_4081987","Minnesota","2021-01-28"
"A/swine/Iowa/A02750897/2022|A_/_H3N2|unassigned|2022-09-12|HA|4|EPI_ISL_15620555","1990.4.a","A/swine/Iowa/A02750897/2022|A_/_H3N2|1990.4.a|2022-09-12|HA|4|EPI_ISL_15620555","Iowa","2022-09-12"
"A/swine/Iowa/A02525399/2021|A_/_H3N2|unassigned|2021-03-08|HA|4|EPI_ISL_4083611","1990.4.a","A/swine/Iowa/A02525399/2021|A_/_H3N2|1990.4.a|2021-03-08|HA|4|EPI_ISL_4083611","Iowa","2021-03-08"
"A/swine/Minnesota/A02245829/2020|A_/_H3N2|unassigned|2020-12-11|HA|4|EPI_ISL_4081892","1990.4.a","A/swine/Minnesota/A02245829/2020|A_/_H3N2|1990.4.a|2020-12-11|HA|4|EPI_ISL_4081892","Minnesota","2020-12-11"
"A/swine/Iowa/A02525387/2021|A_/_H3N2|unassigned|2021-03-08|HA|4|EPI_ISL_4083570","1990.4.a","A/swine/Iowa/A02525387/2021|A_/_H3N2|1990.4.a|2021-03-08|HA|4|EPI_ISL_4083570","Iowa","2021-03-08"
"A/swine/Iowa/A02245525/2020|A_/_H3N2|unassigned|2020-03-02|HA|4|EPI_ISL_503931","1990.4.a","A/swine/Iowa/A02245525/2020|A_/_H3N2|1990.4.a|2020-03-02|HA|4|EPI_ISL_503931","Iowa","2020-03-02"
"A/swine/Iowa/A02479153/2020|A_/_H3N2|unassigned|2020-03-19|HA|4|EPI_ISL_504075","unassigned","A/swine/Iowa/A02479153/2020|A_/_H3N2|unassigned|2020-03-19|HA|4|EPI_ISL_504075","Iowa","2020-03-19"
"A/swine/Iowa/A02524794/2020|A_/_H3N2|unassigned|2020-10-22|HA|4|EPI_ISL_4081597","1990.4.a","A/swine/Iowa/A02524794/2020|A_/_H3N2|1990.4.a|2020-10-22|HA|4|EPI_ISL_4081597","Iowa","2020-10-22"
"A/swine/Iowa/A02478623/2019|A_/_H3N2|unassigned|2019-08-21|HA|4|EPI_ISL_393510","1990.4.a","A/swine/Iowa/A02478623/2019|A_/_H3N2|1990.4.a|2019-08-21|HA|4|EPI_ISL_393510","Iowa","2019-08-21"
"A/swine/Iowa/A02478703/2019|A_/_H3N2|unassigned|2019-09-25|HA|4|EPI_ISL_399364","1990.4.a","A/swine/Iowa/A02478703/2019|A_/_H3N2|1990.4.a|2019-09-25|HA|4|EPI_ISL_399364","Iowa","2019-09-25"
"A/swine/Iowa/A02479341/2020|A_/_H3N2|unassigned|2020-05-13|HA|4|EPI_ISL_501758","1990.4.a","A/swine/Iowa/A02479341/2020|A_/_H3N2|1990.4.a|2020-05-13|HA|4|EPI_ISL_501758","Iowa","2020-05-13"
"A/swine/Iowa/A02479282/2020|A_/_H3N2|unassigned|2020-04-27|HA|4|EPI_ISL_502888","1990.4.a","A/swine/Iowa/A02479282/2020|A_/_H3N2|1990.4.a|2020-04-27|HA|4|EPI_ISL_502888","Iowa","2020-04-27"
"A/swine/Minnesota/A02524484/2020|A_/_H3N2|unassigned|2020-07-09|HA|4|EPI_ISL_700970","1990.4.a","A/swine/Minnesota/A02524484/2020|A_/_H3N2|1990.4.a|2020-07-09|HA|4|EPI_ISL_700970","Minnesota","2020-07-09"
"A/swine/Iowa/A02478750/2019|A_/_H3N2|unassigned|2019-10-09|HA|4|EPI_ISL_399591","1990.4.a","A/swine/Iowa/A02478750/2019|A_/_H3N2|1990.4.a|2019-10-09|HA|4|EPI_ISL_399591","Iowa","2019-10-09"
"A/swine/Iowa/A02524423/2020|A_/_H3N2|unassigned|2020-06-08|HA|4|EPI_ISL_499223","1990.4.a","A/swine/Iowa/A02524423/2020|A_/_H3N2|1990.4.a|2020-06-08|HA|4|EPI_ISL_499223","Iowa","2020-06-08"
"A/swine/Iowa/A02479352/2020|A_/_H3N2|unassigned|2020-05-18|HA|4|EPI_ISL_501783","1990.4.a","A/swine/Iowa/A02479352/2020|A_/_H3N2|1990.4.a|2020-05-18|HA|4|EPI_ISL_501783","Iowa","2020-05-18"
"A/swine/Iowa/A02479120/2020|A_/_H3N2|unassigned|2020-03-06|HA|4|EPI_ISL_503986","1990.4.a","A/swine/Iowa/A02479120/2020|A_/_H3N2|1990.4.a|2020-03-06|HA|4|EPI_ISL_503986","Iowa","2020-03-06"
"A/swine/Iowa/A02479304/2020|A_/_H3N2|unassigned|2020-05-04|HA|4|EPI_ISL_501674","1990.4.a","A/swine/Iowa/A02479304/2020|A_/_H3N2|1990.4.a|2020-05-04|HA|4|EPI_ISL_501674","Iowa","2020-05-04"
"A/swine/Iowa/A02479059/2020|A_/_H3N2|unassigned|2020-02-06|HA|4|EPI_ISL_503729","1990.4.a","A/swine/Iowa/A02479059/2020|A_/_H3N2|1990.4.a|2020-02-06|HA|4|EPI_ISL_503729","Iowa","2020-02-06"
"A/swine/Iowa/A02479300/2020|A_/_H3N2|unassigned|2020-05-01|HA|4|EPI_ISL_501676","1990.4.a","A/swine/Iowa/A02479300/2020|A_/_H3N2|1990.4.a|2020-05-01|HA|4|EPI_ISL_501676","Iowa","2020-05-01"
"A/swine/Iowa/A02478759/2019|A_/_H3N2|unassigned|2019-10-07|HA|4|EPI_ISL_399595","1990.4.a","A/swine/Iowa/A02478759/2019|A_/_H3N2|1990.4.a|2019-10-07|HA|4|EPI_ISL_399595","Iowa","2019-10-07"
"A/swine/Minnesota/A02248062/2021|A_/_H3N2|unassigned|2021-03-31|HA|4|EPI_ISL_4089930","1990.4.a","A/swine/Minnesota/A02248062/2021|A_/_H3N2|1990.4.a|2021-03-31|HA|4|EPI_ISL_4089930","Minnesota","2021-03-31"
"A/swine/Iowa/A02524962/2020|A_/_H3N2|unassigned|2020-12-08|HA|4|EPI_ISL_4081862","1990.4.a","A/swine/Iowa/A02524962/2020|A_/_H3N2|1990.4.a|2020-12-08|HA|4|EPI_ISL_4081862","Iowa","2020-12-08"
"A/swine/Iowa/A02524795/2020|A_/_H3N2|unassigned|2020-10-26|HA|4|EPI_ISL_4081577","1990.4.a","A/swine/Iowa/A02524795/2020|A_/_H3N2|1990.4.a|2020-10-26|HA|4|EPI_ISL_4081577","Iowa","2020-10-26"
"A/swine/Iowa/A02524732/2020|A_/_H3N2|unassigned|2020-10-13|HA|4|EPI_ISL_697770","1990.4.a","A/swine/Iowa/A02524732/2020|A_/_H3N2|1990.4.a|2020-10-13|HA|4|EPI_ISL_697770","Iowa","2020-10-13"
"A/swine/Iowa/A02524801/2020|A_/_H3N2|unassigned|2020-10-27|HA|4|EPI_ISL_4081595","1990.4.a","A/swine/Iowa/A02524801/2020|A_/_H3N2|1990.4.a|2020-10-27|HA|4|EPI_ISL_4081595","Iowa","2020-10-27"
"A/swine/Iowa/A02524591/2020|A_/_H3N2|unassigned|2020-08-31|HA|4|EPI_ISL_707316","1990.4.a","A/swine/Iowa/A02524591/2020|A_/_H3N2|1990.4.a|2020-08-31|HA|4|EPI_ISL_707316","Iowa","2020-08-31"
"A/swine/Iowa/A02525063/2021|A_/_H3N2|unassigned|2021-01-13|HA|4|EPI_ISL_4081982","1990.4.a","A/swine/Iowa/A02525063/2021|A_/_H3N2|1990.4.a|2021-01-13|HA|4|EPI_ISL_4081982","Iowa","2021-01-13"
"A/swine/Iowa/A02524815/2020|A_/_H3N2|unassigned|2020-10-28|HA|4|EPI_ISL_4081608","1990.4.a","A/swine/Iowa/A02524815/2020|A_/_H3N2|1990.4.a|2020-10-28|HA|4|EPI_ISL_4081608","Iowa","2020-10-28"
"A/swine/Iowa/A02478930/2019|A_/_H3N2|unassigned|2019-12-03|HA|4|EPI_ISL_505920","1990.4.a","A/swine/Iowa/A02478930/2019|A_/_H3N2|1990.4.a|2019-12-03|HA|4|EPI_ISL_505920","Iowa","2019-12-03"
"A/swine/Iowa/A02524818/2020|A_/_H3N2|unassigned|2020-10-28|HA|4|EPI_ISL_4081591","1990.4.a","A/swine/Iowa/A02524818/2020|A_/_H3N2|1990.4.a|2020-10-28|HA|4|EPI_ISL_4081591","Iowa","2020-10-28"
"A/swine/Iowa/A02635849/2021|A_/_H3N2|unassigned|2021-05-20|HA|4|EPI_ISL_4084474","1990.4.a","A/swine/Iowa/A02635849/2021|A_/_H3N2|1990.4.a|2021-05-20|HA|4|EPI_ISL_4084474","Iowa","2021-05-20"
"A/swine/Iowa/A02635890/2021|A_/_H3N2|unassigned|2021-06-10|HA|4|EPI_ISL_4084447","1990.4.a","A/swine/Iowa/A02635890/2021|A_/_H3N2|1990.4.a|2021-06-10|HA|4|EPI_ISL_4084447","Iowa","2021-06-10"
"A/swine/Iowa/A02525290/2021|A_/_H3N2|unassigned|2021-03-23|HA|4|EPI_ISL_4082730","1990.4.a","A/swine/Iowa/A02525290/2021|A_/_H3N2|1990.4.a|2021-03-23|HA|4|EPI_ISL_4082730","Iowa","2021-03-23"
"A/swine/Iowa/A02635814/2021|A_/_H3N2|unassigned|2021-05-11|HA|4|EPI_ISL_4083700","1990.4.a","A/swine/Iowa/A02635814/2021|A_/_H3N2|1990.4.a|2021-05-11|HA|4|EPI_ISL_4083700","Iowa","2021-05-11"
"A/swine/Iowa/A02525378/2021|A_/_H3N2|unassigned|2021-04-13|HA|4|EPI_ISL_4083578","1990.4.a","A/swine/Iowa/A02525378/2021|A_/_H3N2|1990.4.a|2021-04-13|HA|4|EPI_ISL_4083578","Iowa","2021-04-13"
"A/swine/Iowa/A02635784/2021|A_/_H3N2|unassigned|2021-05-05|HA|4|EPI_ISL_4083655","1990.4.a","A/swine/Iowa/A02635784/2021|A_/_H3N2|1990.4.a|2021-05-05|HA|4|EPI_ISL_4083655","Iowa","2021-05-05"
"A/swine/North_Carolina/A02635777/2021|A_/_H3N2|unassigned|2021-05-05|HA|4|EPI_ISL_4083651","unassigned","A/swine/North Carolina/A02635777/2021|A_/_H3N2|unassigned|2021-05-05|HA|4|EPI_ISL_4083651","North Carolina","2021-05-05"
"A/swine/Iowa/A02524937/2020|A_/_H3N2|unassigned|2020-12-01|HA|4|EPI_ISL_4081812","1990.4.a","A/swine/Iowa/A02524937/2020|A_/_H3N2|1990.4.a|2020-12-01|HA|4|EPI_ISL_4081812","Iowa","2020-12-01"
"A/swine/Iowa/A02525020/2020|A_/_H3N2|unassigned|2020-12-27|HA|4|EPI_ISL_4081916","1990.4.a","A/swine/Iowa/A02525020/2020|A_/_H3N2|1990.4.a|2020-12-27|HA|4|EPI_ISL_4081916","Iowa","2020-12-27"
"A/swine/Iowa/A02636356/2022|A_/_H3N2|unassigned|2022-01-05|HA|4|EPI_ISL_14775396","1990.4.a","A/swine/Iowa/A02636356/2022|A_/_H3N2|1990.4.a|2022-01-05|HA|4|EPI_ISL_14775396","Iowa","2022-01-05"
"A/swine/Iowa/A02750661/2022|A_/_H3N2|unassigned|2022-06-23|HA|4|EPI_ISL_14885997","1990.4.a","A/swine/Iowa/A02750661/2022|A_/_H3N2|1990.4.a|2022-06-23|HA|4|EPI_ISL_14885997","Iowa","2022-06-23"
"A/swine/Iowa/A02751293/2022|A_/_H3N2|3C.3a|2022-11-29|HA|4|EPI_ISL_16840841","unassigned","A/swine/Iowa/A02751293/2022|A_/_H3N2|3C.3a|2022-11-29|HA|4|EPI_ISL_16840841","Iowa","2022-11-29"
"A/swine/Iowa/A02636647/2022|A_/_H3N2|unassigned|2022-04-20|HA|4|EPI_ISL_14835649","1990.4.a","A/swine/Iowa/A02636647/2022|A_/_H3N2|1990.4.a|2022-04-20|HA|4|EPI_ISL_14835649","Iowa","2022-04-20"
"A/swine/Iowa/A02862726/2024|A_/_H3N2|unassigned|2024-07-02|HA|4|EPI_ISL_19310333","1990.4.a","A/swine/Iowa/A02862726/2024|A_/_H3N2|1990.4.a|2024-07-02|HA|4|EPI_ISL_19310333","Iowa","2024-07-02"
"A/swine/Iowa/ISU-1878/2023|A_/_H3N2|unassigned|2023-10-05|HA|4|EPI_ISL_18755434","1990.4.a","A/swine/Iowa/ISU-1878/2023|A_/_H3N2|1990.4.a|2023-10-05|HA|4|EPI_ISL_18755434","Iowa","2023-10-05"
"A/swine/Iowa/ISU-A02861868/2023|A_/_H3N2|unassigned|2023-10-05|HA|4|EPI_ISL_18755235","1990.4.a","A/swine/Iowa/ISU-A02861868/2023|A_/_H3N2|1990.4.a|2023-10-05|HA|4|EPI_ISL_18755235","Iowa","2023-10-05"
"A/swine/Minnesota/A02245357/2019|A_/_H3N2|unassigned|2019-12-12|HA|4|EPI_ISL_503340","1990.4.a","A/swine/Minnesota/A02245357/2019|A_/_H3N2|1990.4.a|2019-12-12|HA|4|EPI_ISL_503340","Minnesota","2019-12-12"
"A/swine/Iowa/A02751105/2022|A_/_H3N2|unassigned|2022-10-26|HA|4|EPI_ISL_16925113","1990.4.a","A/swine/Iowa/A02751105/2022|A_/_H3N2|1990.4.a|2022-10-26|HA|4|EPI_ISL_16925113","Iowa","2022-10-26"
"A/swine/Iowa/A02751073/2022|A_/_H3N2|unassigned|2022-10-20|HA|4|EPI_ISL_16854553","unassigned","A/swine/Iowa/A02751073/2022|A_/_H3N2|unassigned|2022-10-20|HA|4|EPI_ISL_16854553","Iowa","2022-10-20"
"A/swine/Iowa/A02636593/2022|A_/_H3N2|unassigned|2022-03-31|HA|4|EPI_ISL_14779649","1990.4.a","A/swine/Iowa/A02636593/2022|A_/_H3N2|1990.4.a|2022-03-31|HA|4|EPI_ISL_14779649","Iowa","2022-03-31"
"A/swine/Indiana/A02750638/2022|A_/_H3N2|unassigned|2022-06-08|HA|4|EPI_ISL_14871359","1990.4.a","A/swine/Indiana/A02750638/2022|A_/_H3N2|1990.4.a|2022-06-08|HA|4|EPI_ISL_14871359","Indiana","2022-06-08"
"A/swine/Indiana/A02750620/2022|A_/_H3N2|unassigned|2022-05-27|HA|4|EPI_ISL_14871356","1990.4.a","A/swine/Indiana/A02750620/2022|A_/_H3N2|1990.4.a|2022-05-27|HA|4|EPI_ISL_14871356","Indiana","2022-05-27"
"A/swine/Missouri/A02525202/2021|A_/_H3N2|unassigned|2021-02-23|HA|4|EPI_ISL_4082056","1990.4.a","A/swine/Missouri/A02525202/2021|A_/_H3N2|1990.4.a|2021-02-23|HA|4|EPI_ISL_4082056","Missouri","2021-02-23"
"A/swine/Iowa/A02524434/2020|A_/_H3N2|unassigned|2020-06-17|HA|4|EPI_ISL_499251","1990.4.a","A/swine/Iowa/A02524434/2020|A_/_H3N2|1990.4.a|2020-06-17|HA|4|EPI_ISL_499251","Iowa","2020-06-17"
"A/swine/Missouri/ISU-A02861751/2023|A_/_H3N2|unassigned|2023-09-01|HA|4|EPI_ISL_18338470","1990.4.a","A/swine/Missouri/ISU-A02861751/2023|A_/_H3N2|1990.4.a|2023-09-01|HA|4|EPI_ISL_18338470","Missouri","2023-09-01"
"A/swine/Iowa/A02751466/2023|A_/_H3N2|3C.3a|2023-01-13|HA|4|EPI_ISL_17184157","unassigned","A/swine/Iowa/A02751466/2023|A_/_H3N2|3C.3a|2023-01-13|HA|4|EPI_ISL_17184157","Iowa","2023-01-13"
"A/swine/Illinois/A02750776/2022|A_/_H3N2|unassigned|2022-08-16|HA|4|EPI_ISL_15215283","1990.4.a","A/swine/Illinois/A02750776/2022|A_/_H3N2|1990.4.a|2022-08-16|HA|4|EPI_ISL_15215283","Illinois","2022-08-16"
"A/swine/Illinois/A02750636/2021|A_/_H3N2|unassigned|2021-06-03|HA|4|EPI_ISL_14875271","1990.4.a","A/swine/Illinois/A02750636/2021|A_/_H3N2|1990.4.a|2021-06-03|HA|4|EPI_ISL_14875271","Illinois","2021-06-03"
"A/swine/Illinois/A02636676/2022|A_/_H3N2|unassigned|2022-04-26|HA|4|EPI_ISL_14224163","unassigned","A/swine/Illinois/A02636676/2022|A_/_H3N2|unassigned|2022-04-26|HA|4|EPI_ISL_14224163","Illinois","2022-04-26"
"A/swine/Missouri/A02750643/2022|A_/_H3N2|unassigned|2022-06-10|HA|4|EPI_ISL_14871344","1990.4.a","A/swine/Missouri/A02750643/2022|A_/_H3N2|1990.4.a|2022-06-10|HA|4|EPI_ISL_14871344","Missouri","2022-06-10"
"A/swine/Iowa/A02750719/2022|A_/_H3N2|unassigned|2022-07-16|HA|4|EPI_ISL_14931867","1990.4.a","A/swine/Iowa/A02750719/2022|A_/_H3N2|1990.4.a|2022-07-16|HA|4|EPI_ISL_14931867","Iowa","2022-07-16"
"A/swine/Minnesota/A02245812/2020|A_/_H3N2|unassigned|2020-11-19|HA|4|EPI_ISL_4081843","1990.4.a","A/swine/Minnesota/A02245812/2020|A_/_H3N2|1990.4.a|2020-11-19|HA|4|EPI_ISL_4081843","Minnesota","2020-11-19"
"A/swine/Iowa/A02636023/2021|A_/_H3N2|unassigned|2021-08-04|HA|4|EPI_ISL_6781463","1990.4.a","A/swine/Iowa/A02636023/2021|A_/_H3N2|1990.4.a|2021-08-04|HA|4|EPI_ISL_6781463","Iowa","2021-08-04"
"A/swine/Oklahoma/A01896023/2015|A_/_H3N2|unassigned|2015-11-16|HA|4|EPI_ISL_208963","1990.4.a","A/swine/Oklahoma/A01896023/2015|A_/_H3N2|1990.4.a|2015-11-16|HA|4|EPI_ISL_208963","Oklahoma","2015-11-16"
"A/swine/Oklahoma/A01567185/2014|A_/_H3N2|unassigned|2014-12-17|HA|4|EPI_ISL_173620","1990.4.a","A/swine/Oklahoma/A01567185/2014|A_/_H3N2|1990.4.a|2014-12-17|HA|4|EPI_ISL_173620","Oklahoma","2014-12-17"
"A/swine/Oklahoma/A01567195/2014|A_/_H3N2|unassigned|2014-12-18|HA|4|EPI_ISL_173621","1990.4.a","A/swine/Oklahoma/A01567195/2014|A_/_H3N2|1990.4.a|2014-12-18|HA|4|EPI_ISL_173621","Oklahoma","2014-12-18"
"A/swine/Oklahoma/A01776961/2016|A_/_H3N2|unassigned|2016-06-20|HA|4|EPI_ISL_234304","1990.4.a","A/swine/Oklahoma/A01776961/2016|A_/_H3N2|1990.4.a|2016-06-20|HA|4|EPI_ISL_234304","Oklahoma","2016-06-20"
"A/swine/Oklahoma/A01777830/2016|A_/_H3N2|unassigned|2016-07-22|HA|4|EPI_ISL_234677","1990.4.a","A/swine/Oklahoma/A01777830/2016|A_/_H3N2|1990.4.a|2016-07-22|HA|4|EPI_ISL_234677","Oklahoma","2016-07-22"
"A/swine/Oklahoma/A01728023/2015|A_/_H3N2|unassigned|2015-12-16|HA|4|EPI_ISL_211800","1990.4.a","A/swine/Oklahoma/A01728023/2015|A_/_H3N2|1990.4.a|2015-12-16|HA|4|EPI_ISL_211800","Oklahoma","2015-12-16"
"A/swine/Oklahoma/A01770191/2015|A_/_H3N2|unassigned|2015-08-07|HA|4|EPI_ISL_200086","1990.4.a","A/swine/Oklahoma/A01770191/2015|A_/_H3N2|1990.4.a|2015-08-07|HA|4|EPI_ISL_200086","Oklahoma","2015-08-07"
"A/swine/Kansas/A01377632/2015|A_/_H3N2|unassigned|2015-11-04|HA|4|EPI_ISL_205317","1990.4.a","A/swine/Kansas/A01377632/2015|A_/_H3N2|1990.4.a|2015-11-04|HA|4|EPI_ISL_205317","Kansas","2015-11-04"
"A/swine/Texas/A01785420/2018|A_/_H3N2|unassigned|2018-01-17|HA|4|EPI_ISL_300553","1990.4.a","A/swine/Texas/A01785420/2018|A_/_H3N2|1990.4.a|2018-01-17|HA|4|EPI_ISL_300553","Texas","2018-01-17"
"A/swine/Kansas/A01785624/2018|A_/_H3N2|unassigned|2018-09-19|HA|4|EPI_ISL_379833","1990.4.a","A/swine/Kansas/A01785624/2018|A_/_H3N2|1990.4.a|2018-09-19|HA|4|EPI_ISL_379833","Kansas","2018-09-19"
"A/swine/Texas/A01785299/2017|A_/_H3N2|unassigned|2017-09-25|HA|4|EPI_ISL_284679","1990.4.a","A/swine/Texas/A01785299/2017|A_/_H3N2|1990.4.a|2017-09-25|HA|4|EPI_ISL_284679","Texas","2017-09-25"
"A/swine/Texas/A01785298/2017|A_/_H3N2|unassigned|2017-09-20|HA|4|EPI_ISL_284680","1990.4.a","A/swine/Texas/A01785298/2017|A_/_H3N2|1990.4.a|2017-09-20|HA|4|EPI_ISL_284680","Texas","2017-09-20"
"A/swine/Iowa/A02479126/2020|A_/_H3N2|unassigned|2020-03-05|HA|4|EPI_ISL_503976","1990.4.a","A/swine/Iowa/A02479126/2020|A_/_H3N2|1990.4.a|2020-03-05|HA|4|EPI_ISL_503976","Iowa","2020-03-05"
"A/swine/Iowa/A02524561/2020|A_/_H3N2|unassigned|2020-08-21|HA|4|EPI_ISL_707270","1990.4.a","A/swine/Iowa/A02524561/2020|A_/_H3N2|1990.4.a|2020-08-21|HA|4|EPI_ISL_707270","Iowa","2020-08-21"
"A/swine/Iowa/A02525184/2021|A_/_H3N2|unassigned|2021-02-15|HA|4|EPI_ISL_4082023","1990.4.a","A/swine/Iowa/A02525184/2021|A_/_H3N2|1990.4.a|2021-02-15|HA|4|EPI_ISL_4082023","Iowa","2021-02-15"
"A/swine/Kansas/A02245011/2019|A_/_H3N2|unassigned|2019-03-18|HA|4|EPI_ISL_370044","1990.4.a","A/swine/Kansas/A02245011/2019|A_/_H3N2|1990.4.a|2019-03-18|HA|4|EPI_ISL_370044","Kansas","2019-03-18"
"A/swine/Oklahoma/A01785992/2019|A_/_H3N2|unassigned|2019-02-27|HA|4|EPI_ISL_372193","1990.4.a","A/swine/Oklahoma/A01785992/2019|A_/_H3N2|1990.4.a|2019-02-27|HA|4|EPI_ISL_372193","Oklahoma","2019-02-27"
"A/swine/Iowa/A02478955/2019|A_/_H3N2|unassigned|2019-12-06|HA|4|EPI_ISL_505901","1990.4.a","A/swine/Iowa/A02478955/2019|A_/_H3N2|1990.4.a|2019-12-06|HA|4|EPI_ISL_505901","Iowa","2019-12-06"
"A/swine/Iowa/A02478861/2019|A_/_H3N2|unassigned|2019-11-11|HA|4|EPI_ISL_503376","1990.4.a","A/swine/Iowa/A02478861/2019|A_/_H3N2|1990.4.a|2019-11-11|HA|4|EPI_ISL_503376","Iowa","2019-11-11"
"A/swine/Iowa/A02478997/2020|A_/_H3N2|unassigned|2020-01-13|HA|4|EPI_ISL_503389","1990.4.a","A/swine/Iowa/A02478997/2020|A_/_H3N2|1990.4.a|2020-01-13|HA|4|EPI_ISL_503389","Iowa","2020-01-13"
"A/swine/Iowa/A02478817/2019|A_/_H3N2|unassigned|2019-10-29|HA|4|EPI_ISL_503395","1990.4.a","A/swine/Iowa/A02478817/2019|A_/_H3N2|1990.4.a|2019-10-29|HA|4|EPI_ISL_503395","Iowa","2019-10-29"
"A/swine/Oklahoma/A022455605/2020|A_/_H3N2|unassigned|2020-04-29|HA|4|EPI_ISL_502915","1990.4.a","A/swine/Oklahoma/A022455605/2020|A_/_H3N2|1990.4.a|2020-04-29|HA|4|EPI_ISL_502915","Oklahoma","2020-04-29"
"A/swine/Oklahoma/A02431948/2019|A_/_H3N2|unassigned|2019-04-03|HA|4|EPI_ISL_366321","1990.4.a","A/swine/Oklahoma/A02431948/2019|A_/_H3N2|1990.4.a|2019-04-03|HA|4|EPI_ISL_366321","Oklahoma","2019-04-03"
"A/swine/Minnesota/A02245736/2020|A_/_H3N2|unassigned|2020-10-08|HA|4|EPI_ISL_697741","1990.4.a","A/swine/Minnesota/A02245736/2020|A_/_H3N2|1990.4.a|2020-10-08|HA|4|EPI_ISL_697741","Minnesota","2020-10-08"
"A/swine/Iowa/A02478605/2019|A_/_H3N2|unassigned|2019-08-05|HA|4|EPI_ISL_389842","1990.4.a","A/swine/Iowa/A02478605/2019|A_/_H3N2|1990.4.a|2019-08-05|HA|4|EPI_ISL_389842","Iowa","2019-08-05"
"A/swine/Kansas/A02245241/2019|A_/_H3N2|unassigned|2019-09-13|HA|4|EPI_ISL_396133","1990.4.a","A/swine/Kansas/A02245241/2019|A_/_H3N2|1990.4.a|2019-09-13|HA|4|EPI_ISL_396133","Kansas","2019-09-13"
"A/swine/Kansas/A02245371/2019|A_/_H3N2|unassigned|2019-12-27|HA|4|EPI_ISL_503341","1990.4.a","A/swine/Kansas/A02245371/2019|A_/_H3N2|1990.4.a|2019-12-27|HA|4|EPI_ISL_503341","Kansas","2019-12-27"
"A/swine/Indiana/21TOSU0969/2021|A_/_H3N2|unassigned|2021-06-17|HA|4|EPI_ISL_14873043","1990.4.a","A/swine/Indiana/21TOSU0969/2021|A_/_H3N2|1990.4.a|2021-06-17|HA|4|EPI_ISL_14873043","Indiana","2021-06-17"
"A/swine/Indiana/21TOSU0961/2021|A_/_H3N2|unassigned|2021-06-17|HA|4|EPI_ISL_14873146","unassigned","A/swine/Indiana/21TOSU0961/2021|A_/_H3N2|unassigned|2021-06-17|HA|4|EPI_ISL_14873146","Indiana","2021-06-17"
"A/swine/Indiana/21TOSU0955/2021|A_/_H3N2|unassigned|2021-06-17|HA|4|EPI_ISL_14872423","unassigned","A/swine/Indiana/21TOSU0955/2021|A_/_H3N2|unassigned|2021-06-17|HA|4|EPI_ISL_14872423","Indiana","2021-06-17"
"A/swine/Indiana/21TOSU0954/2021|A_/_H3N2|unassigned|2021-06-17|HA|4|EPI_ISL_14872436","unassigned","A/swine/Indiana/21TOSU0954/2021|A_/_H3N2|unassigned|2021-06-17|HA|4|EPI_ISL_14872436","Indiana","2021-06-17"
"A/swine/Indiana/21TOSU0959/2021|A_/_H3N2|unassigned|2021-06-17|HA|4|EPI_ISL_14872972","1990.4.a","A/swine/Indiana/21TOSU0959/2021|A_/_H3N2|1990.4.a|2021-06-17|HA|4|EPI_ISL_14872972","Indiana","2021-06-17"
"A/swine/Indiana/21TOSU0963/2021|A_/_H3N2|unassigned|2021-06-17|HA|4|EPI_ISL_14872406","1990.4.a","A/swine/Indiana/21TOSU0963/2021|A_/_H3N2|1990.4.a|2021-06-17|HA|4|EPI_ISL_14872406","Indiana","2021-06-17"
"A/swine/Ohio/21TOSU2997/2021|A_/_H3N2|unassigned|2021-07-15|HA|4|EPI_ISL_14873254","1990.4.a","A/swine/Ohio/21TOSU2997/2021|A_/_H3N2|1990.4.a|2021-07-15|HA|4|EPI_ISL_14873254","Ohio","2021-07-15"
"A/swine/Illinois/21TOSU2170/2021|A_/_H3N2|unassigned|2021-06-25|HA|4|EPI_ISL_14873574","unassigned","A/swine/Illinois/21TOSU2170/2021|A_/_H3N2|unassigned|2021-06-25|HA|4|EPI_ISL_14873574","Illinois","2021-06-25"
"A/swine/Illinois/21TOSU2172/2021|A_/_H3N2|unassigned|2021-06-25|HA|4|EPI_ISL_14873890","unassigned","A/swine/Illinois/21TOSU2172/2021|A_/_H3N2|unassigned|2021-06-25|HA|4|EPI_ISL_14873890","Illinois","2021-06-25"
"A/swine/Illinois/21TOSU2161/2021|A_/_H3N2|unassigned|2021-06-25|HA|4|EPI_ISL_14872429","unassigned","A/swine/Illinois/21TOSU2161/2021|A_/_H3N2|unassigned|2021-06-25|HA|4|EPI_ISL_14872429","Illinois","2021-06-25"
"A/swine/Illinois/21TOSU1972/2021|A_/_H3N2|unassigned|2021-06-25|HA|4|EPI_ISL_14872403","unassigned","A/swine/Illinois/21TOSU1972/2021|A_/_H3N2|unassigned|2021-06-25|HA|4|EPI_ISL_14872403","Illinois","2021-06-25"
"A/swine/Ohio/21TOSU2983/2021|A_/_H3N2|unassigned|2021-07-15|HA|4|EPI_ISL_14872414","unassigned","A/swine/Ohio/21TOSU2983/2021|A_/_H3N2|unassigned|2021-07-15|HA|4|EPI_ISL_14872414","Ohio","2021-07-15"
"A/swine/Ohio/21TOSU0486/2021|A_/_H3N2|unassigned|2021-05-22|HA|4|EPI_ISL_14224595","1990.4.a","A/swine/Ohio/21TOSU0486/2021|A_/_H3N2|1990.4.a|2021-05-22|HA|4|EPI_ISL_14224595","Ohio","2021-05-22"
"A/swine/Illinois/21TOSU1967/2021|A_/_H3N2|unassigned|2021-06-25|HA|4|EPI_ISL_14874244","1990.4.a","A/swine/Illinois/21TOSU1967/2021|A_/_H3N2|1990.4.a|2021-06-25|HA|4|EPI_ISL_14874244","Illinois","2021-06-25"
"A/swine/Illinois/21TOSU2173/2021|A_/_H3N2|unassigned|2021-06-25|HA|4|EPI_ISL_14872431","unassigned","A/swine/Illinois/21TOSU2173/2021|A_/_H3N2|unassigned|2021-06-25|HA|4|EPI_ISL_14872431","Illinois","2021-06-25"
"A/swine/Illinois/21TOSU2174/2021|A_/_H3N2|unassigned|2021-06-25|HA|4|EPI_ISL_14873091","1990.4.a","A/swine/Illinois/21TOSU2174/2021|A_/_H3N2|1990.4.a|2021-06-25|HA|4|EPI_ISL_14873091","Illinois","2021-06-25"
"A/swine/Illinois/21TOSU2171/2021|A_/_H3N2|unassigned|2021-06-25|HA|4|EPI_ISL_14873662","unassigned","A/swine/Illinois/21TOSU2171/2021|A_/_H3N2|unassigned|2021-06-25|HA|4|EPI_ISL_14873662","Illinois","2021-06-25"
"A/swine/Illinois/21TOSU2139/2021|A_/_H3N2|unassigned|2021-06-25|HA|4|EPI_ISL_14872433","unassigned","A/swine/Illinois/21TOSU2139/2021|A_/_H3N2|unassigned|2021-06-25|HA|4|EPI_ISL_14872433","Illinois","2021-06-25"
"A/swine/Illinois/21TOSU1891/2021|A_/_H3N2|unassigned|2021-06-25|HA|4|EPI_ISL_14873852","1990.4.a","A/swine/Illinois/21TOSU1891/2021|A_/_H3N2|1990.4.a|2021-06-25|HA|4|EPI_ISL_14873852","Illinois","2021-06-25"
"A/swine/Ohio/21TOSU0580/2021|A_/_H3N2|unassigned|2021-06-05|HA|4|EPI_ISL_14224624","1990.4.a","A/swine/Ohio/21TOSU0580/2021|A_/_H3N2|1990.4.a|2021-06-05|HA|4|EPI_ISL_14224624","Ohio","2021-06-05"
"A/swine/Ohio/21TOSU0594/2021|A_/_H3N2|unassigned|2021-06-05|HA|4|EPI_ISL_14224627","unassigned","A/swine/Ohio/21TOSU0594/2021|A_/_H3N2|unassigned|2021-06-05|HA|4|EPI_ISL_14224627","Ohio","2021-06-05"
"A/swine/Indiana/21TOSU1825/2021|A_/_H3N2|unassigned|2021-06-25|HA|4|EPI_ISL_14872913","1990.4.a","A/swine/Indiana/21TOSU1825/2021|A_/_H3N2|1990.4.a|2021-06-25|HA|4|EPI_ISL_14872913","Indiana","2021-06-25"
"A/swine/Indiana/21TOSU1817/2021|A_/_H3N2|unassigned|2021-06-25|HA|4|EPI_ISL_14872401","unassigned","A/swine/Indiana/21TOSU1817/2021|A_/_H3N2|unassigned|2021-06-25|HA|4|EPI_ISL_14872401","Indiana","2021-06-25"
"A/swine/Ohio/21TOSU2979/2021|A_/_H3N2|unassigned|2021-07-15|HA|4|EPI_ISL_14872412","unassigned","A/swine/Ohio/21TOSU2979/2021|A_/_H3N2|unassigned|2021-07-15|HA|4|EPI_ISL_14872412","Ohio","2021-07-15"
"A/swine/Ohio/21TOSU0600/2021|A_/_H3N2|3C.3a|2021-06-05|HA|4|EPI_ISL_18005778","unassigned","A/swine/Ohio/21TOSU0600/2021|A_/_H3N2|3C.3a|2021-06-05|HA|4|EPI_ISL_18005778","Ohio","2021-06-05"
"A/swine/Indiana/21TOSU0876/2021|A_/_H3N2|3C.3a|2021-06-17|HA|4|EPI_ISL_18005788","unassigned","A/swine/Indiana/21TOSU0876/2021|A_/_H3N2|3C.3a|2021-06-17|HA|4|EPI_ISL_18005788","Indiana","2021-06-17"
"A/swine/Indiana/21TOSU0881/2021|A_/_H3N2|3C.3a|2021-06-17|HA|4|EPI_ISL_18005768","unassigned","A/swine/Indiana/21TOSU0881/2021|A_/_H3N2|3C.3a|2021-06-17|HA|4|EPI_ISL_18005768","Indiana","2021-06-17"
"A/swine/Indiana/21TOSU1303/2021|A_/_H3N2|3C.3a|2021-06-17|HA|4|EPI_ISL_18005746","unassigned","A/swine/Indiana/21TOSU1303/2021|A_/_H3N2|3C.3a|2021-06-17|HA|4|EPI_ISL_18005746","Indiana","2021-06-17"
"A/swine/Indiana/21TOSU1307/2021|A_/_H3N2|3C.3a|2021-06-17|HA|4|EPI_ISL_18005744","unassigned","A/swine/Indiana/21TOSU1307/2021|A_/_H3N2|3C.3a|2021-06-17|HA|4|EPI_ISL_18005744","Indiana","2021-06-17"
"A/swine/Indiana/21TOSU1304/2021|A_/_H3N2|3C.3a|2021-06-17|HA|4|EPI_ISL_18005745","unassigned","A/swine/Indiana/21TOSU1304/2021|A_/_H3N2|3C.3a|2021-06-17|HA|4|EPI_ISL_18005745","Indiana","2021-06-17"
"A/swine/Indiana/21TOSU1301/2021|A_/_H3N2|3C.3a|2021-06-17|HA|4|EPI_ISL_18005748","unassigned","A/swine/Indiana/21TOSU1301/2021|A_/_H3N2|3C.3a|2021-06-17|HA|4|EPI_ISL_18005748","Indiana","2021-06-17"
"A/swine/Indiana/21TOSU1314/2021|A_/_H3N2|3C.3a|2021-06-17|HA|4|EPI_ISL_18005742","unassigned","A/swine/Indiana/21TOSU1314/2021|A_/_H3N2|3C.3a|2021-06-17|HA|4|EPI_ISL_18005742","Indiana","2021-06-17"
"A/swine/Indiana/21TOSU1317/2021|A_/_H3N2|3C.3a|2021-06-17|HA|4|EPI_ISL_18005740","unassigned","A/swine/Indiana/21TOSU1317/2021|A_/_H3N2|3C.3a|2021-06-17|HA|4|EPI_ISL_18005740","Indiana","2021-06-17"
"A/swine/Indiana/21TOSU1316/2021|A_/_H3N2|3C.3a|2021-06-17|HA|4|EPI_ISL_18005741","unassigned","A/swine/Indiana/21TOSU1316/2021|A_/_H3N2|3C.3a|2021-06-17|HA|4|EPI_ISL_18005741","Indiana","2021-06-17"
"A/swine/Indiana/21TOSU0877/2021|A_/_H3N2|3C.3a|2021-06-17|HA|4|EPI_ISL_18005770","unassigned","A/swine/Indiana/21TOSU0877/2021|A_/_H3N2|3C.3a|2021-06-17|HA|4|EPI_ISL_18005770","Indiana","2021-06-17"
"A/swine/Ohio/21TOSU1125/2021|A_/_H3N2|3C.3a|2021-06-05|HA|4|EPI_ISL_18005766","unassigned","A/swine/Ohio/21TOSU1125/2021|A_/_H3N2|3C.3a|2021-06-05|HA|4|EPI_ISL_18005766","Ohio","2021-06-05"
"A/swine/Indiana/21TOSU1534/2021|A_/_H3N2|3C.3a|2021-06-17|HA|4|EPI_ISL_18005772","unassigned","A/swine/Indiana/21TOSU1534/2021|A_/_H3N2|3C.3a|2021-06-17|HA|4|EPI_ISL_18005772","Indiana","2021-06-17"
"A/swine/Ohio/21TOSU1111/2021|A_/_H3N2|3C.3a|2021-06-05|HA|4|EPI_ISL_18005775","unassigned","A/swine/Ohio/21TOSU1111/2021|A_/_H3N2|3C.3a|2021-06-05|HA|4|EPI_ISL_18005775","Ohio","2021-06-05"
"A/swine/Indiana/21TOSU1251/2021|A_/_H3N2|3C.3a|2021-06-17|HA|4|EPI_ISL_18005749","unassigned","A/swine/Indiana/21TOSU1251/2021|A_/_H3N2|3C.3a|2021-06-17|HA|4|EPI_ISL_18005749","Indiana","2021-06-17"
"A/swine/Indiana/21TOSU1375/2021|A_/_H3N2|3C.3a|2021-06-17|HA|4|EPI_ISL_18005738","unassigned","A/swine/Indiana/21TOSU1375/2021|A_/_H3N2|3C.3a|2021-06-17|HA|4|EPI_ISL_18005738","Indiana","2021-06-17"
"A/swine/Indiana/21TOSU1458/2021|A_/_H3N2|3C.3a|2021-06-17|HA|4|EPI_ISL_18005736","unassigned","A/swine/Indiana/21TOSU1458/2021|A_/_H3N2|3C.3a|2021-06-17|HA|4|EPI_ISL_18005736","Indiana","2021-06-17"
"A/swine/Ohio/21TOSU0875/2021|A_/_H3N2|3C.3a|2021-06-12|HA|4|EPI_ISL_18005777","unassigned","A/swine/Ohio/21TOSU0875/2021|A_/_H3N2|3C.3a|2021-06-12|HA|4|EPI_ISL_18005777","Ohio","2021-06-12"
"A/swine/Ohio/21TOSU1115/2021|A_/_H3N2|3C.3a|2021-06-05|HA|4|EPI_ISL_18005774","unassigned","A/swine/Ohio/21TOSU1115/2021|A_/_H3N2|3C.3a|2021-06-05|HA|4|EPI_ISL_18005774","Ohio","2021-06-05"
"A/swine/Indiana/21TOSU0915/2021|A_/_H3N2|3C.3a|2021-06-17|HA|4|EPI_ISL_18005762","unassigned","A/swine/Indiana/21TOSU0915/2021|A_/_H3N2|3C.3a|2021-06-17|HA|4|EPI_ISL_18005762","Indiana","2021-06-17"
"A/swine/Indiana/21TOSU0907/2021|A_/_H3N2|3C.3a|2021-06-17|HA|4|EPI_ISL_18005767","unassigned","A/swine/Indiana/21TOSU0907/2021|A_/_H3N2|3C.3a|2021-06-17|HA|4|EPI_ISL_18005767","Indiana","2021-06-17"
"A/swine/Indiana/21TOSU0902/2021|A_/_H3N2|3C.3a|2021-06-17|HA|4|EPI_ISL_18005771","unassigned","A/swine/Indiana/21TOSU0902/2021|A_/_H3N2|3C.3a|2021-06-17|HA|4|EPI_ISL_18005771","Indiana","2021-06-17"
"A/swine/Indiana/21TOSU0906/2021|A_/_H3N2|3C.3a|2021-06-17|HA|4|EPI_ISL_18005769","unassigned","A/swine/Indiana/21TOSU0906/2021|A_/_H3N2|3C.3a|2021-06-17|HA|4|EPI_ISL_18005769","Indiana","2021-06-17"
"A/swine/Indiana/21TOSU1481/2021|A_/_H3N2|3C.3a|2021-06-17|HA|4|EPI_ISL_18005747","unassigned","A/swine/Indiana/21TOSU1481/2021|A_/_H3N2|3C.3a|2021-06-17|HA|4|EPI_ISL_18005747","Indiana","2021-06-17"
"A/swine/Indiana/21TOSU0911/2021|A_/_H3N2|3C.3a|2021-06-17|HA|4|EPI_ISL_18005764","unassigned","A/swine/Indiana/21TOSU0911/2021|A_/_H3N2|3C.3a|2021-06-17|HA|4|EPI_ISL_18005764","Indiana","2021-06-17"
"A/swine/Indiana/21TOSU1212/2021|A_/_H3N2|3C.3a|2021-06-17|HA|4|EPI_ISL_18005752","unassigned","A/swine/Indiana/21TOSU1212/2021|A_/_H3N2|3C.3a|2021-06-17|HA|4|EPI_ISL_18005752","Indiana","2021-06-17"
"A/swine/Indiana/21TOSU1220/2021|A_/_H3N2|3C.3a|2021-06-17|HA|4|EPI_ISL_18005750","unassigned","A/swine/Indiana/21TOSU1220/2021|A_/_H3N2|3C.3a|2021-06-17|HA|4|EPI_ISL_18005750","Indiana","2021-06-17"
"A/swine/Indiana/21TOSU1219/2021|A_/_H3N2|3C.3a|2021-06-17|HA|4|EPI_ISL_18005751","unassigned","A/swine/Indiana/21TOSU1219/2021|A_/_H3N2|3C.3a|2021-06-17|HA|4|EPI_ISL_18005751","Indiana","2021-06-17"
"A/swine/Iowa/21TOSU0641/2021|A_/_H3N2|3C.3a|2021-05-27|HA|4|EPI_ISL_18005755","unassigned","A/swine/Iowa/21TOSU0641/2021|A_/_H3N2|3C.3a|2021-05-27|HA|4|EPI_ISL_18005755","Iowa","2021-05-27"
"A/swine/Indiana/21TOSU1311/2021|A_/_H3N2|unassigned|2021-06-17|HA|4|EPI_ISL_14224628","unassigned","A/swine/Indiana/21TOSU1311/2021|A_/_H3N2|unassigned|2021-06-17|HA|4|EPI_ISL_14224628","Indiana","2021-06-17"
"A/swine/Illinois/A02751170/2022|A_/_H3N2|unassigned|2022-11-03|HA|4|EPI_ISL_16925076","1990.4.a","A/swine/Illinois/A02751170/2022|A_/_H3N2|1990.4.a|2022-11-03|HA|4|EPI_ISL_16925076","Illinois","2022-11-03"
"A/swine/Illinois/A02751114/2022|A_/_H3N2|unassigned|2022-10-27|HA|4|EPI_ISL_16854547","unassigned","A/swine/Illinois/A02751114/2022|A_/_H3N2|unassigned|2022-10-27|HA|4|EPI_ISL_16854547","Illinois","2022-10-27"
"A/swine/Illinois/A02751102/2022|A_/_H3N2|unassigned|2022-10-25|HA|4|EPI_ISL_16854546","unassigned","A/swine/Illinois/A02751102/2022|A_/_H3N2|unassigned|2022-10-25|HA|4|EPI_ISL_16854546","Illinois","2022-10-25"
"A/swine/Indiana/A02751480/2023|A_/_H3N2|3C.3a|2023-01-17|HA|4|EPI_ISL_17184155","unassigned","A/swine/Indiana/A02751480/2023|A_/_H3N2|3C.3a|2023-01-17|HA|4|EPI_ISL_17184155","Indiana","2023-01-17"
"A/swine/Indiana/A02751460/2023|A_/_H3N2|3C.3a|2023-01-10|HA|4|EPI_ISL_17184126","unassigned","A/swine/Indiana/A02751460/2023|A_/_H3N2|3C.3a|2023-01-10|HA|4|EPI_ISL_17184126","Indiana","2023-01-10"
"A/swine/Illinois/A02750848/2022|A_/_H3N2|unassigned|2022-08-30|HA|4|EPI_ISL_15620403","1990.4.a","A/swine/Illinois/A02750848/2022|A_/_H3N2|1990.4.a|2022-08-30|HA|4|EPI_ISL_15620403","Illinois","2022-08-30"
"A/swine/Illinois/A02750774/2022|A_/_H3N2|unassigned|2022-08-11|HA|4|EPI_ISL_15215284","1990.4.a","A/swine/Illinois/A02750774/2022|A_/_H3N2|1990.4.a|2022-08-11|HA|4|EPI_ISL_15215284","Illinois","2022-08-11"
"A/swine/Iowa/A02248201/2021|A_/_H3N2|unassigned|2021-09-27|HA|4|EPI_ISL_6795316","1990.4.a","A/swine/Iowa/A02248201/2021|A_/_H3N2|1990.4.a|2021-09-27|HA|4|EPI_ISL_6795316","Iowa","2021-09-27"
"A/swine/Iowa/A02524696/2020|A_/_H3N2|unassigned|2020-10-05|HA|4|EPI_ISL_697707","1990.4.a","A/swine/Iowa/A02524696/2020|A_/_H3N2|1990.4.a|2020-10-05|HA|4|EPI_ISL_697707","Iowa","2020-10-05"
"A/swine/Iowa/A02525092/2021|A_/_H3N2|unassigned|2021-01-18|HA|4|EPI_ISL_4081975","unassigned","A/swine/Iowa/A02525092/2021|A_/_H3N2|unassigned|2021-01-18|HA|4|EPI_ISL_4081975","Iowa","2021-01-18"
"A/swine/Iowa/A02525305/2021|A_/_H3N2|unassigned|2021-03-25|HA|4|EPI_ISL_4082636","1990.4.a","A/swine/Iowa/A02525305/2021|A_/_H3N2|1990.4.a|2021-03-25|HA|4|EPI_ISL_4082636","Iowa","2021-03-25"
"A/swine/Iowa/A02525251/2021|A_/_H3N2|unassigned|2021-03-10|HA|4|EPI_ISL_4082172","1990.4.a","A/swine/Iowa/A02525251/2021|A_/_H3N2|1990.4.a|2021-03-10|HA|4|EPI_ISL_4082172","Iowa","2021-03-10"
"A/swine/Iowa/A02635704/2021|A_/_H3N2|unassigned|2021-04-15|HA|4|EPI_ISL_4083617","1990.4.a","A/swine/Iowa/A02635704/2021|A_/_H3N2|1990.4.a|2021-04-15|HA|4|EPI_ISL_4083617","Iowa","2021-04-15"
"A/swine/Iowa/A02635809/2021|A_/_H3N2|unassigned|2021-05-07|HA|4|EPI_ISL_4083675","1990.4.a","A/swine/Iowa/A02635809/2021|A_/_H3N2|1990.4.a|2021-05-07|HA|4|EPI_ISL_4083675","Iowa","2021-05-07"
"A/swine/Iowa/A02635812/2021|A_/_H3N2|unassigned|2021-05-10|HA|4|EPI_ISL_4083701","1990.4.a","A/swine/Iowa/A02635812/2021|A_/_H3N2|1990.4.a|2021-05-10|HA|4|EPI_ISL_4083701","Iowa","2021-05-10"
"A/swine/Iowa/A02750684/2022|A_/_H3N2|unassigned|2022-06-30|HA|4|EPI_ISL_14930643","1990.4.a","A/swine/Iowa/A02750684/2022|A_/_H3N2|1990.4.a|2022-06-30|HA|4|EPI_ISL_14930643","Iowa","2022-06-30"
"A/swine/Iowa/A02636299/2021|A_/_H3N2|unassigned|2021-10-01|HA|4|EPI_ISL_14770774","1990.4.a","A/swine/Iowa/A02636299/2021|A_/_H3N2|1990.4.a|2021-10-01|HA|4|EPI_ISL_14770774","Iowa","2021-10-01"
"A/swine/Iowa/A02750700/2022|A_/_H3N2|unassigned|2022-07-07|HA|4|EPI_ISL_14931855","1990.4.a","A/swine/Iowa/A02750700/2022|A_/_H3N2|1990.4.a|2022-07-07|HA|4|EPI_ISL_14931855","Iowa","2022-07-07"
"A/swine/Iowa/A02711711/2022|A_/_H3N2|unassigned|2022-03-17|HA|4|EPI_ISL_14835310","1990.4.a","A/swine/Iowa/A02711711/2022|A_/_H3N2|1990.4.a|2022-03-17|HA|4|EPI_ISL_14835310","Iowa","2022-03-17"
"A/swine/Iowa/A02750942/2022|A_/_H3N2|unassigned|2022-09-29|HA|4|EPI_ISL_16215726","1990.4.a","A/swine/Iowa/A02750942/2022|A_/_H3N2|1990.4.a|2022-09-29|HA|4|EPI_ISL_16215726","Iowa","2022-09-29"
"A/swine/Minnesota/A02712620/2022|A_/_H3N2|3C.3a|2022-11-11|HA|4|EPI_ISL_16891398","unassigned","A/swine/Minnesota/A02712620/2022|A_/_H3N2|3C.3a|2022-11-11|HA|4|EPI_ISL_16891398","Minnesota","2022-11-11"
"A/swine/Iowa/A02750771/2022|A_/_H3N2|unassigned|2022-08-09|HA|4|EPI_ISL_15215288","1990.4.a","A/swine/Iowa/A02750771/2022|A_/_H3N2|1990.4.a|2022-08-09|HA|4|EPI_ISL_15215288","Iowa","2022-08-09"
"A/swine/Iowa/A02636612/2022|A_/_H3N2|unassigned|2022-04-04|HA|4|EPI_ISL_14835651","1990.4.a","A/swine/Iowa/A02636612/2022|A_/_H3N2|1990.4.a|2022-04-04|HA|4|EPI_ISL_14835651","Iowa","2022-04-04"
"A/swine/Iowa/A02248046/2021|A_/_H3N2|unassigned|2021-12-01|HA|4|EPI_ISL_14769985","1990.4.a","A/swine/Iowa/A02248046/2021|A_/_H3N2|1990.4.a|2021-12-01|HA|4|EPI_ISL_14769985","Iowa","2021-12-01"
"A/swine/Iowa/A02751041/2022|A_/_H3N2|3C.3a|2022-10-14|HA|4|EPI_ISL_16854573","unassigned","A/swine/Iowa/A02751041/2022|A_/_H3N2|3C.3a|2022-10-14|HA|4|EPI_ISL_16854573","Iowa","2022-10-14"
"A/swine/Minnesota/A02978444/2023|A_/_H3N2|unassigned|2023-03-06|HA|4|EPI_ISL_17986897","1990.4.a","A/swine/Minnesota/A02978444/2023|A_/_H3N2|1990.4.a|2023-03-06|HA|4|EPI_ISL_17986897","Minnesota","2023-03-06"
"A/swine/Minnesota/A02978530/2023|A_/_H3N2|3C.3a|2023-06-09|HA|4|EPI_ISL_18090334","unassigned","A/swine/Minnesota/A02978530/2023|A_/_H3N2|3C.3a|2023-06-09|HA|4|EPI_ISL_18090334","Minnesota","2023-06-09"
"A/swine/Minnesota/A02978521/2023|A_/_H3N2|unassigned|2023-05-10|HA|4|EPI_ISL_18090340","1990.4.a","A/swine/Minnesota/A02978521/2023|A_/_H3N2|1990.4.a|2023-05-10|HA|4|EPI_ISL_18090340","Minnesota","2023-05-10"
"A/swine/California/A01104141/2020|A_/_H3N2|unassigned|2020-02-12|HA|4|EPI_ISL_503967","1990.4.a","A/swine/California/A01104141/2020|A_/_H3N2|1990.4.a|2020-02-12|HA|4|EPI_ISL_503967","California","2020-02-12"
"A/swine/Iowa/A02478700/2019|A_/_H3N2|unassigned|2019-09-24|HA|4|EPI_ISL_399372","1990.4.a","A/swine/Iowa/A02478700/2019|A_/_H3N2|1990.4.a|2019-09-24|HA|4|EPI_ISL_399372","Iowa","2019-09-24"
"A/swine/Iowa/A02478553/2019|A_/_H3N2|unassigned|2019-06-07|HA|4|EPI_ISL_372908","1990.4.a","A/swine/Iowa/A02478553/2019|A_/_H3N2|1990.4.a|2019-06-07|HA|4|EPI_ISL_372908","Iowa","2019-06-07"
"A/swine/Iowa/A02478516/2019|A_/_H3N2|unassigned|2019-05-20|HA|4|EPI_ISL_369147","1990.4.a","A/swine/Iowa/A02478516/2019|A_/_H3N2|1990.4.a|2019-05-20|HA|4|EPI_ISL_369147","Iowa","2019-05-20"
"A/swine/Iowa/A02478578/2019|A_/_H3N2|unassigned|2019-07-10|HA|4|EPI_ISL_381683","1990.4.a","A/swine/Iowa/A02478578/2019|A_/_H3N2|1990.4.a|2019-07-10|HA|4|EPI_ISL_381683","Iowa","2019-07-10"
"A/swine/Iowa/A02479234/2020|A_/_H3N2|unassigned|2020-04-15|HA|4|EPI_ISL_502852","1990.4.a","A/swine/Iowa/A02479234/2020|A_/_H3N2|1990.4.a|2020-04-15|HA|4|EPI_ISL_502852","Iowa","2020-04-15"
"A/swine/Iowa/A02479228/2020|A_/_H3N2|unassigned|2020-04-16|HA|4|EPI_ISL_502873","1990.4.a","A/swine/Iowa/A02479228/2020|A_/_H3N2|1990.4.a|2020-04-16|HA|4|EPI_ISL_502873","Iowa","2020-04-16"
"A/swine/Minnesota/A02246970/2021|A_/_H3N2|unassigned|2021-09-30|HA|4|EPI_ISL_6816035","1990.4.a","A/swine/Minnesota/A02246970/2021|A_/_H3N2|1990.4.a|2021-09-30|HA|4|EPI_ISL_6816035","Minnesota","2021-09-30"
"A/swine/Minnesota/A02245889/2021|A_/_H3N2|unassigned|2021-04-15|HA|4|EPI_ISL_4083586","1990.4.a","A/swine/Minnesota/A02245889/2021|A_/_H3N2|1990.4.a|2021-04-15|HA|4|EPI_ISL_4083586","Minnesota","2021-04-15"
"A/swine/Minnesota/A02248075/2021|A_/_H3N2|unassigned|2021-04-29|HA|4|EPI_ISL_4089904","1990.4.a","A/swine/Minnesota/A02248075/2021|A_/_H3N2|1990.4.a|2021-04-29|HA|4|EPI_ISL_4089904","Minnesota","2021-04-29"
"A/swine/Iowa/A02245581/2020|A_/_H3N2|unassigned|2020-04-06|HA|4|EPI_ISL_504160","1990.4.a","A/swine/Iowa/A02245581/2020|A_/_H3N2|1990.4.a|2020-04-06|HA|4|EPI_ISL_504160","Iowa","2020-04-06"
"A/swine/Iowa/A02524701/2020|A_/_H3N2|unassigned|2020-10-06|HA|4|EPI_ISL_697698","1990.4.a","A/swine/Iowa/A02524701/2020|A_/_H3N2|1990.4.a|2020-10-06|HA|4|EPI_ISL_697698","Iowa","2020-10-06"
"A/swine/Iowa/A02524639/2020|A_/_H3N2|unassigned|2020-09-16|HA|4|EPI_ISL_697547","1990.4.a","A/swine/Iowa/A02524639/2020|A_/_H3N2|1990.4.a|2020-09-16|HA|4|EPI_ISL_697547","Iowa","2020-09-16"
"A/swine/Iowa/A02524684/2020|A_/_H3N2|unassigned|2020-10-01|HA|4|EPI_ISL_697635","1990.4.a","A/swine/Iowa/A02524684/2020|A_/_H3N2|1990.4.a|2020-10-01|HA|4|EPI_ISL_697635","Iowa","2020-10-01"
"A/swine/Minnesota/A02524741/2020|A_/_H3N2|unassigned|2020-10-15|HA|4|EPI_ISL_697754","1990.4.a","A/swine/Minnesota/A02524741/2020|A_/_H3N2|1990.4.a|2020-10-15|HA|4|EPI_ISL_697754","Minnesota","2020-10-15"
"A/swine/Iowa/A02524889/2020|A_/_H3N2|unassigned|2020-11-10|HA|4|EPI_ISL_4081721","1990.4.a","A/swine/Iowa/A02524889/2020|A_/_H3N2|1990.4.a|2020-11-10|HA|4|EPI_ISL_4081721","Iowa","2020-11-10"
"A/swine/Iowa/A02479050/2020|A_/_H3N2|unassigned|2020-02-06|HA|4|EPI_ISL_503617","1990.4.a","A/swine/Iowa/A02479050/2020|A_/_H3N2|1990.4.a|2020-02-06|HA|4|EPI_ISL_503617","Iowa","2020-02-06"
"A/swine/Iowa/A02479429/2020|A_/_H3N2|unassigned|2020-06-03|HA|4|EPI_ISL_499201","1990.4.a","A/swine/Iowa/A02479429/2020|A_/_H3N2|1990.4.a|2020-06-03|HA|4|EPI_ISL_499201","Iowa","2020-06-03"
"A/swine/Iowa/A02525023/2020|A_/_H3N2|unassigned|2020-12-29|HA|4|EPI_ISL_4081913","1990.4.a","A/swine/Iowa/A02525023/2020|A_/_H3N2|1990.4.a|2020-12-29|HA|4|EPI_ISL_4081913","Iowa","2020-12-29"
"A/swine/Iowa/A02525046/2021|A_/_H3N2|unassigned|2021-01-08|HA|4|EPI_ISL_4081926","1990.4.a","A/swine/Iowa/A02525046/2021|A_/_H3N2|1990.4.a|2021-01-08|HA|4|EPI_ISL_4081926","Iowa","2021-01-08"
"A/swine/Iowa/A02525108/2021|A_/_H3N2|unassigned|2021-01-22|HA|4|EPI_ISL_4081991","1990.4.a","A/swine/Iowa/A02525108/2021|A_/_H3N2|1990.4.a|2021-01-22|HA|4|EPI_ISL_4081991","Iowa","2021-01-22"
"A/swine/Iowa/A02636296/2021|A_/_H3N2|unassigned|2021-09-30|HA|4|EPI_ISL_14770776","1990.4.a","A/swine/Iowa/A02636296/2021|A_/_H3N2|1990.4.a|2021-09-30|HA|4|EPI_ISL_14770776","Iowa","2021-09-30"
"A/swine/Iowa/A02525019/2020|A_/_H3N2|unassigned|2020-12-28|HA|4|EPI_ISL_4081914","1990.4.a","A/swine/Iowa/A02525019/2020|A_/_H3N2|1990.4.a|2020-12-28|HA|4|EPI_ISL_4081914","Iowa","2020-12-28"
"A/swine/Ohio/OH21-12955/2021|A_/_H3N2|3C.3a|2021-06-01|HA|4|EPI_ISL_17760618","unassigned","A/swine/Ohio/OH21-12955/2021|A_/_H3N2|3C.3a|2021-06-01|HA|4|EPI_ISL_17760618","Ohio","2021-06-01"
"A/swine/Ohio/OH-13621/2021|A_/_H3N2|3C.3a|2021-06-09|HA|4|EPI_ISL_17471818","unassigned","A/swine/Ohio/OH-13621/2021|A_/_H3N2|3C.3a|2021-06-09|HA|4|EPI_ISL_17471818","Ohio","2021-06-09"
"A/swine/Missouri/A02524680/2020|A_/_H3N2|unassigned|2020-09-29|HA|4|EPI_ISL_697648","1990.4.a","A/swine/Missouri/A02524680/2020|A_/_H3N2|1990.4.a|2020-09-29|HA|4|EPI_ISL_697648","Missouri","2020-09-29"
"A/swine/Missouri/A02524505/2020|A_/_H3N2|unassigned|2020-07-27|HA|4|EPI_ISL_707119","1990.4.a","A/swine/Missouri/A02524505/2020|A_/_H3N2|1990.4.a|2020-07-27|HA|4|EPI_ISL_707119","Missouri","2020-07-27"
"A/swine/Missouri/A02524544/2020|A_/_H3N2|unassigned|2020-08-14|HA|4|EPI_ISL_707240","1990.4.a","A/swine/Missouri/A02524544/2020|A_/_H3N2|1990.4.a|2020-08-14|HA|4|EPI_ISL_707240","Missouri","2020-08-14"
"A/swine/California/A01104142/2020|A_/_H3N2|unassigned|2020-08-25|HA|4|EPI_ISL_707338","1990.4.a","A/swine/California/A01104142/2020|A_/_H3N2|1990.4.a|2020-08-25|HA|4|EPI_ISL_707338","California","2020-08-25"
"A/swine/Ohio/OH20-25043/2020|A_/_H3N2|3C.3a|2020-11-24|HA|4|EPI_ISL_17373117","unassigned","A/swine/Ohio/OH20-25043/2020|A_/_H3N2|3C.3a|2020-11-24|HA|4|EPI_ISL_17373117","Ohio","2020-11-24"
"A/swine/Ohio/OH20-25292/2020|A_/_H3N2|3C.3a|2020-12-01|HA|4|EPI_ISL_17373121","unassigned","A/swine/Ohio/OH20-25292/2020|A_/_H3N2|3C.3a|2020-12-01|HA|4|EPI_ISL_17373121","Ohio","2020-12-01"
"A/swine/Ohio/OH-17708/2021|A_/_H3N2|3C.3a|2021-07-27|HA|4|EPI_ISL_17471849","unassigned","A/swine/Ohio/OH-17708/2021|A_/_H3N2|3C.3a|2021-07-27|HA|4|EPI_ISL_17471849","Ohio","2021-07-27"
"A/swine/Ohio/OH-25591/2021|A_/_H3N2|unassigned|2021-11-02|HA|4|EPI_ISL_17471893","1990.4.a","A/swine/Ohio/OH-25591/2021|A_/_H3N2|1990.4.a|2021-11-02|HA|4|EPI_ISL_17471893","Ohio","2021-11-02"
"A/swine/Illinois/A02636634/2022|A_/_H3N2|unassigned|2022-04-12|HA|4|EPI_ISL_14835657","1990.4.a","A/swine/Illinois/A02636634/2022|A_/_H3N2|1990.4.a|2022-04-12|HA|4|EPI_ISL_14835657","Illinois","2022-04-12"
"A/swine/Ohio/OH-20566/2021|A_/_H3N2|unassigned|2021-09-07|HA|4|EPI_ISL_17471885","1990.4.a","A/swine/Ohio/OH-20566/2021|A_/_H3N2|1990.4.a|2021-09-07|HA|4|EPI_ISL_17471885","Ohio","2021-09-07"
"A/swine/Arizona/A02524632/2020|A_/_H3N2|unassigned|2020-09-11|HA|4|EPI_ISL_697530","1990.4.a","A/swine/Arizona/A02524632/2020|A_/_H3N2|1990.4.a|2020-09-11|HA|4|EPI_ISL_697530","Arizona","2020-09-11"
"A/swine/Ohio/OH20-23119/2020|A_/_H3N2|3C.3a|2020-10-27|HA|4|EPI_ISL_17373103","unassigned","A/swine/Ohio/OH20-23119/2020|A_/_H3N2|3C.3a|2020-10-27|HA|4|EPI_ISL_17373103","Ohio","2020-10-27"
"A/swine/Ohio/OH20-23834/2020|A_/_H3N2|3C.3a|2020-11-05|HA|4|EPI_ISL_17373106","unassigned","A/swine/Ohio/OH20-23834/2020|A_/_H3N2|3C.3a|2020-11-05|HA|4|EPI_ISL_17373106","Ohio","2020-11-05"
"A/swine/Iowa/A02635882/2021|A_/_H3N2|unassigned|2021-06-01|HA|4|EPI_ISL_4084173","1990.4.a","A/swine/Iowa/A02635882/2021|A_/_H3N2|1990.4.a|2021-06-01|HA|4|EPI_ISL_4084173","Iowa","2021-06-01"
"A/swine/Iowa/20TOSU1919/2020|A_/_H3N2|unassigned|2020-07-09|HA|4|EPI_ISL_14224345","1990.4.a","A/swine/Iowa/20TOSU1919/2020|A_/_H3N2|1990.4.a|2020-07-09|HA|4|EPI_ISL_14224345","Iowa","2020-07-09"
"A/swine/Iowa/20TOSU2095/2020|A_/_H3N2|unassigned|2020-07-10|HA|4|EPI_ISL_14224344","unassigned","A/swine/Iowa/20TOSU2095/2020|A_/_H3N2|unassigned|2020-07-10|HA|4|EPI_ISL_14224344","Iowa","2020-07-10"
"A/swine/Iowa/20TOSU2100/2020|A_/_H3N2|unassigned|2020-07-10|HA|4|EPI_ISL_14224347","unassigned","A/swine/Iowa/20TOSU2100/2020|A_/_H3N2|unassigned|2020-07-10|HA|4|EPI_ISL_14224347","Iowa","2020-07-10"
"A/swine/Iowa/20TOSU2096/2020|A_/_H3N2|unassigned|2020-07-10|HA|4|EPI_ISL_14224322","unassigned","A/swine/Iowa/20TOSU2096/2020|A_/_H3N2|unassigned|2020-07-10|HA|4|EPI_ISL_14224322","Iowa","2020-07-10"
"A/swine/Iowa/20TOSU2101/2020|A_/_H3N2|unassigned|2020-07-10|HA|4|EPI_ISL_14224357","unassigned","A/swine/Iowa/20TOSU2101/2020|A_/_H3N2|unassigned|2020-07-10|HA|4|EPI_ISL_14224357","Iowa","2020-07-10"
"A/swine/Iowa/20TOSU2087/2020|A_/_H3N2|unassigned|2020-07-10|HA|4|EPI_ISL_14224314","unassigned","A/swine/Iowa/20TOSU2087/2020|A_/_H3N2|unassigned|2020-07-10|HA|4|EPI_ISL_14224314","Iowa","2020-07-10"
"A/swine/Iowa/20TOSU2253/2020|A_/_H3N2|unassigned|2020-07-10|HA|4|EPI_ISL_14224299","unassigned","A/swine/Iowa/20TOSU2253/2020|A_/_H3N2|unassigned|2020-07-10|HA|4|EPI_ISL_14224299","Iowa","2020-07-10"
"A/swine/Iowa/20TOSU1698/2020|A_/_H3N2|unassigned|2020-07-09|HA|4|EPI_ISL_14224589","unassigned","A/swine/Iowa/20TOSU1698/2020|A_/_H3N2|unassigned|2020-07-09|HA|4|EPI_ISL_14224589","Iowa","2020-07-09"
"A/swine/Iowa/20TOSU1719/2020|A_/_H3N2|unassigned|2020-07-09|HA|4|EPI_ISL_14224439","unassigned","A/swine/Iowa/20TOSU1719/2020|A_/_H3N2|unassigned|2020-07-09|HA|4|EPI_ISL_14224439","Iowa","2020-07-09"
"A/swine/Iowa/20TOSU2326/2020|A_/_H3N2|unassigned|2020-07-10|HA|4|EPI_ISL_14224233","1990.4.a","A/swine/Iowa/20TOSU2326/2020|A_/_H3N2|1990.4.a|2020-07-10|HA|4|EPI_ISL_14224233","Iowa","2020-07-10"
"A/swine/Iowa/20TOSU1803/2020|A_/_H3N2|unassigned|2020-07-09|HA|4|EPI_ISL_14224408","1990.4.a","A/swine/Iowa/20TOSU1803/2020|A_/_H3N2|1990.4.a|2020-07-09|HA|4|EPI_ISL_14224408","Iowa","2020-07-09"
"A/swine/Iowa/20TOSU1703/2020|A_/_H3N2|unassigned|2020-07-09|HA|4|EPI_ISL_14224393","1990.4.a","A/swine/Iowa/20TOSU1703/2020|A_/_H3N2|1990.4.a|2020-07-09|HA|4|EPI_ISL_14224393","Iowa","2020-07-09"
"A/swine/Iowa/20TOSU2179/2020|A_/_H3N2|unassigned|2020-07-10|HA|4|EPI_ISL_14224346","1990.4.a","A/swine/Iowa/20TOSU2179/2020|A_/_H3N2|1990.4.a|2020-07-10|HA|4|EPI_ISL_14224346","Iowa","2020-07-10"
"A/swine/Iowa/20TOSU1950/2020|A_/_H3N2|unassigned|2020-07-09|HA|4|EPI_ISL_14224349","unassigned","A/swine/Iowa/20TOSU1950/2020|A_/_H3N2|unassigned|2020-07-09|HA|4|EPI_ISL_14224349","Iowa","2020-07-09"
"A/swine/Iowa/20TOSU2196/2020|A_/_H3N2|unassigned|2020-07-10|HA|4|EPI_ISL_14224351","unassigned","A/swine/Iowa/20TOSU2196/2020|A_/_H3N2|unassigned|2020-07-10|HA|4|EPI_ISL_14224351","Iowa","2020-07-10"
"A/swine/Iowa/20TOSU2176/2020|A_/_H3N2|unassigned|2020-07-10|HA|4|EPI_ISL_14224350","unassigned","A/swine/Iowa/20TOSU2176/2020|A_/_H3N2|unassigned|2020-07-10|HA|4|EPI_ISL_14224350","Iowa","2020-07-10"
"A/swine/Iowa/20TOSU2182/2020|A_/_H3N2|unassigned|2020-07-10|HA|4|EPI_ISL_14224341","unassigned","A/swine/Iowa/20TOSU2182/2020|A_/_H3N2|unassigned|2020-07-10|HA|4|EPI_ISL_14224341","Iowa","2020-07-10"
"A/swine/Iowa/20TOSU2227/2020|A_/_H3N2|unassigned|2020-07-10|HA|4|EPI_ISL_14224321","unassigned","A/swine/Iowa/20TOSU2227/2020|A_/_H3N2|unassigned|2020-07-10|HA|4|EPI_ISL_14224321","Iowa","2020-07-10"
"A/swine/Iowa/20TOSU2324/2020|A_/_H3N2|unassigned|2020-07-10|HA|4|EPI_ISL_14224320","unassigned","A/swine/Iowa/20TOSU2324/2020|A_/_H3N2|unassigned|2020-07-10|HA|4|EPI_ISL_14224320","Iowa","2020-07-10"
"A/swine/Iowa/20TOSU2254/2020|A_/_H3N2|unassigned|2020-07-10|HA|4|EPI_ISL_14224323","unassigned","A/swine/Iowa/20TOSU2254/2020|A_/_H3N2|unassigned|2020-07-10|HA|4|EPI_ISL_14224323","Iowa","2020-07-10"
"A/swine/Iowa/20TOSU2202/2020|A_/_H3N2|unassigned|2020-07-10|HA|4|EPI_ISL_14224325","unassigned","A/swine/Iowa/20TOSU2202/2020|A_/_H3N2|unassigned|2020-07-10|HA|4|EPI_ISL_14224325","Iowa","2020-07-10"
"A/swine/Iowa/20TOSU1994/2020|A_/_H3N2|unassigned|2020-07-09|HA|4|EPI_ISL_14224327","unassigned","A/swine/Iowa/20TOSU1994/2020|A_/_H3N2|unassigned|2020-07-09|HA|4|EPI_ISL_14224327","Iowa","2020-07-09"
"A/swine/Iowa/20TOSU1952/2020|A_/_H3N2|unassigned|2020-07-09|HA|4|EPI_ISL_14224377","unassigned","A/swine/Iowa/20TOSU1952/2020|A_/_H3N2|unassigned|2020-07-09|HA|4|EPI_ISL_14224377","Iowa","2020-07-09"
"A/swine/Iowa/20TOSU1868/2020|A_/_H3N2|unassigned|2020-07-09|HA|4|EPI_ISL_14224379","unassigned","A/swine/Iowa/20TOSU1868/2020|A_/_H3N2|unassigned|2020-07-09|HA|4|EPI_ISL_14224379","Iowa","2020-07-09"
"A/swine/Iowa/20TOSU1780/2020|A_/_H3N2|unassigned|2020-07-09|HA|4|EPI_ISL_14224381","unassigned","A/swine/Iowa/20TOSU1780/2020|A_/_H3N2|unassigned|2020-07-09|HA|4|EPI_ISL_14224381","Iowa","2020-07-09"
"A/swine/Iowa/20TOSU1630/2020|A_/_H3N2|unassigned|2020-07-08|HA|4|EPI_ISL_14224380","unassigned","A/swine/Iowa/20TOSU1630/2020|A_/_H3N2|unassigned|2020-07-08|HA|4|EPI_ISL_14224380","Iowa","2020-07-08"
"A/swine/Iowa/20TOSU1873/2020|A_/_H3N2|unassigned|2020-07-09|HA|4|EPI_ISL_14224383","unassigned","A/swine/Iowa/20TOSU1873/2020|A_/_H3N2|unassigned|2020-07-09|HA|4|EPI_ISL_14224383","Iowa","2020-07-09"
"A/swine/Iowa/20TOSU2061/2020|A_/_H3N2|unassigned|2020-07-09|HA|4|EPI_ISL_14224368","unassigned","A/swine/Iowa/20TOSU2061/2020|A_/_H3N2|unassigned|2020-07-09|HA|4|EPI_ISL_14224368","Iowa","2020-07-09"
"A/swine/Iowa/20TOSU1870/2020|A_/_H3N2|unassigned|2020-07-09|HA|4|EPI_ISL_14224374","unassigned","A/swine/Iowa/20TOSU1870/2020|A_/_H3N2|unassigned|2020-07-09|HA|4|EPI_ISL_14224374","Iowa","2020-07-09"
"A/swine/Iowa/20TOSU2040/2020|A_/_H3N2|unassigned|2020-07-09|HA|4|EPI_ISL_14224360","unassigned","A/swine/Iowa/20TOSU2040/2020|A_/_H3N2|unassigned|2020-07-09|HA|4|EPI_ISL_14224360","Iowa","2020-07-09"
"A/swine/Iowa/20TOSU1977/2020|A_/_H3N2|unassigned|2020-07-09|HA|4|EPI_ISL_14224355","unassigned","A/swine/Iowa/20TOSU1977/2020|A_/_H3N2|unassigned|2020-07-09|HA|4|EPI_ISL_14224355","Iowa","2020-07-09"
"A/swine/Iowa/20TOSU2192/2020|A_/_H3N2|unassigned|2020-07-10|HA|4|EPI_ISL_14224354","unassigned","A/swine/Iowa/20TOSU2192/2020|A_/_H3N2|unassigned|2020-07-10|HA|4|EPI_ISL_14224354","Iowa","2020-07-10"
"A/swine/Iowa/20TOSU2219/2020|A_/_H3N2|unassigned|2020-07-10|HA|4|EPI_ISL_14224315","unassigned","A/swine/Iowa/20TOSU2219/2020|A_/_H3N2|unassigned|2020-07-10|HA|4|EPI_ISL_14224315","Iowa","2020-07-10"
"A/swine/Iowa/20TOSU2226/2020|A_/_H3N2|unassigned|2020-07-10|HA|4|EPI_ISL_14224309","unassigned","A/swine/Iowa/20TOSU2226/2020|A_/_H3N2|unassigned|2020-07-10|HA|4|EPI_ISL_14224309","Iowa","2020-07-10"
"A/swine/Iowa/20TOSU2107/2020|A_/_H3N2|unassigned|2020-07-10|HA|4|EPI_ISL_14224308","unassigned","A/swine/Iowa/20TOSU2107/2020|A_/_H3N2|unassigned|2020-07-10|HA|4|EPI_ISL_14224308","Iowa","2020-07-10"
"A/swine/Iowa/20TOSU2290/2020|A_/_H3N2|unassigned|2020-07-10|HA|4|EPI_ISL_14224297","unassigned","A/swine/Iowa/20TOSU2290/2020|A_/_H3N2|unassigned|2020-07-10|HA|4|EPI_ISL_14224297","Iowa","2020-07-10"
"A/swine/Iowa/20TOSU2276/2020|A_/_H3N2|unassigned|2020-07-10|HA|4|EPI_ISL_14224292","unassigned","A/swine/Iowa/20TOSU2276/2020|A_/_H3N2|unassigned|2020-07-10|HA|4|EPI_ISL_14224292","Iowa","2020-07-10"
"A/swine/Ohio/20TOSU3556/2020|A_/_H3N2|unassigned|2020-09-16|HA|4|EPI_ISL_14224294","unassigned","A/swine/Ohio/20TOSU3556/2020|A_/_H3N2|unassigned|2020-09-16|HA|4|EPI_ISL_14224294","Ohio","2020-09-16"
"A/swine/Ohio/20TOSU3555/2020|A_/_H3N2|unassigned|2020-09-16|HA|4|EPI_ISL_14224217","unassigned","A/swine/Ohio/20TOSU3555/2020|A_/_H3N2|unassigned|2020-09-16|HA|4|EPI_ISL_14224217","Ohio","2020-09-16"
"A/swine/Iowa/20TOSU2429/2020|A_/_H3N2|unassigned|2020-07-10|HA|4|EPI_ISL_14224216","unassigned","A/swine/Iowa/20TOSU2429/2020|A_/_H3N2|unassigned|2020-07-10|HA|4|EPI_ISL_14224216","Iowa","2020-07-10"
"A/swine/Iowa/20TOSU2286/2020|A_/_H3N2|unassigned|2020-07-10|HA|4|EPI_ISL_14224221","unassigned","A/swine/Iowa/20TOSU2286/2020|A_/_H3N2|unassigned|2020-07-10|HA|4|EPI_ISL_14224221","Iowa","2020-07-10"
"A/swine/Iowa/20TOSU2442/2020|A_/_H3N2|unassigned|2020-07-10|HA|4|EPI_ISL_14224220","unassigned","A/swine/Iowa/20TOSU2442/2020|A_/_H3N2|unassigned|2020-07-10|HA|4|EPI_ISL_14224220","Iowa","2020-07-10"
"A/swine/Iowa/20TOSU2455/2020|A_/_H3N2|unassigned|2020-07-10|HA|4|EPI_ISL_14224222","unassigned","A/swine/Iowa/20TOSU2455/2020|A_/_H3N2|unassigned|2020-07-10|HA|4|EPI_ISL_14224222","Iowa","2020-07-10"
"A/swine/Ohio/20TOSU3549/2020|A_/_H3N2|unassigned|2020-09-16|HA|4|EPI_ISL_14224209","unassigned","A/swine/Ohio/20TOSU3549/2020|A_/_H3N2|unassigned|2020-09-16|HA|4|EPI_ISL_14224209","Ohio","2020-09-16"
"A/swine/Ohio/20TOSU3548/2020|A_/_H3N2|unassigned|2020-09-16|HA|4|EPI_ISL_14224203","unassigned","A/swine/Ohio/20TOSU3548/2020|A_/_H3N2|unassigned|2020-09-16|HA|4|EPI_ISL_14224203","Ohio","2020-09-16"
"A/swine/Ohio/20TOSU2578/2020|A_/_H3N2|unassigned|2020-07-18|HA|4|EPI_ISL_14224192","unassigned","A/swine/Ohio/20TOSU2578/2020|A_/_H3N2|unassigned|2020-07-18|HA|4|EPI_ISL_14224192","Ohio","2020-07-18"
"A/swine/Iowa/20TOSU2284/2020|A_/_H3N2|unassigned|2020-07-10|HA|4|EPI_ISL_14224241","unassigned","A/swine/Iowa/20TOSU2284/2020|A_/_H3N2|unassigned|2020-07-10|HA|4|EPI_ISL_14224241","Iowa","2020-07-10"
"A/swine/Iowa/20TOSU2268/2020|A_/_H3N2|unassigned|2020-07-10|HA|4|EPI_ISL_14224243","unassigned","A/swine/Iowa/20TOSU2268/2020|A_/_H3N2|unassigned|2020-07-10|HA|4|EPI_ISL_14224243","Iowa","2020-07-10"
"A/swine/Iowa/20TOSU2282/2020|A_/_H3N2|unassigned|2020-07-10|HA|4|EPI_ISL_14224234","unassigned","A/swine/Iowa/20TOSU2282/2020|A_/_H3N2|unassigned|2020-07-10|HA|4|EPI_ISL_14224234","Iowa","2020-07-10"
"A/swine/Iowa/20TOSU2271/2020|A_/_H3N2|unassigned|2020-07-10|HA|4|EPI_ISL_14224238","unassigned","A/swine/Iowa/20TOSU2271/2020|A_/_H3N2|unassigned|2020-07-10|HA|4|EPI_ISL_14224238","Iowa","2020-07-10"
"A/swine/Iowa/20TOSU2295/2020|A_/_H3N2|unassigned|2020-07-10|HA|4|EPI_ISL_14224224","unassigned","A/swine/Iowa/20TOSU2295/2020|A_/_H3N2|unassigned|2020-07-10|HA|4|EPI_ISL_14224224","Iowa","2020-07-10"
"A/swine/Iowa/20TOSU2456/2020|A_/_H3N2|unassigned|2020-07-10|HA|4|EPI_ISL_14224226","unassigned","A/swine/Iowa/20TOSU2456/2020|A_/_H3N2|unassigned|2020-07-10|HA|4|EPI_ISL_14224226","Iowa","2020-07-10"
"A/swine/Iowa/20TOSU2300/2020|A_/_H3N2|unassigned|2020-07-10|HA|4|EPI_ISL_14224228","unassigned","A/swine/Iowa/20TOSU2300/2020|A_/_H3N2|unassigned|2020-07-10|HA|4|EPI_ISL_14224228","Iowa","2020-07-10"
"A/swine/Ohio/20TOSU2531/2020|A_/_H3N2|unassigned|2020-07-18|HA|4|EPI_ISL_14224190","unassigned","A/swine/Ohio/20TOSU2531/2020|A_/_H3N2|unassigned|2020-07-18|HA|4|EPI_ISL_14224190","Ohio","2020-07-18"
"A/swine/Iowa/20TOSU1875/2020|A_/_H3N2|unassigned|2020-07-09|HA|4|EPI_ISL_14224409","unassigned","A/swine/Iowa/20TOSU1875/2020|A_/_H3N2|unassigned|2020-07-09|HA|4|EPI_ISL_14224409","Iowa","2020-07-09"
"A/swine/Iowa/20TOSU1552/2020|A_/_H3N2|unassigned|2020-07-08|HA|4|EPI_ISL_14224411","unassigned","A/swine/Iowa/20TOSU1552/2020|A_/_H3N2|unassigned|2020-07-08|HA|4|EPI_ISL_14224411","Iowa","2020-07-08"
"A/swine/Iowa/20TOSU1567/2020|A_/_H3N2|unassigned|2020-07-08|HA|4|EPI_ISL_14224401","unassigned","A/swine/Iowa/20TOSU1567/2020|A_/_H3N2|unassigned|2020-07-08|HA|4|EPI_ISL_14224401","Iowa","2020-07-08"
"A/swine/Iowa/20TOSU1675/2020|A_/_H3N2|unassigned|2020-07-08|HA|4|EPI_ISL_14224402","unassigned","A/swine/Iowa/20TOSU1675/2020|A_/_H3N2|unassigned|2020-07-08|HA|4|EPI_ISL_14224402","Iowa","2020-07-08"
"A/swine/Iowa/20TOSU1563/2020|A_/_H3N2|unassigned|2020-07-08|HA|4|EPI_ISL_14224405","unassigned","A/swine/Iowa/20TOSU1563/2020|A_/_H3N2|unassigned|2020-07-08|HA|4|EPI_ISL_14224405","Iowa","2020-07-08"
"A/swine/Iowa/20TOSU1864/2020|A_/_H3N2|unassigned|2020-07-09|HA|4|EPI_ISL_14224404","unassigned","A/swine/Iowa/20TOSU1864/2020|A_/_H3N2|unassigned|2020-07-09|HA|4|EPI_ISL_14224404","Iowa","2020-07-09"
"A/swine/Iowa/20TOSU1618/2020|A_/_H3N2|unassigned|2020-07-08|HA|4|EPI_ISL_14224396","unassigned","A/swine/Iowa/20TOSU1618/2020|A_/_H3N2|unassigned|2020-07-08|HA|4|EPI_ISL_14224396","Iowa","2020-07-08"
"A/swine/Iowa/20TOSU1852/2020|A_/_H3N2|unassigned|2020-07-09|HA|4|EPI_ISL_14224398","unassigned","A/swine/Iowa/20TOSU1852/2020|A_/_H3N2|unassigned|2020-07-09|HA|4|EPI_ISL_14224398","Iowa","2020-07-09"
"A/swine/Iowa/20TOSU1672/2020|A_/_H3N2|unassigned|2020-07-08|HA|4|EPI_ISL_14224385","unassigned","A/swine/Iowa/20TOSU1672/2020|A_/_H3N2|unassigned|2020-07-08|HA|4|EPI_ISL_14224385","Iowa","2020-07-08"
"A/swine/Iowa/20TOSU1806/2020|A_/_H3N2|unassigned|2020-07-09|HA|4|EPI_ISL_14224390","unassigned","A/swine/Iowa/20TOSU1806/2020|A_/_H3N2|unassigned|2020-07-09|HA|4|EPI_ISL_14224390","Iowa","2020-07-09"
"A/swine/Iowa/20TOSU2116/2020|A_/_H3N2|unassigned|2020-07-10|HA|4|EPI_ISL_14224337","1990.4.a","A/swine/Iowa/20TOSU2116/2020|A_/_H3N2|1990.4.a|2020-07-10|HA|4|EPI_ISL_14224337","Iowa","2020-07-10"
"A/swine/Iowa/20TOSU2172/2020|A_/_H3N2|unassigned|2020-07-10|HA|4|EPI_ISL_14224367","unassigned","A/swine/Iowa/20TOSU2172/2020|A_/_H3N2|unassigned|2020-07-10|HA|4|EPI_ISL_14224367","Iowa","2020-07-10"
"A/swine/Iowa/20TOSU2312/2020|A_/_H3N2|unassigned|2020-07-10|HA|4|EPI_ISL_14224301","unassigned","A/swine/Iowa/20TOSU2312/2020|A_/_H3N2|unassigned|2020-07-10|HA|4|EPI_ISL_14224301","Iowa","2020-07-10"
"A/swine/Ohio/20TOSU2573/2020|A_/_H3N2|unassigned|2020-07-18|HA|4|EPI_ISL_14224195","unassigned","A/swine/Ohio/20TOSU2573/2020|A_/_H3N2|unassigned|2020-07-18|HA|4|EPI_ISL_14224195","Ohio","2020-07-18"
"A/swine/Iowa/20TOSU1320/2020|A_/_H3N2|unassigned|2020-07-08|HA|4|EPI_ISL_14224586","unassigned","A/swine/Iowa/20TOSU1320/2020|A_/_H3N2|unassigned|2020-07-08|HA|4|EPI_ISL_14224586","Iowa","2020-07-08"
"A/swine/Iowa/20TOSU2310/2020|A_/_H3N2|unassigned|2020-07-10|HA|4|EPI_ISL_14224263","1990.4.a","A/swine/Iowa/20TOSU2310/2020|A_/_H3N2|1990.4.a|2020-07-10|HA|4|EPI_ISL_14224263","Iowa","2020-07-10"
"A/swine/Iowa/20TOSU1855/2020|A_/_H3N2|unassigned|2020-07-09|HA|4|EPI_ISL_14224412","unassigned","A/swine/Iowa/20TOSU1855/2020|A_/_H3N2|unassigned|2020-07-09|HA|4|EPI_ISL_14224412","Iowa","2020-07-09"
"A/swine/Iowa/20TOSU1854/2020|A_/_H3N2|unassigned|2020-07-09|HA|4|EPI_ISL_14224400","unassigned","A/swine/Iowa/20TOSU1854/2020|A_/_H3N2|unassigned|2020-07-09|HA|4|EPI_ISL_14224400","Iowa","2020-07-09"
"A/swine/Iowa/20TOSU2301/2020|A_/_H3N2|unassigned|2020-07-10|HA|4|EPI_ISL_14224295","1990.4.a","A/swine/Iowa/20TOSU2301/2020|A_/_H3N2|1990.4.a|2020-07-10|HA|4|EPI_ISL_14224295","Iowa","2020-07-10"
"A/swine/Iowa/20TOSU1615/2020|A_/_H3N2|unassigned|2020-07-08|HA|4|EPI_ISL_14224384","unassigned","A/swine/Iowa/20TOSU1615/2020|A_/_H3N2|unassigned|2020-07-08|HA|4|EPI_ISL_14224384","Iowa","2020-07-08"
"A/swine/Iowa/20TOSU1793/2020|A_/_H3N2|unassigned|2020-07-09|HA|4|EPI_ISL_14224590","unassigned","A/swine/Iowa/20TOSU1793/2020|A_/_H3N2|unassigned|2020-07-09|HA|4|EPI_ISL_14224590","Iowa","2020-07-09"
"A/swine/Iowa/20TOSU1811/2020|A_/_H3N2|unassigned|2020-07-09|HA|4|EPI_ISL_14224391","1990.4.a","A/swine/Iowa/20TOSU1811/2020|A_/_H3N2|1990.4.a|2020-07-09|HA|4|EPI_ISL_14224391","Iowa","2020-07-09"
"A/swine/Iowa/20TOSU1980/2020|A_/_H3N2|unassigned|2020-07-09|HA|4|EPI_ISL_14224340","unassigned","A/swine/Iowa/20TOSU1980/2020|A_/_H3N2|unassigned|2020-07-09|HA|4|EPI_ISL_14224340","Iowa","2020-07-09"
"A/swine/Iowa/20TOSU2042/2020|A_/_H3N2|unassigned|2020-07-09|HA|4|EPI_ISL_14224328","unassigned","A/swine/Iowa/20TOSU2042/2020|A_/_H3N2|unassigned|2020-07-09|HA|4|EPI_ISL_14224328","Iowa","2020-07-09"
"A/swine/Iowa/20TOSU2032/2020|A_/_H3N2|unassigned|2020-07-09|HA|4|EPI_ISL_14224331","unassigned","A/swine/Iowa/20TOSU2032/2020|A_/_H3N2|unassigned|2020-07-09|HA|4|EPI_ISL_14224331","Iowa","2020-07-09"
"A/swine/Iowa/20TOSU2021/2020|A_/_H3N2|unassigned|2020-07-09|HA|4|EPI_ISL_14224335","unassigned","A/swine/Iowa/20TOSU2021/2020|A_/_H3N2|unassigned|2020-07-09|HA|4|EPI_ISL_14224335","Iowa","2020-07-09"
"A/swine/Iowa/20TOSU1402/2020|A_/_H3N2|unassigned|2020-07-08|HA|4|EPI_ISL_14224378","unassigned","A/swine/Iowa/20TOSU1402/2020|A_/_H3N2|unassigned|2020-07-08|HA|4|EPI_ISL_14224378","Iowa","2020-07-08"
"A/swine/Iowa/20TOSU1979/2020|A_/_H3N2|unassigned|2020-07-09|HA|4|EPI_ISL_14224361","unassigned","A/swine/Iowa/20TOSU1979/2020|A_/_H3N2|unassigned|2020-07-09|HA|4|EPI_ISL_14224361","Iowa","2020-07-09"
"A/swine/Iowa/20TOSU2185/2020|A_/_H3N2|unassigned|2020-07-10|HA|4|EPI_ISL_14224363","unassigned","A/swine/Iowa/20TOSU2185/2020|A_/_H3N2|unassigned|2020-07-10|HA|4|EPI_ISL_14224363","Iowa","2020-07-10"
"A/swine/Iowa/20TOSU2081/2020|A_/_H3N2|unassigned|2020-07-10|HA|4|EPI_ISL_14224362","unassigned","A/swine/Iowa/20TOSU2081/2020|A_/_H3N2|unassigned|2020-07-10|HA|4|EPI_ISL_14224362","Iowa","2020-07-10"
"A/swine/Iowa/20TOSU2186/2020|A_/_H3N2|unassigned|2020-07-10|HA|4|EPI_ISL_14224358","unassigned","A/swine/Iowa/20TOSU2186/2020|A_/_H3N2|unassigned|2020-07-10|HA|4|EPI_ISL_14224358","Iowa","2020-07-10"
"A/swine/Iowa/20TOSU1991/2020|A_/_H3N2|unassigned|2020-07-09|HA|4|EPI_ISL_14224311","unassigned","A/swine/Iowa/20TOSU1991/2020|A_/_H3N2|unassigned|2020-07-09|HA|4|EPI_ISL_14224311","Iowa","2020-07-09"
"A/swine/Iowa/20TOSU2266/2020|A_/_H3N2|unassigned|2020-07-10|HA|4|EPI_ISL_14224240","unassigned","A/swine/Iowa/20TOSU2266/2020|A_/_H3N2|unassigned|2020-07-10|HA|4|EPI_ISL_14224240","Iowa","2020-07-10"
"A/swine/Iowa/20TOSU2220/2020|A_/_H3N2|unassigned|2020-07-10|HA|4|EPI_ISL_14224244","unassigned","A/swine/Iowa/20TOSU2220/2020|A_/_H3N2|unassigned|2020-07-10|HA|4|EPI_ISL_14224244","Iowa","2020-07-10"
"A/swine/Iowa/20TOSU2177/2020|A_/_H3N2|unassigned|2020-07-10|HA|4|EPI_ISL_14224356","1990.4.a","A/swine/Iowa/20TOSU2177/2020|A_/_H3N2|1990.4.a|2020-07-10|HA|4|EPI_ISL_14224356","Iowa","2020-07-10"
"A/swine/Iowa/20TOSU1998/2020|A_/_H3N2|unassigned|2020-07-09|HA|4|EPI_ISL_14224304","unassigned","A/swine/Iowa/20TOSU1998/2020|A_/_H3N2|unassigned|2020-07-09|HA|4|EPI_ISL_14224304","Iowa","2020-07-09"
"A/swine/Iowa/20TOSU2126/2020|A_/_H3N2|unassigned|2020-07-10|HA|4|EPI_ISL_14224359","1990.4.a","A/swine/Iowa/20TOSU2126/2020|A_/_H3N2|1990.4.a|2020-07-10|HA|4|EPI_ISL_14224359","Iowa","2020-07-10"
"A/swine/Iowa/20TOSU2197/2020|A_/_H3N2|unassigned|2020-07-10|HA|4|EPI_ISL_14224310","1990.4.a","A/swine/Iowa/20TOSU2197/2020|A_/_H3N2|1990.4.a|2020-07-10|HA|4|EPI_ISL_14224310","Iowa","2020-07-10"
"A/swine/Iowa/20TOSU2407/2020|A_/_H3N2|unassigned|2020-07-10|HA|4|EPI_ISL_14224194","1990.4.a","A/swine/Iowa/20TOSU2407/2020|A_/_H3N2|1990.4.a|2020-07-10|HA|4|EPI_ISL_14224194","Iowa","2020-07-10"
"A/swine/Oklahoma/20TOSU3395/2020|A_/_H3N2|unassigned|2020-09-05|HA|4|EPI_ISL_14224227","1990.4.a","A/swine/Oklahoma/20TOSU3395/2020|A_/_H3N2|1990.4.a|2020-09-05|HA|4|EPI_ISL_14224227","Oklahoma","2020-09-05"
"A/swine/Iowa/20TOSU2004/2020|A_/_H3N2|unassigned|2020-07-09|HA|4|EPI_ISL_14224343","1990.4.a","A/swine/Iowa/20TOSU2004/2020|A_/_H3N2|1990.4.a|2020-07-09|HA|4|EPI_ISL_14224343","Iowa","2020-07-09"
"A/swine/Iowa/20TOSU2408/2020|A_/_H3N2|unassigned|2020-07-10|HA|4|EPI_ISL_14224193","unassigned","A/swine/Iowa/20TOSU2408/2020|A_/_H3N2|unassigned|2020-07-10|HA|4|EPI_ISL_14224193","Iowa","2020-07-10"
"A/swine/Iowa/20TOSU2415/2020|A_/_H3N2|unassigned|2020-07-10|HA|4|EPI_ISL_14224183","unassigned","A/swine/Iowa/20TOSU2415/2020|A_/_H3N2|unassigned|2020-07-10|HA|4|EPI_ISL_14224183","Iowa","2020-07-10"
"A/swine/Iowa/20TOSU1528/2020|A_/_H3N2|unassigned|2020-07-08|HA|4|EPI_ISL_14224388","unassigned","A/swine/Iowa/20TOSU1528/2020|A_/_H3N2|unassigned|2020-07-08|HA|4|EPI_ISL_14224388","Iowa","2020-07-08"
"A/swine/Iowa/20TOSU1848/2020|A_/_H3N2|unassigned|2020-07-09|HA|4|EPI_ISL_14224392","1990.4.a","A/swine/Iowa/20TOSU1848/2020|A_/_H3N2|1990.4.a|2020-07-09|HA|4|EPI_ISL_14224392","Iowa","2020-07-09"
"A/swine/Iowa/20TOSU2141/2020|A_/_H3N2|unassigned|2020-07-10|HA|4|EPI_ISL_14224330","1990.4.a","A/swine/Iowa/20TOSU2141/2020|A_/_H3N2|1990.4.a|2020-07-10|HA|4|EPI_ISL_14224330","Iowa","2020-07-10"
"A/swine/Iowa/20TOSU2074/2020|A_/_H3N2|unassigned|2020-07-09|HA|4|EPI_ISL_14224366","1990.4.a","A/swine/Iowa/20TOSU2074/2020|A_/_H3N2|1990.4.a|2020-07-09|HA|4|EPI_ISL_14224366","Iowa","2020-07-09"
"A/swine/Iowa/20TOSU2424/2020|A_/_H3N2|unassigned|2020-07-10|HA|4|EPI_ISL_14224201","unassigned","A/swine/Iowa/20TOSU2424/2020|A_/_H3N2|unassigned|2020-07-10|HA|4|EPI_ISL_14224201","Iowa","2020-07-10"
"A/swine/Iowa/20TOSU2413/2020|A_/_H3N2|unassigned|2020-07-10|HA|4|EPI_ISL_14224231","unassigned","A/swine/Iowa/20TOSU2413/2020|A_/_H3N2|unassigned|2020-07-10|HA|4|EPI_ISL_14224231","Iowa","2020-07-10"
"A/swine/Iowa/20TOSU1478/2020|A_/_H3N2|unassigned|2020-07-08|HA|4|EPI_ISL_14224588","unassigned","A/swine/Iowa/20TOSU1478/2020|A_/_H3N2|unassigned|2020-07-08|HA|4|EPI_ISL_14224588","Iowa","2020-07-08"
"A/swine/Iowa/20TOSU1058/2020|A_/_H3N2|unassigned|2020-07-07|HA|4|EPI_ISL_14224394","1990.4.a","A/swine/Iowa/20TOSU1058/2020|A_/_H3N2|1990.4.a|2020-07-07|HA|4|EPI_ISL_14224394","Iowa","2020-07-07"
"A/swine/Indiana/20TOSU5763/2020|A_/_H3N2|unassigned|2020-10-03|HA|4|EPI_ISL_14224186","1990.4.a","A/swine/Indiana/20TOSU5763/2020|A_/_H3N2|1990.4.a|2020-10-03|HA|4|EPI_ISL_14224186","Indiana","2020-10-03"
"A/swine/Ohio/20TOSU3229/2020|A_/_H3N2|unassigned|2020-08-28|HA|4|EPI_ISL_14224208","1990.4.a","A/swine/Ohio/20TOSU3229/2020|A_/_H3N2|1990.4.a|2020-08-28|HA|4|EPI_ISL_14224208","Ohio","2020-08-28"
"A/swine/Ohio/20TOSU3248/2020|A_/_H3N2|unassigned|2020-08-28|HA|4|EPI_ISL_14224200","unassigned","A/swine/Ohio/20TOSU3248/2020|A_/_H3N2|unassigned|2020-08-28|HA|4|EPI_ISL_14224200","Ohio","2020-08-28"
"A/swine/Ohio/20TOSU3240/2020|A_/_H3N2|unassigned|2020-08-28|HA|4|EPI_ISL_14224204","unassigned","A/swine/Ohio/20TOSU3240/2020|A_/_H3N2|unassigned|2020-08-28|HA|4|EPI_ISL_14224204","Ohio","2020-08-28"
"A/swine/Ohio/20TOSU3244/2020|A_/_H3N2|unassigned|2020-08-28|HA|4|EPI_ISL_14224199","unassigned","A/swine/Ohio/20TOSU3244/2020|A_/_H3N2|unassigned|2020-08-28|HA|4|EPI_ISL_14224199","Ohio","2020-08-28"
"A/swine/Ohio/20TOSU3238/2020|A_/_H3N2|unassigned|2020-08-28|HA|4|EPI_ISL_14224225","unassigned","A/swine/Ohio/20TOSU3238/2020|A_/_H3N2|unassigned|2020-08-28|HA|4|EPI_ISL_14224225","Ohio","2020-08-28"
"A/swine/Ohio/20TOSU3227/2020|A_/_H3N2|unassigned|2020-08-28|HA|4|EPI_ISL_14224229","unassigned","A/swine/Ohio/20TOSU3227/2020|A_/_H3N2|unassigned|2020-08-28|HA|4|EPI_ISL_14224229","Ohio","2020-08-28"
"A/swine/Ohio/20TOSU3241/2020|A_/_H3N2|unassigned|2020-08-28|HA|4|EPI_ISL_14224184","unassigned","A/swine/Ohio/20TOSU3241/2020|A_/_H3N2|unassigned|2020-08-28|HA|4|EPI_ISL_14224184","Ohio","2020-08-28"
"A/swine/Ohio/20TOSU3230/2020|A_/_H3N2|unassigned|2020-08-28|HA|4|EPI_ISL_14224187","unassigned","A/swine/Ohio/20TOSU3230/2020|A_/_H3N2|unassigned|2020-08-28|HA|4|EPI_ISL_14224187","Ohio","2020-08-28"
"A/swine/Ohio/20TOSU3133/2020|A_/_H3N2|unassigned|2020-08-17|HA|4|EPI_ISL_14224205","1990.4.a","A/swine/Ohio/20TOSU3133/2020|A_/_H3N2|1990.4.a|2020-08-17|HA|4|EPI_ISL_14224205","Ohio","2020-08-17"
"A/swine/Iowa/A02636493/2022|A_/_H3N2|unassigned|2022-02-15|HA|4|EPI_ISL_14777887","1990.4.a","A/swine/Iowa/A02636493/2022|A_/_H3N2|1990.4.a|2022-02-15|HA|4|EPI_ISL_14777887","Iowa","2022-02-15"
"A/swine/Iowa/A02636490/2022|A_/_H3N2|unassigned|2022-02-14|HA|4|EPI_ISL_14777813","1990.4.a","A/swine/Iowa/A02636490/2022|A_/_H3N2|1990.4.a|2022-02-14|HA|4|EPI_ISL_14777813","Iowa","2022-02-14"
"A/swine/Minnesota/A02245828/2020|A_/_H3N2|unassigned|2020-12-11|HA|4|EPI_ISL_4081886","1990.4.a","A/swine/Minnesota/A02245828/2020|A_/_H3N2|1990.4.a|2020-12-11|HA|4|EPI_ISL_4081886","Minnesota","2020-12-11"
"A/swine/Indiana/A02245511/2020|A_/_H3N2|unassigned|2020-02-24|HA|4|EPI_ISL_503902","1990.4.a","A/swine/Indiana/A02245511/2020|A_/_H3N2|1990.4.a|2020-02-24|HA|4|EPI_ISL_503902","Indiana","2020-02-24"
"A/swine/Minnesota/A02245533/2020|A_/_H3N2|unassigned|2020-03-18|HA|4|EPI_ISL_504048","1990.4.a","A/swine/Minnesota/A02245533/2020|A_/_H3N2|1990.4.a|2020-03-18|HA|4|EPI_ISL_504048","Minnesota","2020-03-18"
"A/swine/Illinois/A02478926/2019|A_/_H3N2|unassigned|2019-11-25|HA|4|EPI_ISL_503943","1990.4.a","A/swine/Illinois/A02478926/2019|A_/_H3N2|1990.4.a|2019-11-25|HA|4|EPI_ISL_503943","Illinois","2019-11-25"
"A/swine/Illinois/A02479170/2020|A_/_H3N2|unassigned|2020-03-23|HA|4|EPI_ISL_504147","unassigned","A/swine/Illinois/A02479170/2020|A_/_H3N2|unassigned|2020-03-23|HA|4|EPI_ISL_504147","Illinois","2020-03-23"
"A/swine/Indiana/A02479023/2020|A_/_H3N2|unassigned|2020-01-21|HA|4|EPI_ISL_501282","1990.4.a","A/swine/Indiana/A02479023/2020|A_/_H3N2|1990.4.a|2020-01-21|HA|4|EPI_ISL_501282","Indiana","2020-01-21"
"A/swine/Illinois/A02479016/2020|A_/_H3N2|unassigned|2020-01-20|HA|4|EPI_ISL_501281","unassigned","A/swine/Illinois/A02479016/2020|A_/_H3N2|unassigned|2020-01-20|HA|4|EPI_ISL_501281","Illinois","2020-01-20"
"A/swine/Iowa/A02479008/2020|A_/_H3N2|unassigned|2020-01-21|HA|4|EPI_ISL_503384","unassigned","A/swine/Iowa/A02479008/2020|A_/_H3N2|unassigned|2020-01-21|HA|4|EPI_ISL_503384","Iowa","2020-01-21"
"A/swine/Indiana/A01812301/2020|A_/_H3N2|unassigned|2020-01-17|HA|4|EPI_ISL_503426","unassigned","A/swine/Indiana/A01812301/2020|A_/_H3N2|unassigned|2020-01-17|HA|4|EPI_ISL_503426","Indiana","2020-01-17"
"A/swine/Indiana/A02479428/2020|A_/_H3N2|unassigned|2020-06-04|HA|4|EPI_ISL_499202","1990.4.a","A/swine/Indiana/A02479428/2020|A_/_H3N2|1990.4.a|2020-06-04|HA|4|EPI_ISL_499202","Indiana","2020-06-04"
"A/swine/Iowa/A02479140/2020|A_/_H3N2|unassigned|2020-03-11|HA|4|EPI_ISL_504129","1990.4.a","A/swine/Iowa/A02479140/2020|A_/_H3N2|1990.4.a|2020-03-11|HA|4|EPI_ISL_504129","Iowa","2020-03-11"
"A/swine/Iowa/A02478494/2019|A_/_H3N2|unassigned|2019-05-16|HA|4|EPI_ISL_368842","1990.4.a","A/swine/Iowa/A02478494/2019|A_/_H3N2|1990.4.a|2019-05-16|HA|4|EPI_ISL_368842","Iowa","2019-05-16"
"A/swine/Iowa/A02478455/2019|A_/_H3N2|unassigned|2019-04-25|HA|4|EPI_ISL_387818","unassigned","A/swine/Iowa/A02478455/2019|A_/_H3N2|unassigned|2019-04-25|HA|4|EPI_ISL_387818","Iowa","2019-04-25"
"A/swine/Iowa/A02478449/2019|A_/_H3N2|unassigned|2019-04-26|HA|4|EPI_ISL_387843","unassigned","A/swine/Iowa/A02478449/2019|A_/_H3N2|unassigned|2019-04-26|HA|4|EPI_ISL_387843","Iowa","2019-04-26"
"A/swine/Indiana/A02478844/2019|A_/_H3N2|unassigned|2019-11-04|HA|4|EPI_ISL_505621","1990.4.a","A/swine/Indiana/A02478844/2019|A_/_H3N2|1990.4.a|2019-11-04|HA|4|EPI_ISL_505621","Indiana","2019-11-04"
"A/swine/Indiana/A02478732/2019|A_/_H3N2|unassigned|2019-10-08|HA|4|EPI_ISL_399396","unassigned","A/swine/Indiana/A02478732/2019|A_/_H3N2|unassigned|2019-10-08|HA|4|EPI_ISL_399396","Indiana","2019-10-08"
"A/swine/Indiana/A02478980/2020|A_/_H3N2|unassigned|2020-01-06|HA|4|EPI_ISL_502043","unassigned","A/swine/Indiana/A02478980/2020|A_/_H3N2|unassigned|2020-01-06|HA|4|EPI_ISL_502043","Indiana","2020-01-06"
"A/swine/Indiana/A02478966/2019|A_/_H3N2|unassigned|2019-12-27|HA|4|EPI_ISL_503331","unassigned","A/swine/Indiana/A02478966/2019|A_/_H3N2|unassigned|2019-12-27|HA|4|EPI_ISL_503331","Indiana","2019-12-27"
"A/swine/Ohio/A02478819/2019|A_/_H3N2|unassigned|2019-10-29|HA|4|EPI_ISL_503385","unassigned","A/swine/Ohio/A02478819/2019|A_/_H3N2|unassigned|2019-10-29|HA|4|EPI_ISL_503385","Ohio","2019-10-29"
"A/swine/North_Carolina/A02245394/2020(H3N2)|A_/_H3N2|unassigned|2020-01-17|HA|4|EPI_ISL_503410","unassigned","A/swine/North Carolina/A02245394/2020(H3N2)|A_/_H3N2|unassigned|2020-01-17|HA|4|EPI_ISL_503410","North Carolina","2020-01-17"
"A/swine/Ohio/A02478686/2019|A_/_H3N2|unassigned|2019-09-17|HA|4|EPI_ISL_396960","unassigned","A/swine/Ohio/A02478686/2019|A_/_H3N2|unassigned|2019-09-17|HA|4|EPI_ISL_396960","Ohio","2019-09-17"
"A/swine/Indiana/A02479057/2020|A_/_H3N2|unassigned|2020-02-12|HA|4|EPI_ISL_503731","unassigned","A/swine/Indiana/A02479057/2020|A_/_H3N2|unassigned|2020-02-12|HA|4|EPI_ISL_503731","Indiana","2020-02-12"
"A/swine/Indiana/A02479029/2019(H3N2)|A_/_H3N2|unassigned|2019-12-31|HA|4|EPI_ISL_505000","1990.4.a","A/swine/Indiana/A02479029/2019(H3N2)|A_/_H3N2|1990.4.a|2019-12-31|HA|4|EPI_ISL_505000","Indiana","2019-12-31"
"A/swine/Ohio/A02245339/2019|A_/_H3N2|unassigned|2019-11-19|HA|4|EPI_ISL_505704","1990.4.a","A/swine/Ohio/A02245339/2019|A_/_H3N2|1990.4.a|2019-11-19|HA|4|EPI_ISL_505704","Ohio","2019-11-19"
"A/swine/Indiana/A02478925/2019|A_/_H3N2|unassigned|2019-11-26|HA|4|EPI_ISL_505922","1990.4.a","A/swine/Indiana/A02478925/2019|A_/_H3N2|1990.4.a|2019-11-26|HA|4|EPI_ISL_505922","Indiana","2019-11-26"
"A/swine/Iowa/A02479047/2020|A_/_H3N2|unassigned|2020-02-03|HA|4|EPI_ISL_503614","1990.4.a","A/swine/Iowa/A02479047/2020|A_/_H3N2|1990.4.a|2020-02-03|HA|4|EPI_ISL_503614","Iowa","2020-02-03"
"A/swine/Iowa/A02478649/2019|A_/_H3N2|unassigned|2019-09-09|HA|4|EPI_ISL_393540","1990.4.a","A/swine/Iowa/A02478649/2019|A_/_H3N2|1990.4.a|2019-09-09|HA|4|EPI_ISL_393540","Iowa","2019-09-09"
"A/swine/Indiana/A02479025/2020|A_/_H3N2|unassigned|2020-01-21|HA|4|EPI_ISL_503439","1990.4.a","A/swine/Indiana/A02479025/2020|A_/_H3N2|1990.4.a|2020-01-21|HA|4|EPI_ISL_503439","Indiana","2020-01-21"
"A/swine/Indiana/A02479009/2020|A_/_H3N2|unassigned|2020-01-24|HA|4|EPI_ISL_503445","unassigned","A/swine/Indiana/A02479009/2020|A_/_H3N2|unassigned|2020-01-24|HA|4|EPI_ISL_503445","Indiana","2020-01-24"
"A/swine/Indiana/A02478733/2019|A_/_H3N2|unassigned|2019-10-01|HA|4|EPI_ISL_399414","1990.4.a","A/swine/Indiana/A02478733/2019|A_/_H3N2|1990.4.a|2019-10-01|HA|4|EPI_ISL_399414","Indiana","2019-10-01"
"A/swine/Indiana/A02478978/2019|A_/_H3N2|unassigned|2019-12-31|HA|4|EPI_ISL_503334","1990.4.a","A/swine/Indiana/A02478978/2019|A_/_H3N2|1990.4.a|2019-12-31|HA|4|EPI_ISL_503334","Indiana","2019-12-31"
"A/swine/Indiana/A01812302/2020|A_/_H3N2|unassigned|2020-01-28|HA|4|EPI_ISL_503427.1","unassigned","A/swine/Indiana/A01812302/2020|A_/_H3N2|unassigned|2020-01-28|HA|4|EPI_ISL_503427.1","Indiana","2020-01-28"
"A/swine/Iowa/A02429953/2019|A_/_H3N2|unassigned|2019-01-22|HA|4|EPI_ISL_373537","1990.4.a","A/swine/Iowa/A02429953/2019|A_/_H3N2|1990.4.a|2019-01-22|HA|4|EPI_ISL_373537","Iowa","2019-01-22"
"A/swine/Iowa/A02430278/2019|A_/_H3N2|unassigned|2019-02-08|HA|4|EPI_ISL_370659","unassigned","A/swine/Iowa/A02430278/2019|A_/_H3N2|unassigned|2019-02-08|HA|4|EPI_ISL_370659","Iowa","2019-02-08"
"A/swine/Indiana/A02479148/2020|A_/_H3N2|unassigned|2020-03-18|HA|4|EPI_ISL_504079","1990.4.a","A/swine/Indiana/A02479148/2020|A_/_H3N2|1990.4.a|2020-03-18|HA|4|EPI_ISL_504079","Indiana","2020-03-18"
"A/swine/Illinois/A02478564/2019|A_/_H3N2|unassigned|2019-06-21|HA|4|EPI_ISL_372918","1990.4.a","A/swine/Illinois/A02478564/2019|A_/_H3N2|1990.4.a|2019-06-21|HA|4|EPI_ISL_372918","Illinois","2019-06-21"
"A/swine/Illinois/A02478554/2019|A_/_H3N2|unassigned|2019-06-10|HA|4|EPI_ISL_372913","unassigned","A/swine/Illinois/A02478554/2019|A_/_H3N2|unassigned|2019-06-10|HA|4|EPI_ISL_372913","Illinois","2019-06-10"
"A/swine/Illinois/A02478493/2019|A_/_H3N2|unassigned|2019-05-14|HA|4|EPI_ISL_368841","unassigned","A/swine/Illinois/A02478493/2019|A_/_H3N2|unassigned|2019-05-14|HA|4|EPI_ISL_368841","Illinois","2019-05-14"
"A/swine/Illinois/A02478510/2019|A_/_H3N2|unassigned|2019-05-22|HA|4|EPI_ISL_369153","unassigned","A/swine/Illinois/A02478510/2019|A_/_H3N2|unassigned|2019-05-22|HA|4|EPI_ISL_369153","Illinois","2019-05-22"
"A/swine/Iowa/A02478636/2019|A_/_H3N2|unassigned|2019-08-26|HA|4|EPI_ISL_393551","1990.4.a","A/swine/Iowa/A02478636/2019|A_/_H3N2|1990.4.a|2019-08-26|HA|4|EPI_ISL_393551","Iowa","2019-08-26"
"A/swine/Indiana/A02478727/2019|A_/_H3N2|unassigned|2019-10-04|HA|4|EPI_ISL_399407","1990.4.a","A/swine/Indiana/A02478727/2019|A_/_H3N2|1990.4.a|2019-10-04|HA|4|EPI_ISL_399407","Indiana","2019-10-04"
"A/swine/Iowa/A02478825/2019|A_/_H3N2|unassigned|2019-10-29|HA|4|EPI_ISL_505612","1990.4.a","A/swine/Iowa/A02478825/2019|A_/_H3N2|1990.4.a|2019-10-29|HA|4|EPI_ISL_505612","Iowa","2019-10-29"
"A/swine/Iowa/A02478600/2019|A_/_H3N2|unassigned|2019-07-26|HA|4|EPI_ISL_388669","1990.4.a","A/swine/Iowa/A02478600/2019|A_/_H3N2|1990.4.a|2019-07-26|HA|4|EPI_ISL_388669","Iowa","2019-07-26"
"A/swine/Indiana/A02478818/2019|A_/_H3N2|unassigned|2019-10-28|HA|4|EPI_ISL_503406","1990.4.a","A/swine/Indiana/A02478818/2019|A_/_H3N2|1990.4.a|2019-10-28|HA|4|EPI_ISL_503406","Indiana","2019-10-28"
"A/swine/Indiana/A02478626/2019|A_/_H3N2|unassigned|2019-08-22|HA|4|EPI_ISL_393511","1990.4.a","A/swine/Indiana/A02478626/2019|A_/_H3N2|1990.4.a|2019-08-22|HA|4|EPI_ISL_393511","Indiana","2019-08-22"
"A/swine/North_Carolina/A02478858/2019|A_/_H3N2|unassigned|2019-11-11|HA|4|EPI_ISL_505620","1990.4.a","A/swine/North Carolina/A02478858/2019|A_/_H3N2|1990.4.a|2019-11-11|HA|4|EPI_ISL_505620","North Carolina","2019-11-11"
"A/swine/North_Carolina/A02479237/2020|A_/_H3N2|unassigned|2020-04-16|HA|4|EPI_ISL_502851","1990.4.a","A/swine/North Carolina/A02479237/2020|A_/_H3N2|1990.4.a|2020-04-16|HA|4|EPI_ISL_502851","North Carolina","2020-04-16"
"A/swine/North_Carolina/A02245253/2019|A_/_H3N2|unassigned|2019-09-19|HA|4|EPI_ISL_396973","unassigned","A/swine/North Carolina/A02245253/2019|A_/_H3N2|unassigned|2019-09-19|HA|4|EPI_ISL_396973","North Carolina","2019-09-19"
"A/swine/North_Carolina/A02479010/2020|A_/_H3N2|unassigned|2020-01-22|HA|4|EPI_ISL_503430","1990.4.a","A/swine/North Carolina/A02479010/2020|A_/_H3N2|1990.4.a|2020-01-22|HA|4|EPI_ISL_503430","North Carolina","2020-01-22"
"A/swine/North_Carolina/A02245385/2020|A_/_H3N2|unassigned|2020-01-10|HA|4|EPI_ISL_503469","1990.4.a","A/swine/North Carolina/A02245385/2020|A_/_H3N2|1990.4.a|2020-01-10|HA|4|EPI_ISL_503469","North Carolina","2020-01-10"
"A/swine/North_Carolina/A02524538/2020|A_/_H3N2|unassigned|2020-08-06|HA|4|EPI_ISL_707228","1990.4.a","A/swine/North Carolina/A02524538/2020|A_/_H3N2|1990.4.a|2020-08-06|HA|4|EPI_ISL_707228","North Carolina","2020-08-06"
"A/swine/North_Carolina/A02524603/2020|A_/_H3N2|unassigned|2020-09-08|HA|4|EPI_ISL_707308","1990.4.a","A/swine/North Carolina/A02524603/2020|A_/_H3N2|1990.4.a|2020-09-08|HA|4|EPI_ISL_707308","North Carolina","2020-09-08"
"A/swine/Iowa/A02479154/2020|A_/_H3N2|unassigned|2020-03-19|HA|4|EPI_ISL_504086","1990.4.a","A/swine/Iowa/A02479154/2020|A_/_H3N2|1990.4.a|2020-03-19|HA|4|EPI_ISL_504086","Iowa","2020-03-19"
"A/swine/Iowa/A02524435/2020|A_/_H3N2|unassigned|2020-06-18|HA|4|EPI_ISL_499248","1990.4.a","A/swine/Iowa/A02524435/2020|A_/_H3N2|1990.4.a|2020-06-18|HA|4|EPI_ISL_499248","Iowa","2020-06-18"
"A/swine/Iowa/A02479100/2020|A_/_H3N2|unassigned|2020-02-25|HA|4|EPI_ISL_503918","1990.4.a","A/swine/Iowa/A02479100/2020|A_/_H3N2|1990.4.a|2020-02-25|HA|4|EPI_ISL_503918","Iowa","2020-02-25"
"A/swine/Michigan/A02479000/2020|A_/_H3N2|unassigned|2020-01-16|HA|4|EPI_ISL_502400","1990.4.a","A/swine/Michigan/A02479000/2020|A_/_H3N2|1990.4.a|2020-01-16|HA|4|EPI_ISL_502400","Michigan","2020-01-16"
"A/swine/Illinois/A02479045/2020|A_/_H3N2|unassigned|2020-02-03|HA|4|EPI_ISL_503620","1990.4.a","A/swine/Illinois/A02479045/2020|A_/_H3N2|1990.4.a|2020-02-03|HA|4|EPI_ISL_503620","Illinois","2020-02-03"
"A/swine/Iowa/A02431613/2019|A_/_H3N2|unassigned|2019-03-21|HA|4|EPI_ISL_370240","1990.4.a","A/swine/Iowa/A02431613/2019|A_/_H3N2|1990.4.a|2019-03-21|HA|4|EPI_ISL_370240","Iowa","2019-03-21"
"A/swine/Virginia/A01104140/2019|A_/_H3N2|unassigned|2019-12-27|HA|4|EPI_ISL_503925","1990.4.a","A/swine/Virginia/A01104140/2019|A_/_H3N2|1990.4.a|2019-12-27|HA|4|EPI_ISL_503925","Virginia","2019-12-27"
"A/swine/Indiana/A02479161/2020|A_/_H3N2|unassigned|2020-03-24|HA|4|EPI_ISL_504133","unassigned","A/swine/Indiana/A02479161/2020|A_/_H3N2|unassigned|2020-03-24|HA|4|EPI_ISL_504133","Indiana","2020-03-24"
"A/swine/Pennsylvania/A02479125/2020|A_/_H3N2|unassigned|2020-03-11|HA|4|EPI_ISL_503977","1990.4.a","A/swine/Pennsylvania/A02479125/2020|A_/_H3N2|1990.4.a|2020-03-11|HA|4|EPI_ISL_503977","Pennsylvania","2020-03-11"
"A/swine/Ohio/OH20-6892/2020|A_/_H3N2|3C.3a|2020-04-01|HA|4|EPI_ISL_17373134","unassigned","A/swine/Ohio/OH20-6892/2020|A_/_H3N2|3C.3a|2020-04-01|HA|4|EPI_ISL_17373134","Ohio","2020-04-01"
"A/swine/Pennsylvania/A02525008/2020|A_/_H3N2|unassigned|2020-12-18|HA|4|EPI_ISL_4081907","1990.4.a","A/swine/Pennsylvania/A02525008/2020|A_/_H3N2|1990.4.a|2020-12-18|HA|4|EPI_ISL_4081907","Pennsylvania","2020-12-18"
"A/swine/Pennsylvania/A02525116/2021|A_/_H3N2|unassigned|2021-01-26|HA|4|EPI_ISL_4081993","unassigned","A/swine/Pennsylvania/A02525116/2021|A_/_H3N2|unassigned|2021-01-26|HA|4|EPI_ISL_4081993","Pennsylvania","2021-01-26"
"A/swine/Ohio/OH20-10493/2020|A_/_H3N2|3C.3a|2020-05-22|HA|4|EPI_ISL_17373083","unassigned","A/swine/Ohio/OH20-10493/2020|A_/_H3N2|3C.3a|2020-05-22|HA|4|EPI_ISL_17373083","Ohio","2020-05-22"
"A/swine/Ohio/OH20-10115/2020|A_/_H3N2|3C.3a|2020-05-19|HA|4|EPI_ISL_17373082","unassigned","A/swine/Ohio/OH20-10115/2020|A_/_H3N2|3C.3a|2020-05-19|HA|4|EPI_ISL_17373082","Ohio","2020-05-19"
"A/swine/Ohio/OH20-11097/2020|A_/_H3N2|3C.3a|2020-06-01|HA|4|EPI_ISL_17373087","unassigned","A/swine/Ohio/OH20-11097/2020|A_/_H3N2|3C.3a|2020-06-01|HA|4|EPI_ISL_17373087","Ohio","2020-06-01"
"A/swine/Ohio/OH20-10686/2020|A_/_H3N2|3C.3a|2020-05-27|HA|4|EPI_ISL_17373086","unassigned","A/swine/Ohio/OH20-10686/2020|A_/_H3N2|3C.3a|2020-05-27|HA|4|EPI_ISL_17373086","Ohio","2020-05-27"
"A/swine/Ohio/OH20-6741/2020|A_/_H3N2|3C.3a|2020-03-30|HA|4|EPI_ISL_17373133","unassigned","A/swine/Ohio/OH20-6741/2020|A_/_H3N2|3C.3a|2020-03-30|HA|4|EPI_ISL_17373133","Ohio","2020-03-30"
"A/swine/Ohio/OH20-8521/2020|A_/_H3N2|3C.3a|2020-04-29|HA|4|EPI_ISL_17373138","unassigned","A/swine/Ohio/OH20-8521/2020|A_/_H3N2|3C.3a|2020-04-29|HA|4|EPI_ISL_17373138","Ohio","2020-04-29"
"A/swine/Indiana/A02524539/2020|A_/_H3N2|unassigned|2020-08-07|HA|4|EPI_ISL_707226","1990.4.a","A/swine/Indiana/A02524539/2020|A_/_H3N2|1990.4.a|2020-08-07|HA|4|EPI_ISL_707226","Indiana","2020-08-07"
"A/swine/Ohio/OH20-10685/2020|A_/_H3N2|3C.3a|2020-05-27|HA|4|EPI_ISL_17373085","unassigned","A/swine/Ohio/OH20-10685/2020|A_/_H3N2|3C.3a|2020-05-27|HA|4|EPI_ISL_17373085","Ohio","2020-05-27"
"A/swine/Ohio/OH20-17380/2020|A_/_H3N2|3C.3a|2020-08-14|HA|4|EPI_ISL_17373099","unassigned","A/swine/Ohio/OH20-17380/2020|A_/_H3N2|3C.3a|2020-08-14|HA|4|EPI_ISL_17373099","Ohio","2020-08-14"
"A/swine/Ohio/OH20-15002/2020|A_/_H3N2|3C.3a|2020-07-14|HA|4|EPI_ISL_17373094","unassigned","A/swine/Ohio/OH20-15002/2020|A_/_H3N2|3C.3a|2020-07-14|HA|4|EPI_ISL_17373094","Ohio","2020-07-14"
"A/swine/Ohio/OH20-22800/2020|A_/_H3N2|3C.3a|2020-10-22|HA|4|EPI_ISL_17373102","unassigned","A/swine/Ohio/OH20-22800/2020|A_/_H3N2|3C.3a|2020-10-22|HA|4|EPI_ISL_17373102","Ohio","2020-10-22"
"A/swine/Ohio/OH20-15586/2020|A_/_H3N2|3C.3a|2020-07-22|HA|4|EPI_ISL_17373095","unassigned","A/swine/Ohio/OH20-15586/2020|A_/_H3N2|3C.3a|2020-07-22|HA|4|EPI_ISL_17373095","Ohio","2020-07-22"
"A/swine/Pennsylvania/A02479139/2020|A_/_H3N2|unassigned|2020-03-19|HA|4|EPI_ISL_504067","1990.4.a","A/swine/Pennsylvania/A02479139/2020|A_/_H3N2|1990.4.a|2020-03-19|HA|4|EPI_ISL_504067","Pennsylvania","2020-03-19"
"A/swine/North_Carolina/A02245252/2019|A_/_H3N2|unassigned|2019-09-19|HA|4|EPI_ISL_396974","1990.4.a","A/swine/North Carolina/A02245252/2019|A_/_H3N2|1990.4.a|2019-09-19|HA|4|EPI_ISL_396974","North Carolina","2019-09-19"
"A/swine/Indiana/A02478890/2019|A_/_H3N2|unassigned|2019-11-19|HA|4|EPI_ISL_503966","1990.4.a","A/swine/Indiana/A02478890/2019|A_/_H3N2|1990.4.a|2019-11-19|HA|4|EPI_ISL_503966","Indiana","2019-11-19"
"A/swine/Iowa/A02478529/2019|A_/_H3N2|unassigned|2019-06-05|HA|4|EPI_ISL_372423","1990.4.a","A/swine/Iowa/A02478529/2019|A_/_H3N2|1990.4.a|2019-06-05|HA|4|EPI_ISL_372423","Iowa","2019-06-05"
"A/swine/Iowa/A02478758/2019|A_/_H3N2|unassigned|2019-10-07|HA|4|EPI_ISL_399607","1990.4.a","A/swine/Iowa/A02478758/2019|A_/_H3N2|1990.4.a|2019-10-07|HA|4|EPI_ISL_399607","Iowa","2019-10-07"
"A/swine/Iowa/A02478782/2019|A_/_H3N2|unassigned|2019-10-15|HA|4|EPI_ISL_399716","1990.4.a","A/swine/Iowa/A02478782/2019|A_/_H3N2|1990.4.a|2019-10-15|HA|4|EPI_ISL_399716","Iowa","2019-10-15"
"A/swine/Iowa/A02478542/2019|A_/_H3N2|unassigned|2019-06-14|HA|4|EPI_ISL_372504","1990.4.a","A/swine/Iowa/A02478542/2019|A_/_H3N2|1990.4.a|2019-06-14|HA|4|EPI_ISL_372504","Iowa","2019-06-14"
"A/swine/Iowa/A02478536/2019|A_/_H3N2|unassigned|2019-06-03|HA|4|EPI_ISL_372425","1990.4.a","A/swine/Iowa/A02478536/2019|A_/_H3N2|1990.4.a|2019-06-03|HA|4|EPI_ISL_372425","Iowa","2019-06-03"
"A/swine/Indiana/A02635923/2021|A_/_H3N2|unassigned|2021-06-16|HA|4|EPI_ISL_4084491","1990.4.a","A/swine/Indiana/A02635923/2021|A_/_H3N2|1990.4.a|2021-06-16|HA|4|EPI_ISL_4084491","Indiana","2021-06-16"
"A/swine/Ohio/OH20-24338/2020|A_/_H3N2|3C.3a|2020-11-13|HA|4|EPI_ISL_17373110","unassigned","A/swine/Ohio/OH20-24338/2020|A_/_H3N2|3C.3a|2020-11-13|HA|4|EPI_ISL_17373110","Ohio","2020-11-13"
"A/swine/Ohio/OH20-26583/2020|A_/_H3N2|3C.3a|2020-12-16|HA|4|EPI_ISL_17373126","unassigned","A/swine/Ohio/OH20-26583/2020|A_/_H3N2|3C.3a|2020-12-16|HA|4|EPI_ISL_17373126","Ohio","2020-12-16"
"A/swine/Indiana/OH-7093/2021|A_/_H3N2|3C.3a|2021-03-29|HA|4|EPI_ISL_17471719","unassigned","A/swine/Indiana/OH-7093/2021|A_/_H3N2|3C.3a|2021-03-29|HA|4|EPI_ISL_17471719","Indiana","2021-03-29"
"A/swine/Indiana/A02524738/2020|A_/_H3N2|unassigned|2020-10-14|HA|4|EPI_ISL_697755","1990.4.a","A/swine/Indiana/A02524738/2020|A_/_H3N2|1990.4.a|2020-10-14|HA|4|EPI_ISL_697755","Indiana","2020-10-14"
"A/swine/Ohio/OH20-25166/2020|A_/_H3N2|3C.3a|2020-11-25|HA|4|EPI_ISL_17373119","unassigned","A/swine/Ohio/OH20-25166/2020|A_/_H3N2|3C.3a|2020-11-25|HA|4|EPI_ISL_17373119","Ohio","2020-11-25"
"A/swine/Ohio/OH-1033/2021|A_/_H3N2|3C.3a|2021-01-15|HA|4|EPI_ISL_17471722","unassigned","A/swine/Ohio/OH-1033/2021|A_/_H3N2|3C.3a|2021-01-15|HA|4|EPI_ISL_17471722","Ohio","2021-01-15"
"A/swine/Indiana/OH-5789/2021|A_/_H3N2|3C.3a|2021-03-18|HA|4|EPI_ISL_17471718","unassigned","A/swine/Indiana/OH-5789/2021|A_/_H3N2|3C.3a|2021-03-18|HA|4|EPI_ISL_17471718","Indiana","2021-03-18"
"A/swine/Indiana/A02635711/2021|A_/_H3N2|unassigned|2021-04-19|HA|4|EPI_ISL_4083621","1990.4.a","A/swine/Indiana/A02635711/2021|A_/_H3N2|1990.4.a|2021-04-19|HA|4|EPI_ISL_4083621","Indiana","2021-04-19"
"A/swine/Ohio/OH-20511/2021|A_/_H3N2|3C.3a|2021-09-03|HA|4|EPI_ISL_17471855","unassigned","A/swine/Ohio/OH-20511/2021|A_/_H3N2|3C.3a|2021-09-03|HA|4|EPI_ISL_17471855","Ohio","2021-09-03"
"A/swine/Iowa/A02524509/2020|A_/_H3N2|unassigned|2020-07-29|HA|4|EPI_ISL_707115","1990.4.a","A/swine/Iowa/A02524509/2020|A_/_H3N2|1990.4.a|2020-07-29|HA|4|EPI_ISL_707115","Iowa","2020-07-29"
"A/swine/Ohio/A02524675/2020|A_/_H3N2|unassigned|2020-09-28|HA|4|EPI_ISL_697654","1990.4.a","A/swine/Ohio/A02524675/2020|A_/_H3N2|1990.4.a|2020-09-28|HA|4|EPI_ISL_697654","Ohio","2020-09-28"
"A/swine/Ohio/OH20-16985/2020|A_/_H3N2|3C.3a|2020-08-10|HA|4|EPI_ISL_17373098","unassigned","A/swine/Ohio/OH20-16985/2020|A_/_H3N2|3C.3a|2020-08-10|HA|4|EPI_ISL_17373098","Ohio","2020-08-10"
"A/swine/Ohio/A02524859/2020|A_/_H3N2|unassigned|2020-11-04|HA|4|EPI_ISL_4081680","unassigned","A/swine/Ohio/A02524859/2020|A_/_H3N2|unassigned|2020-11-04|HA|4|EPI_ISL_4081680","Ohio","2020-11-04"
"A/swine/North_Carolina/A02479327/2020|A_/_H3N2|unassigned|2020-05-14|HA|4|EPI_ISL_501743","1990.4.a","A/swine/North Carolina/A02479327/2020|A_/_H3N2|1990.4.a|2020-05-14|HA|4|EPI_ISL_501743","North Carolina","2020-05-14"
"A/swine/Ohio/A02479175/2020|A_/_H3N2|unassigned|2020-03-24|HA|4|EPI_ISL_504145","1990.4.a","A/swine/Ohio/A02479175/2020|A_/_H3N2|1990.4.a|2020-03-24|HA|4|EPI_ISL_504145","Ohio","2020-03-24"
"A/swine/Indiana/A02478996/2020(H3N2)|A_/_H3N2|unassigned|2020-01-09|HA|4|EPI_ISL_504997","1990.4.a","A/swine/Indiana/A02478996/2020(H3N2)|A_/_H3N2|1990.4.a|2020-01-09|HA|4|EPI_ISL_504997","Indiana","2020-01-09"
"A/swine/Indiana/A02478983/2020(H3N2)|A_/_H3N2|unassigned|2020-01-09|HA|4|EPI_ISL_504994","unassigned","A/swine/Indiana/A02478983/2020(H3N2)|A_/_H3N2|unassigned|2020-01-09|HA|4|EPI_ISL_504994","Indiana","2020-01-09"
"A/swine/Indiana/A02479020/2020|A_/_H3N2|unassigned|2020-01-22|HA|4|EPI_ISL_503443","unassigned","A/swine/Indiana/A02479020/2020|A_/_H3N2|unassigned|2020-01-22|HA|4|EPI_ISL_503443","Indiana","2020-01-22"
"A/swine/Illinois/A02524655/2020|A_/_H3N2|unassigned|2020-09-22|HA|4|EPI_ISL_697524","1990.4.a","A/swine/Illinois/A02524655/2020|A_/_H3N2|1990.4.a|2020-09-22|HA|4|EPI_ISL_697524","Illinois","2020-09-22"
"A/swine/Ohio/28146/2019|A_/_H3N2|3C.3a|2019-12-30|HA|4|EPI_ISL_17204298","unassigned","A/swine/Ohio/28146/2019|A_/_H3N2|3C.3a|2019-12-30|HA|4|EPI_ISL_17204298","Ohio","2019-12-30"
"A/swine/Ohio/28128/2019|A_/_H3N2|3C.3a|2019-12-30|HA|4|EPI_ISL_17204310","unassigned","A/swine/Ohio/28128/2019|A_/_H3N2|3C.3a|2019-12-30|HA|4|EPI_ISL_17204310","Ohio","2019-12-30"
"A/swine/Ohio/A02478879/2019|A_/_H3N2|unassigned|2019-11-14|HA|4|EPI_ISL_505710","1990.4.a","A/swine/Ohio/A02478879/2019|A_/_H3N2|1990.4.a|2019-11-14|HA|4|EPI_ISL_505710","Ohio","2019-11-14"
"A/swine/Ohio/A02478896/2019|A_/_H3N2|unassigned|2019-11-19|HA|4|EPI_ISL_505934","unassigned","A/swine/Ohio/A02478896/2019|A_/_H3N2|unassigned|2019-11-19|HA|4|EPI_ISL_505934","Ohio","2019-11-19"
"A/swine/Indiana/A02478921/2019|A_/_H3N2|unassigned|2019-11-26|HA|4|EPI_ISL_505930","unassigned","A/swine/Indiana/A02478921/2019|A_/_H3N2|unassigned|2019-11-26|HA|4|EPI_ISL_505930","Indiana","2019-11-26"
"A/swine/Ohio/A02478897/2019|A_/_H3N2|unassigned|2019-11-19|HA|4|EPI_ISL_505936","unassigned","A/swine/Ohio/A02478897/2019|A_/_H3N2|unassigned|2019-11-19|HA|4|EPI_ISL_505936","Ohio","2019-11-19"
"A/swine/Ohio/OH20-11715/2020|A_/_H3N2|3C.3a|2020-06-09|HA|4|EPI_ISL_17373091","unassigned","A/swine/Ohio/OH20-11715/2020|A_/_H3N2|3C.3a|2020-06-09|HA|4|EPI_ISL_17373091","Ohio","2020-06-09"
"A/swine/Ohio/OH20-7443/2020|A_/_H3N2|3C.3a|2020-04-10|HA|4|EPI_ISL_17373135","unassigned","A/swine/Ohio/OH20-7443/2020|A_/_H3N2|3C.3a|2020-04-10|HA|4|EPI_ISL_17373135","Ohio","2020-04-10"
"A/swine/Ohio/OH20-8813/2020|A_/_H3N2|3C.3a|2020-05-04|HA|4|EPI_ISL_17373140","unassigned","A/swine/Ohio/OH20-8813/2020|A_/_H3N2|3C.3a|2020-05-04|HA|4|EPI_ISL_17373140","Ohio","2020-05-04"
"A/swine/Ohio/OH20-1952/2020|A_/_H3N2|3C.3a|2020-01-29|HA|4|EPI_ISL_17373100","unassigned","A/swine/Ohio/OH20-1952/2020|A_/_H3N2|3C.3a|2020-01-29|HA|4|EPI_ISL_17373100","Ohio","2020-01-29"
"A/swine/Ohio/OH20-24947/2020|A_/_H3N2|3C.3a|2020-11-20|HA|4|EPI_ISL_17373114","unassigned","A/swine/Ohio/OH20-24947/2020|A_/_H3N2|3C.3a|2020-11-20|HA|4|EPI_ISL_17373114","Ohio","2020-11-20"
"A/swine/Ohio/OH20-24948/2020|A_/_H3N2|3C.3a|2020-11-20|HA|4|EPI_ISL_17373115","unassigned","A/swine/Ohio/OH20-24948/2020|A_/_H3N2|3C.3a|2020-11-20|HA|4|EPI_ISL_17373115","Ohio","2020-11-20"
"A/swine/Ohio/A02524829/2020|A_/_H3N2|unassigned|2020-10-29|HA|4|EPI_ISL_4081629","1990.4.a","A/swine/Ohio/A02524829/2020|A_/_H3N2|1990.4.a|2020-10-29|HA|4|EPI_ISL_4081629","Ohio","2020-10-29"
"A/swine/Indiana/OH20-12429/2020|A_/_H3N2|3C.3a|2020-06-16|HA|4|EPI_ISL_17373079","unassigned","A/swine/Indiana/OH20-12429/2020|A_/_H3N2|3C.3a|2020-06-16|HA|4|EPI_ISL_17373079","Indiana","2020-06-16"
"A/swine/Ohio/A02479354/2020|A_/_H3N2|unassigned|2020-05-19|HA|4|EPI_ISL_501780","1990.4.a","A/swine/Ohio/A02479354/2020|A_/_H3N2|1990.4.a|2020-05-19|HA|4|EPI_ISL_501780","Ohio","2020-05-19"
"A/swine/Ohio/OH20-14132/2020|A_/_H3N2|3C.3a|2020-07-02|HA|4|EPI_ISL_17373092","unassigned","A/swine/Ohio/OH20-14132/2020|A_/_H3N2|3C.3a|2020-07-02|HA|4|EPI_ISL_17373092","Ohio","2020-07-02"
"A/swine/Ohio/OH20-11160/2020|A_/_H3N2|3C.3a|2020-06-02|HA|4|EPI_ISL_17373089","unassigned","A/swine/Ohio/OH20-11160/2020|A_/_H3N2|3C.3a|2020-06-02|HA|4|EPI_ISL_17373089","Ohio","2020-06-02"
"A/swine/Ohio/OH20-11699/2020|A_/_H3N2|3C.3a|2020-06-09|HA|4|EPI_ISL_17373090","unassigned","A/swine/Ohio/OH20-11699/2020|A_/_H3N2|3C.3a|2020-06-09|HA|4|EPI_ISL_17373090","Ohio","2020-06-09"
"A/swine/Ohio/OH20-6729/2020|A_/_H3N2|3C.3a|2020-03-30|HA|4|EPI_ISL_17373132","unassigned","A/swine/Ohio/OH20-6729/2020|A_/_H3N2|3C.3a|2020-03-30|HA|4|EPI_ISL_17373132","Ohio","2020-03-30"
"A/swine/Ohio/A02479264/2020|A_/_H3N2|unassigned|2020-04-19|HA|4|EPI_ISL_502847","1990.4.a","A/swine/Ohio/A02479264/2020|A_/_H3N2|1990.4.a|2020-04-19|HA|4|EPI_ISL_502847","Ohio","2020-04-19"
"A/swine/Ohio/A02479280/2020|A_/_H3N2|unassigned|2020-04-24|HA|4|EPI_ISL_502893","unassigned","A/swine/Ohio/A02479280/2020|A_/_H3N2|unassigned|2020-04-24|HA|4|EPI_ISL_502893","Ohio","2020-04-24"
"A/swine/Indiana/A02524424/2020|A_/_H3N2|unassigned|2020-06-10|HA|4|EPI_ISL_499224","1990.4.a","A/swine/Indiana/A02524424/2020|A_/_H3N2|1990.4.a|2020-06-10|HA|4|EPI_ISL_499224","Indiana","2020-06-10"
"A/swine/Indiana/A01812311/2020|A_/_H3N2|unassigned|2020-08-31|HA|4|EPI_ISL_707335","1990.4.a","A/swine/Indiana/A01812311/2020|A_/_H3N2|1990.4.a|2020-08-31|HA|4|EPI_ISL_707335","Indiana","2020-08-31"
"A/swine/Iowa/A02524706/2020|A_/_H3N2|unassigned|2020-10-06|HA|4|EPI_ISL_697699","1990.4.a","A/swine/Iowa/A02524706/2020|A_/_H3N2|1990.4.a|2020-10-06|HA|4|EPI_ISL_697699","Iowa","2020-10-06"
"A/swine/Iowa/A02479421/2020|A_/_H3N2|unassigned|2020-06-06|HA|4|EPI_ISL_499199","1990.4.a","A/swine/Iowa/A02479421/2020|A_/_H3N2|1990.4.a|2020-06-06|HA|4|EPI_ISL_499199","Iowa","2020-06-06"
"A/swine/Indiana/A02479085/2020|A_/_H3N2|unassigned|2020-02-26|HA|4|EPI_ISL_503911","1990.4.a","A/swine/Indiana/A02479085/2020|A_/_H3N2|1990.4.a|2020-02-26|HA|4|EPI_ISL_503911","Indiana","2020-02-26"
"A/swine/Indiana/A01812303/2020|A_/_H3N2|unassigned|2020-01-30|HA|4|EPI_ISL_503428","1990.4.a","A/swine/Indiana/A01812303/2020|A_/_H3N2|1990.4.a|2020-01-30|HA|4|EPI_ISL_503428","Indiana","2020-01-30"
"A/swine/Indiana/A01812302/2020|A_/_H3N2|unassigned|2020-01-28|HA|4|EPI_ISL_503427","unassigned","A/swine/Indiana/A01812302/2020|A_/_H3N2|unassigned|2020-01-28|HA|4|EPI_ISL_503427","Indiana","2020-01-28"
"A/swine/Indiana/A02479123/2020|A_/_H3N2|unassigned|2020-03-10|HA|4|EPI_ISL_503973","1990.4.a","A/swine/Indiana/A02479123/2020|A_/_H3N2|1990.4.a|2020-03-10|HA|4|EPI_ISL_503973","Indiana","2020-03-10"
"A/swine/Missouri/A02479183/2020|A_/_H3N2|unassigned|2020-03-26|HA|4|EPI_ISL_502565","unassigned","A/swine/Missouri/A02479183/2020|A_/_H3N2|unassigned|2020-03-26|HA|4|EPI_ISL_502565","Missouri","2020-03-26"
"A/swine/Michigan/A02479277/2020|A_/_H3N2|unassigned|2020-04-26|HA|4|EPI_ISL_502890","unassigned","A/swine/Michigan/A02479277/2020|A_/_H3N2|unassigned|2020-04-26|HA|4|EPI_ISL_502890","Michigan","2020-04-26"
"A/swine/Illinois/A02524485/2020|A_/_H3N2|unassigned|2020-07-10|HA|4|EPI_ISL_700971","1990.4.a","A/swine/Illinois/A02524485/2020|A_/_H3N2|1990.4.a|2020-07-10|HA|4|EPI_ISL_700971","Illinois","2020-07-10"
"A/swine/Illinois/A02524405/2020|A_/_H3N2|unassigned|2020-07-10|HA|4|EPI_ISL_706287","unassigned","A/swine/Illinois/A02524405/2020|A_/_H3N2|unassigned|2020-07-10|HA|4|EPI_ISL_706287","Illinois","2020-07-10"
"A/swine/Iowa/A02478604/2019|A_/_H3N2|unassigned|2019-08-01|HA|4|EPI_ISL_389843","1990.4.a","A/swine/Iowa/A02478604/2019|A_/_H3N2|1990.4.a|2019-08-01|HA|4|EPI_ISL_389843","Iowa","2019-08-01"
"A/swine/Iowa/A02478584/2019|A_/_H3N2|unassigned|2019-07-10|HA|4|EPI_ISL_381685","1990.4.a","A/swine/Iowa/A02478584/2019|A_/_H3N2|1990.4.a|2019-07-10|HA|4|EPI_ISL_381685","Iowa","2019-07-10"
"A/swine/North_Carolina/A02478666/2019|A_/_H3N2|unassigned|2019-09-12|HA|4|EPI_ISL_396146","1990.4.a","A/swine/North Carolina/A02478666/2019|A_/_H3N2|1990.4.a|2019-09-12|HA|4|EPI_ISL_396146","North Carolina","2019-09-12"
"A/swine/North_Carolina/A02479052/2020|A_/_H3N2|unassigned|2020-02-06|HA|4|EPI_ISL_503616","1990.4.a","A/swine/North Carolina/A02479052/2020|A_/_H3N2|1990.4.a|2020-02-06|HA|4|EPI_ISL_503616","North Carolina","2020-02-06"
"A/swine/Iowa/A02478617/2019|A_/_H3N2|unassigned|2019-08-19|HA|4|EPI_ISL_393493","1990.4.a","A/swine/Iowa/A02478617/2019|A_/_H3N2|1990.4.a|2019-08-19|HA|4|EPI_ISL_393493","Iowa","2019-08-19"
"A/swine/North_Carolina/A02245567/2020|A_/_H3N2|unassigned|2020-03-27|HA|4|EPI_ISL_504161","1990.4.a","A/swine/North Carolina/A02245567/2020|A_/_H3N2|1990.4.a|2020-03-27|HA|4|EPI_ISL_504161","North Carolina","2020-03-27"
"A/swine/North_Carolina/A02524712/2020|A_/_H3N2|unassigned|2020-10-08|HA|4|EPI_ISL_697710","1990.4.a","A/swine/North Carolina/A02524712/2020|A_/_H3N2|1990.4.a|2020-10-08|HA|4|EPI_ISL_697710","North Carolina","2020-10-08"
"A/swine/North_Carolina/A02245294/2019|A_/_H3N2|unassigned|2019-10-15|HA|4|EPI_ISL_399443","1990.4.a","A/swine/North Carolina/A02245294/2019|A_/_H3N2|1990.4.a|2019-10-15|HA|4|EPI_ISL_399443","North Carolina","2019-10-15"
"A/swine/North_Carolina/A02524916/2020|A_/_H3N2|unassigned|2020-11-18|HA|4|EPI_ISL_4081801","1990.4.a","A/swine/North Carolina/A02524916/2020|A_/_H3N2|1990.4.a|2020-11-18|HA|4|EPI_ISL_4081801","North Carolina","2020-11-18"
"A/swine/Indiana/A02479381/2020|A_/_H3N2|unassigned|2020-05-28|HA|4|EPI_ISL_502064","1990.4.a","A/swine/Indiana/A02479381/2020|A_/_H3N2|1990.4.a|2020-05-28|HA|4|EPI_ISL_502064","Indiana","2020-05-28"
"A/swine/Iowa/A02245753/2020|A_/_H3N2|unassigned|2020-10-19|HA|4|EPI_ISL_697742","1990.4.a","A/swine/Iowa/A02245753/2020|A_/_H3N2|1990.4.a|2020-10-19|HA|4|EPI_ISL_697742","Iowa","2020-10-19"
"A/swine/Iowa/A02245769/2020|A_/_H3N2|unassigned|2020-10-22|HA|4|EPI_ISL_4081673","1990.4.a","A/swine/Iowa/A02245769/2020|A_/_H3N2|1990.4.a|2020-10-22|HA|4|EPI_ISL_4081673","Iowa","2020-10-22"
"A/swine/Iowa/A02479225/2020|A_/_H3N2|unassigned|2020-04-15|HA|4|EPI_ISL_502867","1990.4.a","A/swine/Iowa/A02479225/2020|A_/_H3N2|1990.4.a|2020-04-15|HA|4|EPI_ISL_502867","Iowa","2020-04-15"
"A/swine/Minnesota/A02245643/2020|A_/_H3N2|unassigned|2020-05-13|HA|4|EPI_ISL_501771","1990.4.a","A/swine/Minnesota/A02245643/2020|A_/_H3N2|1990.4.a|2020-05-13|HA|4|EPI_ISL_501771","Minnesota","2020-05-13"
"A/swine/Minnesota/A02245709/2020|A_/_H3N2|unassigned|2020-09-03|HA|4|EPI_ISL_707323","1990.4.a","A/swine/Minnesota/A02245709/2020|A_/_H3N2|1990.4.a|2020-09-03|HA|4|EPI_ISL_707323","Minnesota","2020-09-03"
"A/swine/Iowa/A02245386/2020(H3N2)|A_/_H3N2|unassigned|2020-01-09|HA|4|EPI_ISL_503407","1990.4.a","A/swine/Iowa/A02245386/2020(H3N2)|A_/_H3N2|1990.4.a|2020-01-09|HA|4|EPI_ISL_503407","Iowa","2020-01-09"
"A/swine/Minnesota/A02245661/2020|A_/_H3N2|unassigned|2020-05-27|HA|4|EPI_ISL_502053","1990.4.a","A/swine/Minnesota/A02245661/2020|A_/_H3N2|1990.4.a|2020-05-27|HA|4|EPI_ISL_502053","Minnesota","2020-05-27"
"A/swine/Minnesota/A02245660/2020|A_/_H3N2|unassigned|2020-05-26|HA|4|EPI_ISL_502052","1990.4.a","A/swine/Minnesota/A02245660/2020|A_/_H3N2|1990.4.a|2020-05-26|HA|4|EPI_ISL_502052","Minnesota","2020-05-26"
"A/swine/Indiana/A02636320/2021|A_/_H3N2|unassigned|2021-09-29|HA|4|EPI_ISL_14770631","1990.4.a","A/swine/Indiana/A02636320/2021|A_/_H3N2|1990.4.a|2021-09-29|HA|4|EPI_ISL_14770631","Indiana","2021-09-29"
"A/swine/Indiana/A02636107/2021|A_/_H3N2|unassigned|2021-09-02|HA|4|EPI_ISL_6785604","1990.4.a","A/swine/Indiana/A02636107/2021|A_/_H3N2|1990.4.a|2021-09-02|HA|4|EPI_ISL_6785604","Indiana","2021-09-02"
"A/swine/Indiana/A02525066/2021|A_/_H3N2|unassigned|2021-01-14|HA|4|EPI_ISL_4081953","1990.4.a","A/swine/Indiana/A02525066/2021|A_/_H3N2|1990.4.a|2021-01-14|HA|4|EPI_ISL_4081953","Indiana","2021-01-14"
"A/swine/Indiana/A01812297/2019|A_/_H3N2|unassigned|2019-10-24|HA|4|EPI_ISL_506166","1990.4.a","A/swine/Indiana/A01812297/2019|A_/_H3N2|1990.4.a|2019-10-24|HA|4|EPI_ISL_506166","Indiana","2019-10-24"
"A/swine/Iowa/A02524660/2020|A_/_H3N2|unassigned|2020-09-24|HA|4|EPI_ISL_697535","1990.4.a","A/swine/Iowa/A02524660/2020|A_/_H3N2|1990.4.a|2020-09-24|HA|4|EPI_ISL_697535","Iowa","2020-09-24"
"A/swine/Iowa/A02524686/2020|A_/_H3N2|unassigned|2020-10-02|HA|4|EPI_ISL_697639","1990.4.a","A/swine/Iowa/A02524686/2020|A_/_H3N2|1990.4.a|2020-10-02|HA|4|EPI_ISL_697639","Iowa","2020-10-02"
"A/swine/Missouri/A02525068/2021|A_/_H3N2|unassigned|2021-01-07|HA|4|EPI_ISL_4081952","1990.4.a","A/swine/Missouri/A02525068/2021|A_/_H3N2|1990.4.a|2021-01-07|HA|4|EPI_ISL_4081952","Missouri","2021-01-07"
"A/swine/Missouri/A02525138/2021|A_/_H3N2|unassigned|2021-02-01|HA|4|EPI_ISL_4082013","1990.4.a","A/swine/Missouri/A02525138/2021|A_/_H3N2|1990.4.a|2021-02-01|HA|4|EPI_ISL_4082013","Missouri","2021-02-01"
"A/swine/North_Carolina/A02636058/2021|A_/_H3N2|unassigned|2021-08-16|HA|4|EPI_ISL_6781477","1990.4.a","A/swine/North Carolina/A02636058/2021|A_/_H3N2|1990.4.a|2021-08-16|HA|4|EPI_ISL_6781477","North Carolina","2021-08-16"
"A/swine/North_Carolina/A02525172/2021|A_/_H3N2|unassigned|2021-02-16|HA|4|EPI_ISL_4082050","1990.4.a","A/swine/North Carolina/A02525172/2021|A_/_H3N2|1990.4.a|2021-02-16|HA|4|EPI_ISL_4082050","North Carolina","2021-02-16"
"A/swine/North_Carolina/A02245701/2020|A_/_H3N2|unassigned|2020-08-25|HA|4|EPI_ISL_707331","1990.4.a","A/swine/North Carolina/A02245701/2020|A_/_H3N2|1990.4.a|2020-08-25|HA|4|EPI_ISL_707331","North Carolina","2020-08-25"
"A/swine/Ohio/OH20-24176/2020|A_/_H3N2|3C.3a|2020-11-12|HA|4|EPI_ISL_17373109","unassigned","A/swine/Ohio/OH20-24176/2020|A_/_H3N2|3C.3a|2020-11-12|HA|4|EPI_ISL_17373109","Ohio","2020-11-12"
"A/swine/Indiana/A02524839/2020|A_/_H3N2|unassigned|2020-11-03|HA|4|EPI_ISL_4081684","1990.4.a","A/swine/Indiana/A02524839/2020|A_/_H3N2|1990.4.a|2020-11-03|HA|4|EPI_ISL_4081684","Indiana","2020-11-03"
"A/swine/Indiana/A01812299/2019|A_/_H3N2|unassigned|2019-12-12|HA|4|EPI_ISL_503368","unassigned","A/swine/Indiana/A01812299/2019|A_/_H3N2|unassigned|2019-12-12|HA|4|EPI_ISL_503368","Indiana","2019-12-12"
"A/swine/Iowa/A02635906/2021|A_/_H3N2|unassigned|2021-06-24|HA|4|EPI_ISL_4084589","1990.4.a","A/swine/Iowa/A02635906/2021|A_/_H3N2|1990.4.a|2021-06-24|HA|4|EPI_ISL_4084589","Iowa","2021-06-24"
"A/swine/Minnesota/A02524704/2020|A_/_H3N2|unassigned|2020-10-06|HA|4|EPI_ISL_697708","1990.4.a","A/swine/Minnesota/A02524704/2020|A_/_H3N2|1990.4.a|2020-10-06|HA|4|EPI_ISL_697708","Minnesota","2020-10-06"
"A/swine/Iowa/A02479185/2020|A_/_H3N2|unassigned|2020-03-27|HA|4|EPI_ISL_502566","1990.4.a","A/swine/Iowa/A02479185/2020|A_/_H3N2|1990.4.a|2020-03-27|HA|4|EPI_ISL_502566","Iowa","2020-03-27"
"A/swine/Iowa/A02524952/2020|A_/_H3N2|unassigned|2020-12-02|HA|4|EPI_ISL_4081853","1990.4.a","A/swine/Iowa/A02524952/2020|A_/_H3N2|1990.4.a|2020-12-02|HA|4|EPI_ISL_4081853","Iowa","2020-12-02"
"A/swine/Illinois/A02478682/2019|A_/_H3N2|unassigned|2019-09-23|HA|4|EPI_ISL_396965","1990.4.a","A/swine/Illinois/A02478682/2019|A_/_H3N2|1990.4.a|2019-09-23|HA|4|EPI_ISL_396965","Illinois","2019-09-23"
"A/swine/Pennsylvania/A02479128/2020|A_/_H3N2|unassigned|2020-03-12|HA|4|EPI_ISL_503971","1990.4.a","A/swine/Pennsylvania/A02479128/2020|A_/_H3N2|1990.4.a|2020-03-12|HA|4|EPI_ISL_503971","Pennsylvania","2020-03-12"
"A/swine/Pennsylvania/A02524504/2020|A_/_H3N2|unassigned|2020-07-24|HA|4|EPI_ISL_707112","1990.4.a","A/swine/Pennsylvania/A02524504/2020|A_/_H3N2|1990.4.a|2020-07-24|HA|4|EPI_ISL_707112","Pennsylvania","2020-07-24"
"A/swine/Pennsylvania/A02524606/2020|A_/_H3N2|unassigned|2020-09-03|HA|4|EPI_ISL_707299","1990.4.a","A/swine/Pennsylvania/A02524606/2020|A_/_H3N2|1990.4.a|2020-09-03|HA|4|EPI_ISL_707299","Pennsylvania","2020-09-03"
"A/swine/Pennsylvania/A02525244/2021|A_/_H3N2|unassigned|2021-03-04|HA|4|EPI_ISL_4082161","1990.4.a","A/swine/Pennsylvania/A02525244/2021|A_/_H3N2|1990.4.a|2021-03-04|HA|4|EPI_ISL_4082161","Pennsylvania","2021-03-04"
"A/swine/Pennsylvania/A02635799/2021|A_/_H3N2|unassigned|2021-05-13|HA|4|EPI_ISL_4083933","1990.4.a","A/swine/Pennsylvania/A02635799/2021|A_/_H3N2|1990.4.a|2021-05-13|HA|4|EPI_ISL_4083933","Pennsylvania","2021-05-13"
"A/swine/Pennsylvania/A02635837/2021|A_/_H3N2|unassigned|2021-05-14|HA|4|EPI_ISL_4084031","unassigned","A/swine/Pennsylvania/A02635837/2021|A_/_H3N2|unassigned|2021-05-14|HA|4|EPI_ISL_4084031","Pennsylvania","2021-05-14"
"A/swine/Pennsylvania/A02635832/2021|A_/_H3N2|unassigned|2021-05-14|HA|4|EPI_ISL_4084016","unassigned","A/swine/Pennsylvania/A02635832/2021|A_/_H3N2|unassigned|2021-05-14|HA|4|EPI_ISL_4084016","Pennsylvania","2021-05-14"
"A/swine/Pennsylvania/A02636081/2021|A_/_H3N2|unassigned|2021-08-26|HA|4|EPI_ISL_6781667","unassigned","A/swine/Pennsylvania/A02636081/2021|A_/_H3N2|unassigned|2021-08-26|HA|4|EPI_ISL_6781667","Pennsylvania","2021-08-26"
"A/swine/Pennsylvania/A02635736/2021|A_/_H3N2|unassigned|2021-04-27|HA|4|EPI_ISL_4083597","1990.4.a","A/swine/Pennsylvania/A02635736/2021|A_/_H3N2|1990.4.a|2021-04-27|HA|4|EPI_ISL_4083597","Pennsylvania","2021-04-27"
"A/swine/Pennsylvania/A02636577/2022|A_/_H3N2|unassigned|2022-03-16|HA|4|EPI_ISL_14779625","1990.4.a","A/swine/Pennsylvania/A02636577/2022|A_/_H3N2|1990.4.a|2022-03-16|HA|4|EPI_ISL_14779625","Pennsylvania","2022-03-16"
"A/swine/North_Carolina/A02636574/2022|A_/_H3N2|unassigned|2022-03-16|HA|4|EPI_ISL_14779572","1990.4.a","A/swine/North Carolina/A02636574/2022|A_/_H3N2|1990.4.a|2022-03-16|HA|4|EPI_ISL_14779572","North Carolina","2022-03-16"
"A/swine/Indiana/A02751435/2022|A_/_H3N2|3C.3a|2022-12-27|HA|4|EPI_ISL_17184132","unassigned","A/swine/Indiana/A02751435/2022|A_/_H3N2|3C.3a|2022-12-27|HA|4|EPI_ISL_17184132","Indiana","2022-12-27"
"A/swine/Pennsylvania/A02751232/2022|A_/_H3N2|3C.3a|2022-11-15|HA|4|EPI_ISL_16840766","unassigned","A/swine/Pennsylvania/A02751232/2022|A_/_H3N2|3C.3a|2022-11-15|HA|4|EPI_ISL_16840766","Pennsylvania","2022-11-15"
"A/swine/North_Carolina/A02751294/2022|A_/_H3N2|3C.3a|2022-11-30|HA|4|EPI_ISL_16840833","unassigned","A/swine/North Carolina/A02751294/2022|A_/_H3N2|3C.3a|2022-11-30|HA|4|EPI_ISL_16840833","North Carolina","2022-11-30"
"A/swine/North_Carolina/A02751351/2022|A_/_H3N2|3C.3a|2022-12-20|HA|4|EPI_ISL_16891266","unassigned","A/swine/North Carolina/A02751351/2022|A_/_H3N2|3C.3a|2022-12-20|HA|4|EPI_ISL_16891266","North Carolina","2022-12-20"
"A/swine/Pennsylvania/A02751588/2023|A_/_H3N2|3C.3a|2023-02-13|HA|4|EPI_ISL_17353497","unassigned","A/swine/Pennsylvania/A02751588/2023|A_/_H3N2|3C.3a|2023-02-13|HA|4|EPI_ISL_17353497","Pennsylvania","2023-02-13"
"A/swine/Pennsylvania/A02751451/2023|A_/_H3N2|3C.3a|2023-01-05|HA|4|EPI_ISL_17184142","unassigned","A/swine/Pennsylvania/A02751451/2023|A_/_H3N2|3C.3a|2023-01-05|HA|4|EPI_ISL_17184142","Pennsylvania","2023-01-05"
"A/swine/Pennsylvania/A02636614/2022|A_/_H3N2|unassigned|2022-03-30|HA|4|EPI_ISL_14835658","1990.4.a","A/swine/Pennsylvania/A02636614/2022|A_/_H3N2|1990.4.a|2022-03-30|HA|4|EPI_ISL_14835658","Pennsylvania","2022-03-30"
"A/swine/Pennsylvania/A02636053/2021|A_/_H3N2|unassigned|2021-08-16|HA|4|EPI_ISL_6781466","1990.4.a","A/swine/Pennsylvania/A02636053/2021|A_/_H3N2|1990.4.a|2021-08-16|HA|4|EPI_ISL_6781466","Pennsylvania","2021-08-16"
"A/swine/Pennsylvania/A02750641/2022|A_/_H3N2|unassigned|2022-06-14|HA|4|EPI_ISL_14871357","1990.4.a","A/swine/Pennsylvania/A02750641/2022|A_/_H3N2|1990.4.a|2022-06-14|HA|4|EPI_ISL_14871357","Pennsylvania","2022-06-14"
"A/swine/Pennsylvania/A02636383/2022|A_/_H3N2|unassigned|2022-01-13|HA|4|EPI_ISL_14775395","1990.4.a","A/swine/Pennsylvania/A02636383/2022|A_/_H3N2|1990.4.a|2022-01-13|HA|4|EPI_ISL_14775395","Pennsylvania","2022-01-13"
"A/swine/Pennsylvania/A02636380/2022|A_/_H3N2|unassigned|2022-01-12|HA|4|EPI_ISL_14775290","1990.4.a","A/swine/Pennsylvania/A02636380/2022|A_/_H3N2|1990.4.a|2022-01-12|HA|4|EPI_ISL_14775290","Pennsylvania","2022-01-12"
"A/swine/Pennsylvania/A02750862/2022|A_/_H3N2|unassigned|2022-09-02|HA|4|EPI_ISL_15620410","1990.4.a","A/swine/Pennsylvania/A02750862/2022|A_/_H3N2|1990.4.a|2022-09-02|HA|4|EPI_ISL_15620410","Pennsylvania","2022-09-02"
"A/swine/Pennsylvania/A02750718/2022|A_/_H3N2|unassigned|2022-07-13|HA|4|EPI_ISL_14931853","1990.4.a","A/swine/Pennsylvania/A02750718/2022|A_/_H3N2|1990.4.a|2022-07-13|HA|4|EPI_ISL_14931853","Pennsylvania","2022-07-13"
"A/swine/Pennsylvania/A02525204/2021|A_/_H3N2|unassigned|2021-02-23|HA|4|EPI_ISL_4082055","1990.4.a","A/swine/Pennsylvania/A02525204/2021|A_/_H3N2|1990.4.a|2021-02-23|HA|4|EPI_ISL_4082055","Pennsylvania","2021-02-23"
"A/swine/Pennsylvania/A02636531/2022|A_/_H3N2|unassigned|2022-02-28|HA|4|EPI_ISL_14778029","1990.4.a","A/swine/Pennsylvania/A02636531/2022|A_/_H3N2|1990.4.a|2022-02-28|HA|4|EPI_ISL_14778029","Pennsylvania","2022-02-28"
"A/swine/Pennsylvania/A02524416/2020|A_/_H3N2|unassigned|2020-06-11|HA|4|EPI_ISL_499227","1990.4.a","A/swine/Pennsylvania/A02524416/2020|A_/_H3N2|1990.4.a|2020-06-11|HA|4|EPI_ISL_499227","Pennsylvania","2020-06-11"
"A/swine/Ohio/OH20-7953/2020|A_/_H3N2|unassigned|2020-04-21|HA|4|EPI_ISL_17373136","1990.4.a","A/swine/Ohio/OH20-7953/2020|A_/_H3N2|1990.4.a|2020-04-21|HA|4|EPI_ISL_17373136","Ohio","2020-04-21"
"A/swine/Minnesota/A02478920/2019|A_/_H3N2|unassigned|2019-11-25|HA|4|EPI_ISL_505925","1990.4.a","A/swine/Minnesota/A02478920/2019|A_/_H3N2|1990.4.a|2019-11-25|HA|4|EPI_ISL_505925","Minnesota","2019-11-25"
"A/swine/Minnesota/A02245603/2020|A_/_H3N2|unassigned|2020-04-27|HA|4|EPI_ISL_502912","1990.4.a","A/swine/Minnesota/A02245603/2020|A_/_H3N2|1990.4.a|2020-04-27|HA|4|EPI_ISL_502912","Minnesota","2020-04-27"
"A/swine/Iowa/A02479339/2020|A_/_H3N2|unassigned|2020-05-11|HA|4|EPI_ISL_501753","1990.4.a","A/swine/Iowa/A02479339/2020|A_/_H3N2|1990.4.a|2020-05-11|HA|4|EPI_ISL_501753","Iowa","2020-05-11"
"A/swine/Iowa/A02479423/2020|A_/_H3N2|unassigned|2020-06-01|HA|4|EPI_ISL_499194","1990.4.a","A/swine/Iowa/A02479423/2020|A_/_H3N2|1990.4.a|2020-06-01|HA|4|EPI_ISL_499194","Iowa","2020-06-01"
"A/swine/Iowa/A02524447/2020|A_/_H3N2|unassigned|2020-06-26|HA|4|EPI_ISL_499263","1990.4.a","A/swine/Iowa/A02524447/2020|A_/_H3N2|1990.4.a|2020-06-26|HA|4|EPI_ISL_499263","Iowa","2020-06-26"
"A/swine/Indiana/A02525078/2021|A_/_H3N2|unassigned|2021-01-05|HA|4|EPI_ISL_4081927","1990.4.a","A/swine/Indiana/A02525078/2021|A_/_H3N2|1990.4.a|2021-01-05|HA|4|EPI_ISL_4081927","Indiana","2021-01-05"
"A/swine/Indiana/A02525243/2021|A_/_H3N2|unassigned|2021-03-04|HA|4|EPI_ISL_4082168","1990.4.a","A/swine/Indiana/A02525243/2021|A_/_H3N2|1990.4.a|2021-03-04|HA|4|EPI_ISL_4082168","Indiana","2021-03-04"
"A/swine/Indiana/A02525269/2021|A_/_H3N2|unassigned|2021-03-17|HA|4|EPI_ISL_4082192","unassigned","A/swine/Indiana/A02525269/2021|A_/_H3N2|unassigned|2021-03-17|HA|4|EPI_ISL_4082192","Indiana","2021-03-17"
"A/swine/Indiana/A02525374/2021|A_/_H3N2|unassigned|2021-04-08|HA|4|EPI_ISL_4083584","unassigned","A/swine/Indiana/A02525374/2021|A_/_H3N2|unassigned|2021-04-08|HA|4|EPI_ISL_4083584","Indiana","2021-04-08"
"A/swine/South_Carolina/A02525279/2021|A_/_H3N2|unassigned|2021-03-26|HA|4|EPI_ISL_4082667","1990.4.a","A/swine/South Carolina/A02525279/2021|A_/_H3N2|1990.4.a|2021-03-26|HA|4|EPI_ISL_4082667","South Carolina","2021-03-26"
"A/swine/Indiana/A02245886/2021|A_/_H3N2|unassigned|2021-03-17|HA|4|EPI_ISL_4083267","1990.4.a","A/swine/Indiana/A02245886/2021|A_/_H3N2|1990.4.a|2021-03-17|HA|4|EPI_ISL_4083267","Indiana","2021-03-17"
"A/swine/Indiana/A02245887/2021|A_/_H3N2|unassigned|2021-03-26|HA|4|EPI_ISL_4083251","1990.4.a","A/swine/Indiana/A02245887/2021|A_/_H3N2|1990.4.a|2021-03-26|HA|4|EPI_ISL_4083251","Indiana","2021-03-26"
"A/swine/Iowa/A02478982/2020(H3N2)|A_/_H3N2|unassigned|2020-01-08|HA|4|EPI_ISL_504992","1990.4.a","A/swine/Iowa/A02478982/2020(H3N2)|A_/_H3N2|1990.4.a|2020-01-08|HA|4|EPI_ISL_504992","Iowa","2020-01-08"
"A/swine/Iowa/A02479259/2020|A_/_H3N2|unassigned|2020-04-17|HA|4|EPI_ISL_502841","1990.4.a","A/swine/Iowa/A02479259/2020|A_/_H3N2|1990.4.a|2020-04-17|HA|4|EPI_ISL_502841","Iowa","2020-04-17"
"A/swine/Missouri/A02524456/2020|A_/_H3N2|unassigned|2020-06-22|HA|4|EPI_ISL_499264","1990.4.a","A/swine/Missouri/A02524456/2020|A_/_H3N2|1990.4.a|2020-06-22|HA|4|EPI_ISL_499264","Missouri","2020-06-22"
"A/swine/Ohio/OH-1059/2021|A_/_H3N2|unassigned|2021-01-15|HA|4|EPI_ISL_17471794","1990.4.a","A/swine/Ohio/OH-1059/2021|A_/_H3N2|1990.4.a|2021-01-15|HA|4|EPI_ISL_17471794","Ohio","2021-01-15"
"A/swine/Iowa/A02524494/2020|A_/_H3N2|unassigned|2020-07-13|HA|4|EPI_ISL_706315","1990.4.a","A/swine/Iowa/A02524494/2020|A_/_H3N2|1990.4.a|2020-07-13|HA|4|EPI_ISL_706315","Iowa","2020-07-13"
"A/swine/Iowa/A02478855/2019|A_/_H3N2|unassigned|2019-11-06|HA|4|EPI_ISL_505725","1990.4.a","A/swine/Iowa/A02478855/2019|A_/_H3N2|1990.4.a|2019-11-06|HA|4|EPI_ISL_505725","Iowa","2019-11-06"
"A/swine/North_Carolina/A02524585/2020|A_/_H3N2|unassigned|2020-09-03|HA|4|EPI_ISL_707311","1990.4.a","A/swine/North Carolina/A02524585/2020|A_/_H3N2|1990.4.a|2020-09-03|HA|4|EPI_ISL_707311","North Carolina","2020-09-03"
"A/swine/North_Carolina/A02245786/2020|A_/_H3N2|unassigned|2020-11-17|HA|4|EPI_ISL_4081836","1990.4.a","A/swine/North Carolina/A02245786/2020|A_/_H3N2|1990.4.a|2020-11-17|HA|4|EPI_ISL_4081836","North Carolina","2020-11-17"
"A/swine/North_Carolina/A02245825/2020|A_/_H3N2|unassigned|2020-12-08|HA|4|EPI_ISL_4081829","1990.4.a","A/swine/North Carolina/A02245825/2020|A_/_H3N2|1990.4.a|2020-12-08|HA|4|EPI_ISL_4081829","North Carolina","2020-12-08"
"A/swine/North_Carolina/A02524944/2020|A_/_H3N2|unassigned|2020-12-07|HA|4|EPI_ISL_4081819","unassigned","A/swine/North Carolina/A02524944/2020|A_/_H3N2|unassigned|2020-12-07|HA|4|EPI_ISL_4081819","North Carolina","2020-12-07"
"A/swine/North_Carolina/A02524967/2020|A_/_H3N2|unassigned|2020-12-07|HA|4|EPI_ISL_4081863","1990.4.a","A/swine/North Carolina/A02524967/2020|A_/_H3N2|1990.4.a|2020-12-07|HA|4|EPI_ISL_4081863","North Carolina","2020-12-07"
"A/swine/North_Carolina/A02245888/2021|A_/_H3N2|unassigned|2021-04-15|HA|4|EPI_ISL_4083587","1990.4.a","A/swine/North Carolina/A02245888/2021|A_/_H3N2|1990.4.a|2021-04-15|HA|4|EPI_ISL_4083587","North Carolina","2021-04-15"
"A/swine/North_Carolina/A02711714/2022|A_/_H3N2|unassigned|2022-03-30|HA|4|EPI_ISL_14835326","1990.4.a","A/swine/North Carolina/A02711714/2022|A_/_H3N2|1990.4.a|2022-03-30|HA|4|EPI_ISL_14835326","North Carolina","2022-03-30"
"A/swine/Indiana/A01812306/2020|A_/_H3N2|unassigned|2020-05-19|HA|4|EPI_ISL_499215","1990.4.a","A/swine/Indiana/A01812306/2020|A_/_H3N2|1990.4.a|2020-05-19|HA|4|EPI_ISL_499215","Indiana","2020-05-19"
"A/swine/Ohio/OH20-10603/2020|A_/_H3N2|unassigned|2020-05-26|HA|4|EPI_ISL_17373084","1990.4.a","A/swine/Ohio/OH20-10603/2020|A_/_H3N2|1990.4.a|2020-05-26|HA|4|EPI_ISL_17373084","Ohio","2020-05-26"
"A/swine/Illinois/A02525382/2021|A_/_H3N2|unassigned|2021-04-13|HA|4|EPI_ISL_4083575","1990.4.a","A/swine/Illinois/A02525382/2021|A_/_H3N2|1990.4.a|2021-04-13|HA|4|EPI_ISL_4083575","Illinois","2021-04-13"
"A/swine/Illinois/A02635759/2021|A_/_H3N2|unassigned|2021-04-27|HA|4|EPI_ISL_4083628","unassigned","A/swine/Illinois/A02635759/2021|A_/_H3N2|unassigned|2021-04-27|HA|4|EPI_ISL_4083628","Illinois","2021-04-27"
"A/swine/Illinois/A02635805/2021|A_/_H3N2|unassigned|2021-05-06|HA|4|EPI_ISL_4083687","unassigned","A/swine/Illinois/A02635805/2021|A_/_H3N2|unassigned|2021-05-06|HA|4|EPI_ISL_4083687","Illinois","2021-05-06"
"A/swine/Missouri/A02635824/2021|A_/_H3N2|unassigned|2021-05-11|HA|4|EPI_ISL_4083697","1990.4.a","A/swine/Missouri/A02635824/2021|A_/_H3N2|1990.4.a|2021-05-11|HA|4|EPI_ISL_4083697","Missouri","2021-05-11"
"A/swine/Indiana/A02525012/2020|A_/_H3N2|unassigned|2020-12-23|HA|4|EPI_ISL_4081903","1990.4.a","A/swine/Indiana/A02525012/2020|A_/_H3N2|1990.4.a|2020-12-23|HA|4|EPI_ISL_4081903","Indiana","2020-12-23"
"A/swine/Indiana/A01812314/2020|A_/_H3N2|unassigned|2020-12-14|HA|4|EPI_ISL_4081941","1990.4.a","A/swine/Indiana/A01812314/2020|A_/_H3N2|1990.4.a|2020-12-14|HA|4|EPI_ISL_4081941","Indiana","2020-12-14"
"A/swine/Minnesota/A02245584/2020|A_/_H3N2|unassigned|2020-04-07|HA|4|EPI_ISL_504151","1990.4.a","A/swine/Minnesota/A02245584/2020|A_/_H3N2|1990.4.a|2020-04-07|HA|4|EPI_ISL_504151","Minnesota","2020-04-07"
"A/swine/Minnesota/A02245604/2020|A_/_H3N2|unassigned|2020-04-27|HA|4|EPI_ISL_502914","1990.4.a","A/swine/Minnesota/A02245604/2020|A_/_H3N2|1990.4.a|2020-04-27|HA|4|EPI_ISL_502914","Minnesota","2020-04-27"
"A/swine/Iowa/A02479026/2020|A_/_H3N2|unassigned|2020-01-22|HA|4|EPI_ISL_501283","1990.4.a","A/swine/Iowa/A02479026/2020|A_/_H3N2|1990.4.a|2020-01-22|HA|4|EPI_ISL_501283","Iowa","2020-01-22"
"A/swine/Iowa/A02478937/2019|A_/_H3N2|unassigned|2019-12-04|HA|4|EPI_ISL_505891","1990.4.a","A/swine/Iowa/A02478937/2019|A_/_H3N2|1990.4.a|2019-12-04|HA|4|EPI_ISL_505891","Iowa","2019-12-04"
"A/swine/Iowa/A02478854/2019|A_/_H3N2|unassigned|2019-11-06|HA|4|EPI_ISL_505919","unassigned","A/swine/Iowa/A02478854/2019|A_/_H3N2|unassigned|2019-11-06|HA|4|EPI_ISL_505919","Iowa","2019-11-06"
"A/swine/North_Carolina/A02245824/2020|A_/_H3N2|unassigned|2020-12-07|HA|4|EPI_ISL_4081834","1990.4.a","A/swine/North Carolina/A02245824/2020|A_/_H3N2|1990.4.a|2020-12-07|HA|4|EPI_ISL_4081834","North Carolina","2020-12-07"
"A/swine/Ohio/OH21-14991/2021|A_/_H3N2|unassigned|2021-06-18|HA|4|EPI_ISL_17760619","1990.4.a","A/swine/Ohio/OH21-14991/2021|A_/_H3N2|1990.4.a|2021-06-18|HA|4|EPI_ISL_17760619","Ohio","2021-06-18"
"A/swine/Ohio/OH-18110/2021|A_/_H3N2|unassigned|2021-08-03|HA|4|EPI_ISL_17471850","1990.4.a","A/swine/Ohio/OH-18110/2021|A_/_H3N2|1990.4.a|2021-08-03|HA|4|EPI_ISL_17471850","Ohio","2021-08-03"
"A/swine/Ohio/OH-16296/2021|A_/_H3N2|unassigned|2021-07-07|HA|4|EPI_ISL_17471848","1990.4.a","A/swine/Ohio/OH-16296/2021|A_/_H3N2|1990.4.a|2021-07-07|HA|4|EPI_ISL_17471848","Ohio","2021-07-07"
"A/swine/Ohio/OH-16295/2021|A_/_H3N2|unassigned|2021-07-07|HA|4|EPI_ISL_17471847","unassigned","A/swine/Ohio/OH-16295/2021|A_/_H3N2|unassigned|2021-07-07|HA|4|EPI_ISL_17471847","Ohio","2021-07-07"
"A/swine/Ohio/OH-7351/2021|A_/_H3N2|unassigned|2021-04-01|HA|4|EPI_ISL_17471929","1990.4.a","A/swine/Ohio/OH-7351/2021|A_/_H3N2|1990.4.a|2021-04-01|HA|4|EPI_ISL_17471929","Ohio","2021-04-01"
"A/swine/Ohio/OH20-25753/2020|A_/_H3N2|3C.3a|2020-12-07|HA|4|EPI_ISL_17373122","unassigned","A/swine/Ohio/OH20-25753/2020|A_/_H3N2|3C.3a|2020-12-07|HA|4|EPI_ISL_17373122","Ohio","2020-12-07"
"A/swine/Ohio/OH20-26246/2020|A_/_H3N2|3C.3a|2020-12-14|HA|4|EPI_ISL_17373125","unassigned","A/swine/Ohio/OH20-26246/2020|A_/_H3N2|3C.3a|2020-12-14|HA|4|EPI_ISL_17373125","Ohio","2020-12-14"
"A/swine/Indiana/A02525372/2021|A_/_H3N2|unassigned|2021-04-12|HA|4|EPI_ISL_4083580","1990.4.a","A/swine/Indiana/A02525372/2021|A_/_H3N2|1990.4.a|2021-04-12|HA|4|EPI_ISL_4083580","Indiana","2021-04-12"
"A/swine/Iowa/A02636147/2021|A_/_H3N2|unassigned|2021-09-17|HA|4|EPI_ISL_6795283","1990.4.a","A/swine/Iowa/A02636147/2021|A_/_H3N2|1990.4.a|2021-09-17|HA|4|EPI_ISL_6795283","Iowa","2021-09-17"
"A/swine/North_Carolina/A02636343/2021|A_/_H3N2|unassigned|2021-12-13|HA|4|EPI_ISL_14770832","1990.4.a","A/swine/North Carolina/A02636343/2021|A_/_H3N2|1990.4.a|2021-12-13|HA|4|EPI_ISL_14770832","North Carolina","2021-12-13"
"A/swine/Ohio/A02636456/2022|A_/_H3N2|unassigned|2022-02-01|HA|4|EPI_ISL_14775616","1990.4.a","A/swine/Ohio/A02636456/2022|A_/_H3N2|1990.4.a|2022-02-01|HA|4|EPI_ISL_14775616","Ohio","2022-02-01"
"A/swine/North_Carolina/A02524744/2020|A_/_H3N2|unassigned|2020-10-12|HA|4|EPI_ISL_697764","1990.4.a","A/swine/North Carolina/A02524744/2020|A_/_H3N2|1990.4.a|2020-10-12|HA|4|EPI_ISL_697764","North Carolina","2020-10-12"
"A/swine/North_Carolina/A02524576/2020|A_/_H3N2|unassigned|2020-08-28|HA|4|EPI_ISL_707271","unassigned","A/swine/North Carolina/A02524576/2020|A_/_H3N2|unassigned|2020-08-28|HA|4|EPI_ISL_707271","North Carolina","2020-08-28"
"A/swine/North_Carolina/A02525368/2021|A_/_H3N2|unassigned|2021-04-13|HA|4|EPI_ISL_4083568","1990.4.a","A/swine/North Carolina/A02525368/2021|A_/_H3N2|1990.4.a|2021-04-13|HA|4|EPI_ISL_4083568","North Carolina","2021-04-13"
"A/swine/North_Carolina/A02636370/2022|A_/_H3N2|unassigned|2022-01-05|HA|4|EPI_ISL_14775405","1990.4.a","A/swine/North Carolina/A02636370/2022|A_/_H3N2|1990.4.a|2022-01-05|HA|4|EPI_ISL_14775405","North Carolina","2022-01-05"
"A/swine/North_Carolina/A02750898/2022|A_/_H3N2|unassigned|2022-09-15|HA|4|EPI_ISL_15620549","1990.4.a","A/swine/North Carolina/A02750898/2022|A_/_H3N2|1990.4.a|2022-09-15|HA|4|EPI_ISL_15620549","North Carolina","2022-09-15"
"A/swine/Iowa/A02524689/2020|A_/_H3N2|unassigned|2020-10-01|HA|4|EPI_ISL_697649","1990.4.a","A/swine/Iowa/A02524689/2020|A_/_H3N2|1990.4.a|2020-10-01|HA|4|EPI_ISL_697649","Iowa","2020-10-01"
"A/swine/North_Carolina/A02245746/2020|A_/_H3N2|unassigned|2020-10-14|HA|4|EPI_ISL_697748","1990.4.a","A/swine/North Carolina/A02245746/2020|A_/_H3N2|1990.4.a|2020-10-14|HA|4|EPI_ISL_697748","North Carolina","2020-10-14"
"A/swine/North_Carolina/A02245817/2020|A_/_H3N2|unassigned|2020-11-23|HA|4|EPI_ISL_4081837","1990.4.a","A/swine/North Carolina/A02245817/2020|A_/_H3N2|1990.4.a|2020-11-23|HA|4|EPI_ISL_4081837","North Carolina","2020-11-23"
"A/swine/Michigan/A02479299/2020|A_/_H3N2|unassigned|2020-05-01|HA|4|EPI_ISL_501672","1990.4.a","A/swine/Michigan/A02479299/2020|A_/_H3N2|1990.4.a|2020-05-01|HA|4|EPI_ISL_501672","Michigan","2020-05-01"
"A/swine/Michigan/A02246908/2021|A_/_H3N2|unassigned|2021-12-30|HA|4|EPI_ISL_14769992","1990.4.a","A/swine/Michigan/A02246908/2021|A_/_H3N2|1990.4.a|2021-12-30|HA|4|EPI_ISL_14769992","Michigan","2021-12-30"
"A/swine/Illinois/A02751180/2022|A_/_H3N2|3C.3a|2022-11-04|HA|4|EPI_ISL_16925056","unassigned","A/swine/Illinois/A02751180/2022|A_/_H3N2|3C.3a|2022-11-04|HA|4|EPI_ISL_16925056","Illinois","2022-11-04"
"A/swine/Illinois/A02751274/2022|A_/_H3N2|3C.3a|2022-11-22|HA|4|EPI_ISL_16840834","unassigned","A/swine/Illinois/A02751274/2022|A_/_H3N2|3C.3a|2022-11-22|HA|4|EPI_ISL_16840834","Illinois","2022-11-22"
"A/swine/Illinois/A02751224/2022|A_/_H3N2|3C.3a|2022-11-08|HA|4|EPI_ISL_16925088","unassigned","A/swine/Illinois/A02751224/2022|A_/_H3N2|3C.3a|2022-11-08|HA|4|EPI_ISL_16925088","Illinois","2022-11-08"
"A/swine/Illinois/A02751420/2022|A_/_H3N2|3C.3a|2022-12-19|HA|4|EPI_ISL_17086455","unassigned","A/swine/Illinois/A02751420/2022|A_/_H3N2|3C.3a|2022-12-19|HA|4|EPI_ISL_17086455","Illinois","2022-12-19"
"A/swine/Illinois/F78322/2022|A_/_H3N2|unassigned|2022-08-18|HA|4|EPI_ISL_15620431","1990.4.a","A/swine/Illinois/F78322/2022|A_/_H3N2|1990.4.a|2022-08-18|HA|4|EPI_ISL_15620431","Illinois","2022-08-18"
"A/swine/Indiana/F105526/2022|A_/_H3N2|3C.3a|2022-11-07|HA|4|EPI_ISL_16886672","unassigned","A/swine/Indiana/F105526/2022|A_/_H3N2|3C.3a|2022-11-07|HA|4|EPI_ISL_16886672","Indiana","2022-11-07"
"A/swine/Iowa/A02750881/2022|A_/_H3N2|unassigned|2022-09-09|HA|4|EPI_ISL_15620545","1990.4.a","A/swine/Iowa/A02750881/2022|A_/_H3N2|1990.4.a|2022-09-09|HA|4|EPI_ISL_15620545","Iowa","2022-09-09"
"A/swine/Indiana/F113096/2022|A_/_H3N2|3C.3a|2022-11-02|HA|4|EPI_ISL_17086449","unassigned","A/swine/Indiana/F113096/2022|A_/_H3N2|3C.3a|2022-11-02|HA|4|EPI_ISL_17086449","Indiana","2022-11-02"
"A/swine/Iowa/A02861497/2023|A_/_H3N2|3C.3a|2023-06-08|HA|4|EPI_ISL_18042989","unassigned","A/swine/Iowa/A02861497/2023|A_/_H3N2|3C.3a|2023-06-08|HA|4|EPI_ISL_18042989","Iowa","2023-06-08"
"A/swine/Iowa/G43216/2023|A_/_H3N2|3C.3a|2023-05-01|HA|4|EPI_ISL_18144132","unassigned","A/swine/Iowa/G43216/2023|A_/_H3N2|3C.3a|2023-05-01|HA|4|EPI_ISL_18144132","Iowa","2023-05-01"
"A/swine/Illinois/A02525270/2021|A_/_H3N2|unassigned|2021-03-17|HA|4|EPI_ISL_4082179","1990.4.a","A/swine/Illinois/A02525270/2021|A_/_H3N2|1990.4.a|2021-03-17|HA|4|EPI_ISL_4082179","Illinois","2021-03-17"
"A/swine/Indiana/A02635710/2021|A_/_H3N2|unassigned|2021-04-20|HA|4|EPI_ISL_4083593","1990.4.a","A/swine/Indiana/A02635710/2021|A_/_H3N2|1990.4.a|2021-04-20|HA|4|EPI_ISL_4083593","Indiana","2021-04-20"
"A/swine/Iowa/ISU-A02861691/2023|A_/_H3N2|unassigned|2023-07-31|HA|4|EPI_ISL_18228683","1990.4.a","A/swine/Iowa/ISU-A02861691/2023|A_/_H3N2|1990.4.a|2023-07-31|HA|4|EPI_ISL_18228683","Iowa","2023-07-31"
"A/swine/Iowa/ISU-A02861833/2023|A_/_H3N2|unassigned|2023-09-25|HA|4|EPI_ISL_18699089","1990.4.a","A/swine/Iowa/ISU-A02861833/2023|A_/_H3N2|1990.4.a|2023-09-25|HA|4|EPI_ISL_18699089","Iowa","2023-09-25"
"A/swine/Minnesota/A02978864/2024|A_/_H3N2|unassigned|2024-03-25|HA|4|EPI_ISL_19134597","1990.4.a","A/swine/Minnesota/A02978864/2024|A_/_H3N2|1990.4.a|2024-03-25|HA|4|EPI_ISL_19134597","Minnesota","2024-03-25"
"A/swine/Iowa/A02750687/2022|A_/_H3N2|unassigned|2022-06-30|HA|4|EPI_ISL_14930634","1990.4.a","A/swine/Iowa/A02750687/2022|A_/_H3N2|1990.4.a|2022-06-30|HA|4|EPI_ISL_14930634","Iowa","2022-06-30"
"A/swine/Iowa/A02750722/2022|A_/_H3N2|unassigned|2022-07-14|HA|4|EPI_ISL_14937221","1990.4.a","A/swine/Iowa/A02750722/2022|A_/_H3N2|1990.4.a|2022-07-14|HA|4|EPI_ISL_14937221","Iowa","2022-07-14"
"A/swine/Iowa/A02636358/2022|A_/_H3N2|unassigned|2022-01-03|HA|4|EPI_ISL_14775513","1990.4.a","A/swine/Iowa/A02636358/2022|A_/_H3N2|1990.4.a|2022-01-03|HA|4|EPI_ISL_14775513","Iowa","2022-01-03"
"A/swine/Iowa/A02636538/2022|A_/_H3N2|unassigned|2022-02-25|HA|4|EPI_ISL_14778035","1990.4.a","A/swine/Iowa/A02636538/2022|A_/_H3N2|1990.4.a|2022-02-25|HA|4|EPI_ISL_14778035","Iowa","2022-02-25"
"A/swine/Iowa/A02636362/2022|A_/_H3N2|unassigned|2022-01-05|HA|4|EPI_ISL_14775516","1990.4.a","A/swine/Iowa/A02636362/2022|A_/_H3N2|1990.4.a|2022-01-05|HA|4|EPI_ISL_14775516","Iowa","2022-01-05"
"A/swine/Indiana/A02863193/2024|A_/_H3N2|unassigned|2024-11-26|HA|4|EPI_ISL_19678846","1990.4.a","A/swine/Indiana/A02863193/2024|A_/_H3N2|1990.4.a|2024-11-26|HA|4|EPI_ISL_19678846","Indiana","2024-11-26"
"A/swine/Indiana/A02863181/2024|A_/_H3N2|unassigned|2024-11-20|HA|4|EPI_ISL_19678847","unassigned","A/swine/Indiana/A02863181/2024|A_/_H3N2|unassigned|2024-11-20|HA|4|EPI_ISL_19678847","Indiana","2024-11-20"
"A/swine/North_Carolina/A02635904/2021|A_/_H3N2|unassigned|2021-06-22|HA|4|EPI_ISL_4084583","1990.4.a","A/swine/North Carolina/A02635904/2021|A_/_H3N2|1990.4.a|2021-06-22|HA|4|EPI_ISL_4084583","North Carolina","2021-06-22"
"A/swine/North_Carolina/A02525302/2021|A_/_H3N2|unassigned|2021-03-25|HA|4|EPI_ISL_4082436","1990.4.a","A/swine/North Carolina/A02525302/2021|A_/_H3N2|1990.4.a|2021-03-25|HA|4|EPI_ISL_4082436","North Carolina","2021-03-25"
"A/swine/North_Carolina/A02635734/2021|A_/_H3N2|unassigned|2021-04-23|HA|4|EPI_ISL_4083606","1990.4.a","A/swine/North Carolina/A02635734/2021|A_/_H3N2|1990.4.a|2021-04-23|HA|4|EPI_ISL_4083606","North Carolina","2021-04-23"
"A/swine/North_Carolina/A02636571/2022|A_/_H3N2|unassigned|2022-03-16|HA|4|EPI_ISL_14779636","1990.4.a","A/swine/North Carolina/A02636571/2022|A_/_H3N2|1990.4.a|2022-03-16|HA|4|EPI_ISL_14779636","North Carolina","2022-03-16"
"A/swine/North_Carolina/A02750868/2022|A_/_H3N2|unassigned|2022-09-07|HA|4|EPI_ISL_15620415","1990.4.a","A/swine/North Carolina/A02750868/2022|A_/_H3N2|1990.4.a|2022-09-07|HA|4|EPI_ISL_15620415","North Carolina","2022-09-07"
"A/swine/Ohio/OH20-25168/2020|A_/_H3N2|3C.3a|2020-11-25|HA|4|EPI_ISL_17373120","unassigned","A/swine/Ohio/OH20-25168/2020|A_/_H3N2|3C.3a|2020-11-25|HA|4|EPI_ISL_17373120","Ohio","2020-11-25"
"A/swine/Pennsylvania/A02524956/2020|A_/_H3N2|unassigned|2020-12-02|HA|4|EPI_ISL_4081848","1990.4.a","A/swine/Pennsylvania/A02524956/2020|A_/_H3N2|1990.4.a|2020-12-02|HA|4|EPI_ISL_4081848","Pennsylvania","2020-12-02"
"A/swine/Ohio/A02636113/2021|A_/_H3N2|unassigned|2021-09-02|HA|4|EPI_ISL_6795214","1990.4.a","A/swine/Ohio/A02636113/2021|A_/_H3N2|1990.4.a|2021-09-02|HA|4|EPI_ISL_6795214","Ohio","2021-09-02"
"A/swine/Indiana/A02636368/2022|A_/_H3N2|unassigned|2022-01-10|HA|4|EPI_ISL_14775279","1990.4.a","A/swine/Indiana/A02636368/2022|A_/_H3N2|1990.4.a|2022-01-10|HA|4|EPI_ISL_14775279","Indiana","2022-01-10"
"A/swine/Indiana/A02635944/2021|A_/_H3N2|unassigned|2021-07-07|HA|4|EPI_ISL_4084599","1990.4.a","A/swine/Indiana/A02635944/2021|A_/_H3N2|1990.4.a|2021-07-07|HA|4|EPI_ISL_4084599","Indiana","2021-07-07"
"A/swine/Michigan/A02635708/2021|A_/_H3N2|unassigned|2021-04-20|HA|4|EPI_ISL_4083624","1990.4.a","A/swine/Michigan/A02635708/2021|A_/_H3N2|1990.4.a|2021-04-20|HA|4|EPI_ISL_4083624","Michigan","2021-04-20"
"A/swine/Ohio/OH21-3206/2021|A_/_H3N2|3C.3a|2021-02-18|HA|4|EPI_ISL_17760627","unassigned","A/swine/Ohio/OH21-3206/2021|A_/_H3N2|3C.3a|2021-02-18|HA|4|EPI_ISL_17760627","Ohio","2021-02-18"
"A/swine/Ohio/A02525155/2021|A_/_H3N2|unassigned|2021-02-09|HA|4|EPI_ISL_4082035","1990.4.a","A/swine/Ohio/A02525155/2021|A_/_H3N2|1990.4.a|2021-02-09|HA|4|EPI_ISL_4082035","Ohio","2021-02-09"
"A/swine/Indiana/A02636329/2022|A_/_H3N2|unassigned|2022-01-17|HA|4|EPI_ISL_14775404","1990.4.a","A/swine/Indiana/A02636329/2022|A_/_H3N2|1990.4.a|2022-01-17|HA|4|EPI_ISL_14775404","Indiana","2022-01-17"
"A/swine/Ohio/OH-24933/2021|A_/_H3N2|unassigned|2021-10-26|HA|4|EPI_ISL_17471890","unassigned","A/swine/Ohio/OH-24933/2021|A_/_H3N2|unassigned|2021-10-26|HA|4|EPI_ISL_17471890","Ohio","2021-10-26"
"A/swine/Ohio/A02636535/2022|A_/_H3N2|unassigned|2022-02-23|HA|4|EPI_ISL_14778036","1990.4.a","A/swine/Ohio/A02636535/2022|A_/_H3N2|1990.4.a|2022-02-23|HA|4|EPI_ISL_14778036","Ohio","2022-02-23"
"A/swine/Indiana/A02636520/2022|A_/_H3N2|unassigned|2022-02-22|HA|4|EPI_ISL_14778344","1990.4.a","A/swine/Indiana/A02636520/2022|A_/_H3N2|1990.4.a|2022-02-22|HA|4|EPI_ISL_14778344","Indiana","2022-02-22"
"A/swine/North_Carolina/A02636172/2021|A_/_H3N2|unassigned|2021-09-16|HA|4|EPI_ISL_6795343","1990.4.a","A/swine/North Carolina/A02636172/2021|A_/_H3N2|1990.4.a|2021-09-16|HA|4|EPI_ISL_6795343","North Carolina","2021-09-16"
"A/swine/North_Carolina/A02245682/2020|A_/_H3N2|unassigned|2020-08-04|HA|4|EPI_ISL_707223","1990.4.a","A/swine/North Carolina/A02245682/2020|A_/_H3N2|1990.4.a|2020-08-04|HA|4|EPI_ISL_707223","North Carolina","2020-08-04"
"A/swine/North_Carolina/A02245687/2020|A_/_H3N2|unassigned|2020-08-12|HA|4|EPI_ISL_707263","1990.4.a","A/swine/North Carolina/A02245687/2020|A_/_H3N2|1990.4.a|2020-08-12|HA|4|EPI_ISL_707263","North Carolina","2020-08-12"
"A/swine/North_Carolina/A02479083/2020|A_/_H3N2|unassigned|2020-02-20|HA|4|EPI_ISL_503920","1990.4.a","A/swine/North Carolina/A02479083/2020|A_/_H3N2|1990.4.a|2020-02-20|HA|4|EPI_ISL_503920","North Carolina","2020-02-20"
"A/swine/North_Carolina/A02245530/2020|A_/_H3N2|unassigned|2020-03-11|HA|4|EPI_ISL_504042","1990.4.a","A/swine/North Carolina/A02245530/2020|A_/_H3N2|1990.4.a|2020-03-11|HA|4|EPI_ISL_504042","North Carolina","2020-03-11"
"A/swine/Iowa/A02525206/2021|A_/_H3N2|unassigned|2021-02-24|HA|4|EPI_ISL_4082046","1990.4.a","A/swine/Iowa/A02525206/2021|A_/_H3N2|1990.4.a|2021-02-24|HA|4|EPI_ISL_4082046","Iowa","2021-02-24"
"A/swine/Iowa/A02525263/2021|A_/_H3N2|unassigned|2021-03-16|HA|4|EPI_ISL_4082255","1990.4.a","A/swine/Iowa/A02525263/2021|A_/_H3N2|1990.4.a|2021-03-16|HA|4|EPI_ISL_4082255","Iowa","2021-03-16"
"A/swine/North_Carolina/A02525210/2021|A_/_H3N2|unassigned|2021-02-24|HA|4|EPI_ISL_4082076","1990.4.a","A/swine/North Carolina/A02525210/2021|A_/_H3N2|1990.4.a|2021-02-24|HA|4|EPI_ISL_4082076","North Carolina","2021-02-24"
"A/swine/North_Carolina/A02525218/2021|A_/_H3N2|unassigned|2021-02-24|HA|4|EPI_ISL_4082071","1990.4.a","A/swine/North Carolina/A02525218/2021|A_/_H3N2|1990.4.a|2021-02-24|HA|4|EPI_ISL_4082071","North Carolina","2021-02-24"
"A/swine/North_Carolina/A02525094/2021|A_/_H3N2|unassigned|2021-01-15|HA|4|EPI_ISL_4081971","1990.4.a","A/swine/North Carolina/A02525094/2021|A_/_H3N2|1990.4.a|2021-01-15|HA|4|EPI_ISL_4081971","North Carolina","2021-01-15"
"A/swine/North_Carolina/A02246974/2021|A_/_H3N2|unassigned|2021-10-07|HA|4|EPI_ISL_6795319","1990.4.a","A/swine/North Carolina/A02246974/2021|A_/_H3N2|1990.4.a|2021-10-07|HA|4|EPI_ISL_6795319","North Carolina","2021-10-07"
"A/swine/North_Carolina/A02248022/2021|A_/_H3N2|unassigned|2021-06-23|HA|4|EPI_ISL_4089865","1990.4.a","A/swine/North Carolina/A02248022/2021|A_/_H3N2|1990.4.a|2021-06-23|HA|4|EPI_ISL_4089865","North Carolina","2021-06-23"
"A/swine/North_Carolina/A02524740/2020|A_/_H3N2|unassigned|2020-10-14|HA|4|EPI_ISL_697759","1990.4.a","A/swine/North Carolina/A02524740/2020|A_/_H3N2|1990.4.a|2020-10-14|HA|4|EPI_ISL_697759","North Carolina","2020-10-14"
"A/swine/North_Carolina/A02245894/2021|A_/_H3N2|unassigned|2021-04-30|HA|4|EPI_ISL_4089872","1990.4.a","A/swine/North Carolina/A02245894/2021|A_/_H3N2|1990.4.a|2021-04-30|HA|4|EPI_ISL_4089872","North Carolina","2021-04-30"
"A/swine/North_Carolina/A02525344/2021|A_/_H3N2|unassigned|2021-04-05|HA|4|EPI_ISL_4083548","1990.4.a","A/swine/North Carolina/A02525344/2021|A_/_H3N2|1990.4.a|2021-04-05|HA|4|EPI_ISL_4083548","North Carolina","2021-04-05"
"A/swine/North_Carolina/A02635764/2021|A_/_H3N2|unassigned|2021-04-29|HA|4|EPI_ISL_4083654","1990.4.a","A/swine/North Carolina/A02635764/2021|A_/_H3N2|1990.4.a|2021-04-29|HA|4|EPI_ISL_4083654","North Carolina","2021-04-29"
"A/swine/North_Carolina/A02525198/2021|A_/_H3N2|unassigned|2021-02-22|HA|4|EPI_ISL_4082052","1990.4.a","A/swine/North Carolina/A02525198/2021|A_/_H3N2|1990.4.a|2021-02-22|HA|4|EPI_ISL_4082052","North Carolina","2021-02-22"
"A/swine/North_Carolina/A02636108/2021|A_/_H3N2|unassigned|2021-08-26|HA|4|EPI_ISL_6785506","1990.4.a","A/swine/North Carolina/A02636108/2021|A_/_H3N2|1990.4.a|2021-08-26|HA|4|EPI_ISL_6785506","North Carolina","2021-08-26"
"A/swine/North_Carolina/A02635901/2021|A_/_H3N2|unassigned|2021-06-21|HA|4|EPI_ISL_4084509","1990.4.a","A/swine/North Carolina/A02635901/2021|A_/_H3N2|1990.4.a|2021-06-21|HA|4|EPI_ISL_4084509","North Carolina","2021-06-21"
"A/swine/Iowa/A02636485/2022|A_/_H3N2|unassigned|2022-02-10|HA|4|EPI_ISL_14778030","1990.4.a","A/swine/Iowa/A02636485/2022|A_/_H3N2|1990.4.a|2022-02-10|HA|4|EPI_ISL_14778030","Iowa","2022-02-10"
"A/swine/Iowa/A02751012/2022|A_/_H3N2|3C.3a|2022-10-12|HA|4|EPI_ISL_16854607","unassigned","A/swine/Iowa/A02751012/2022|A_/_H3N2|3C.3a|2022-10-12|HA|4|EPI_ISL_16854607","Iowa","2022-10-12"
"A/swine/North_Carolina/A02524478/2020|A_/_H3N2|unassigned|2020-07-01|HA|4|EPI_ISL_700969","1990.4.a","A/swine/North Carolina/A02524478/2020|A_/_H3N2|1990.4.a|2020-07-01|HA|4|EPI_ISL_700969","North Carolina","2020-07-01"
"A/swine/North_Carolina/A02636673/2022|A_/_H3N2|unassigned|2022-05-05|HA|4|EPI_ISL_14224160","1990.4.a","A/swine/North Carolina/A02636673/2022|A_/_H3N2|1990.4.a|2022-05-05|HA|4|EPI_ISL_14224160","North Carolina","2022-05-05"
"A/swine/North_Carolina/A02525158/2021|A_/_H3N2|unassigned|2021-02-05|HA|4|EPI_ISL_4082026","1990.4.a","A/swine/North Carolina/A02525158/2021|A_/_H3N2|1990.4.a|2021-02-05|HA|4|EPI_ISL_4082026","North Carolina","2021-02-05"
"A/swine/North_Carolina/A02525064/2021|A_/_H3N2|unassigned|2021-01-13|HA|4|EPI_ISL_4081944","1990.4.a","A/swine/North Carolina/A02525064/2021|A_/_H3N2|1990.4.a|2021-01-13|HA|4|EPI_ISL_4081944","North Carolina","2021-01-13"
"A/swine/North_Carolina/A02712155/2022|A_/_H3N2|unassigned|2022-09-27|HA|4|EPI_ISL_16212280","1990.4.a","A/swine/North Carolina/A02712155/2022|A_/_H3N2|1990.4.a|2022-09-27|HA|4|EPI_ISL_16212280","North Carolina","2022-09-27"
"A/swine/Iowa/A02635903/2021|A_/_H3N2|unassigned|2021-06-17|HA|4|EPI_ISL_4084593","1990.4.a","A/swine/Iowa/A02635903/2021|A_/_H3N2|1990.4.a|2021-06-17|HA|4|EPI_ISL_4084593","Iowa","2021-06-17"
"A/swine/North_Carolina/A02636057/2021|A_/_H3N2|unassigned|2021-08-12|HA|4|EPI_ISL_6781488","1990.4.a","A/swine/North Carolina/A02636057/2021|A_/_H3N2|1990.4.a|2021-08-12|HA|4|EPI_ISL_6781488","North Carolina","2021-08-12"
"A/swine/Minnesota/ISU-A02861612/2023|A_/_H3N2|unassigned|2023-07-14|HA|4|EPI_ISL_18228677","1990.4.a","A/swine/Minnesota/ISU-A02861612/2023|A_/_H3N2|1990.4.a|2023-07-14|HA|4|EPI_ISL_18228677","Minnesota","2023-07-14"
"A/swine/North_Carolina/A02861259/2023|A_/_H3N2|3C.3a|2023-03-09|HA|4|EPI_ISL_17530194","unassigned","A/swine/North Carolina/A02861259/2023|A_/_H3N2|3C.3a|2023-03-09|HA|4|EPI_ISL_17530194","North Carolina","2023-03-09"
"A/swine/Iowa/A02751392/2022|A_/_H3N2|3C.3a|2022-12-08|HA|4|EPI_ISL_17061064","unassigned","A/swine/Iowa/A02751392/2022|A_/_H3N2|3C.3a|2022-12-08|HA|4|EPI_ISL_17061064","Iowa","2022-12-08"
"A/swine/North_Carolina/075906_A02862772/2024|A_/_H3N2|unassigned|2024-07-22|HA|4|EPI_ISL_19367262","1990.4.a","A/swine/North Carolina/075906_A02862772/2024|A_/_H3N2|1990.4.a|2024-07-22|HA|4|EPI_ISL_19367262","North Carolina","2024-07-22"
"A/swine/North_Carolina/A02862772/2024|A_/_H3N2|unassigned|2024-07-22|HA|4|EPI_ISL_20347497","unassigned","A/swine/North Carolina/A02862772/2024|A_/_H3N2|unassigned|2024-07-22|HA|4|EPI_ISL_20347497","North Carolina","2024-07-22"
"A/swine/Indiana/A02862713/2024|A_/_H3N2|unassigned|2024-06-26|HA|4|EPI_ISL_19310961","1990.4.a","A/swine/Indiana/A02862713/2024|A_/_H3N2|1990.4.a|2024-06-26|HA|4|EPI_ISL_19310961","Indiana","2024-06-26"
"A/swine/NorthCarolina/A02862497/2024|A_/_H3N2|unassigned|2024-04-02|HA|4|EPI_ISL_19095224","1990.4.a","A/swine/North Carolina/A02862497/2024|A_/_H3N2|1990.4.a|2024-04-02|HA|4|EPI_ISL_19095224","North Carolina","2024-04-02"
"A/swine/North_Carolina/ISU-A02862251/2024|A_/_H3N2|unassigned|2024-01-26|HA|4|EPI_ISL_18934816","1990.4.a","A/swine/North Carolina/ISU-A02862251/2024|A_/_H3N2|1990.4.a|2024-01-26|HA|4|EPI_ISL_18934816","North Carolina","2024-01-26"
"A/swine/North_Carolina/ISU-A02862207/2024|A_/_H3N2|unassigned|2024-01-04|HA|4|EPI_ISL_18847103","1990.4.a","A/swine/North Carolina/ISU-A02862207/2024|A_/_H3N2|1990.4.a|2024-01-04|HA|4|EPI_ISL_18847103","North Carolina","2024-01-04"
"A/swine/North_Carolina/A02861307/2023|A_/_H3N2|unassigned|2023-03-21|HA|4|EPI_ISL_17587084","1990.4.a","A/swine/North Carolina/A02861307/2023|A_/_H3N2|1990.4.a|2023-03-21|HA|4|EPI_ISL_17587084","North Carolina","2023-03-21"
"A/swine/North_Carolina/A02978522/2023|A_/_H3N2|unassigned|2023-05-11|HA|4|EPI_ISL_18090329","1990.4.a","A/swine/North Carolina/A02978522/2023|A_/_H3N2|1990.4.a|2023-05-11|HA|4|EPI_ISL_18090329","North Carolina","2023-05-11"
"A/swine/North_Carolina/A02751569/2023|A_/_H3N2|unassigned|2023-02-09|HA|4|EPI_ISL_17184174","1990.4.a","A/swine/North Carolina/A02751569/2023|A_/_H3N2|1990.4.a|2023-02-09|HA|4|EPI_ISL_17184174","North Carolina","2023-02-09"
"A/swine/North_Carolina/A02750710/2022|A_/_H3N2|unassigned|2022-07-11|HA|4|EPI_ISL_14931871","1990.4.a","A/swine/North Carolina/A02750710/2022|A_/_H3N2|1990.4.a|2022-07-11|HA|4|EPI_ISL_14931871","North Carolina","2022-07-11"
"A/swine/North_Carolina/A02750672/2021|A_/_H3N2|unassigned|2021-06-30|HA|4|EPI_ISL_14885472","1990.4.a","A/swine/North Carolina/A02750672/2021|A_/_H3N2|1990.4.a|2021-06-30|HA|4|EPI_ISL_14885472","North Carolina","2021-06-30"
"A/swine/North_Carolina/A02750694/2022|A_/_H3N2|unassigned|2022-06-30|HA|4|EPI_ISL_14931860","1990.4.a","A/swine/North Carolina/A02750694/2022|A_/_H3N2|1990.4.a|2022-06-30|HA|4|EPI_ISL_14931860","North Carolina","2022-06-30"
"A/swine/North_Carolina/A02636348/2022|A_/_H3N2|unassigned|2022-01-14|HA|4|EPI_ISL_14775399","1990.4.a","A/swine/North Carolina/A02636348/2022|A_/_H3N2|1990.4.a|2022-01-14|HA|4|EPI_ISL_14775399","North Carolina","2022-01-14"
"A/swine/Iowa/A02751538/2023|A_/_H3N2|3C.3a|2023-02-01|HA|4|EPI_ISL_17373193","unassigned","A/swine/Iowa/A02751538/2023|A_/_H3N2|3C.3a|2023-02-01|HA|4|EPI_ISL_17373193","Iowa","2023-02-01"
"A/swine/North_Carolina/A02861348/2023|A_/_H3N2|unassigned|2023-03-31|HA|4|EPI_ISL_17667751","1990.4.a","A/swine/North Carolina/A02861348/2023|A_/_H3N2|1990.4.a|2023-03-31|HA|4|EPI_ISL_17667751","North Carolina","2023-03-31"
"A/swine/North_Carolina/A02750890/2022|A_/_H3N2|unassigned|2022-09-13|HA|4|EPI_ISL_15620559","1990.4.a","A/swine/North Carolina/A02750890/2022|A_/_H3N2|1990.4.a|2022-09-13|HA|4|EPI_ISL_15620559","North Carolina","2022-09-13"
"A/swine/North_Carolina/A02750736/2022|A_/_H3N2|unassigned|2022-07-26|HA|4|EPI_ISL_14937148","1990.4.a","A/swine/North Carolina/A02750736/2022|A_/_H3N2|1990.4.a|2022-07-26|HA|4|EPI_ISL_14937148","North Carolina","2022-07-26"
"A/swine/Oklahoma/A02478845/2019|A_/_H3N2|unassigned|2019-10-31|HA|4|EPI_ISL_505712","1990.4.a","A/swine/Oklahoma/A02478845/2019|A_/_H3N2|1990.4.a|2019-10-31|HA|4|EPI_ISL_505712","Oklahoma","2019-10-31"
"A/swine/Minnesota/A02711696/2022|A_/_H3N2|unassigned|2022-02-07|HA|4|EPI_ISL_14835321","1990.4.a","A/swine/Minnesota/A02711696/2022|A_/_H3N2|1990.4.a|2022-02-07|HA|4|EPI_ISL_14835321","Minnesota","2022-02-07"
"A/swine/Minnesota/A02245776/2020|A_/_H3N2|unassigned|2020-11-02|HA|4|EPI_ISL_4081675","1990.4.a","A/swine/Minnesota/A02245776/2020|A_/_H3N2|1990.4.a|2020-11-02|HA|4|EPI_ISL_4081675","Minnesota","2020-11-02"
"A/swine/North_Carolina/ISU-A02862032/2023|A_/_H3N2|unassigned|2023-11-21|HA|4|EPI_ISL_18777069","1990.4.a","A/swine/North Carolina/ISU-A02862032/2023|A_/_H3N2|1990.4.a|2023-11-21|HA|4|EPI_ISL_18777069","North Carolina","2023-11-21"
"A/swine/North_Carolina/ISU-A02862165/2023|A_/_H3N2|unassigned|2023-12-15|HA|4|EPI_ISL_18847105","1990.4.a","A/swine/North Carolina/ISU-A02862165/2023|A_/_H3N2|1990.4.a|2023-12-15|HA|4|EPI_ISL_18847105","North Carolina","2023-12-15"
"A/swine/North_Carolina/USDA-A02978569/2023|A_/_H3N2|unassigned|2023-10-11|HA|4|EPI_ISL_18758900","1990.4.a","A/swine/North Carolina/USDA-A02978569/2023|A_/_H3N2|1990.4.a|2023-10-11|HA|4|EPI_ISL_18758900","North Carolina","2023-10-11"
"A/swine/North_Carolina/A02862877/2024|A_/_H3N2|unassigned|2024-09-19|HA|4|EPI_ISL_19471775","1990.4.a","A/swine/North Carolina/A02862877/2024|A_/_H3N2|1990.4.a|2024-09-19|HA|4|EPI_ISL_19471775","North Carolina","2024-09-19"
"A/swine/North_Carolina/ISU-A02862112/2023|A_/_H3N2|unassigned|2023-12-06|HA|4|EPI_ISL_18737871","1990.4.a","A/swine/North Carolina/ISU-A02862112/2023|A_/_H3N2|1990.4.a|2023-12-06|HA|4|EPI_ISL_18737871","North Carolina","2023-12-06"
"A/swine/North_Carolina/ISU-A02862147/2024|A_/_H3N2|unassigned|2024-01-02|HA|4|EPI_ISL_18847107","1990.4.a","A/swine/North Carolina/ISU-A02862147/2024|A_/_H3N2|1990.4.a|2024-01-02|HA|4|EPI_ISL_18847107","North Carolina","2024-01-02"
"A/swine/North_Carolina/A02750954/2022|A_/_H3N2|unassigned|2022-10-04|HA|4|EPI_ISL_16854473","1990.4.a","A/swine/North Carolina/A02750954/2022|A_/_H3N2|1990.4.a|2022-10-04|HA|4|EPI_ISL_16854473","North Carolina","2022-10-04"
"A/swine/North_Carolina/A02751467/2023|A_/_H3N2|unassigned|2023-01-09|HA|4|EPI_ISL_17184156","1990.4.a","A/swine/North Carolina/A02751467/2023|A_/_H3N2|1990.4.a|2023-01-09|HA|4|EPI_ISL_17184156","North Carolina","2023-01-09"
"A/swine/North_Carolina/A02751517/2023|A_/_H3N2|unassigned|2023-01-23|HA|4|EPI_ISL_17373161","1990.4.a","A/swine/North Carolina/A02751517/2023|A_/_H3N2|1990.4.a|2023-01-23|HA|4|EPI_ISL_17373161","North Carolina","2023-01-23"
"A/swine/North_Carolina/A02861306/2023|A_/_H3N2|unassigned|2023-03-21|HA|4|EPI_ISL_17559516","1990.4.a","A/swine/North Carolina/A02861306/2023|A_/_H3N2|1990.4.a|2023-03-21|HA|4|EPI_ISL_17559516","North Carolina","2023-03-21"
"A/swine/North_Carolina/A02711812/2022|A_/_H3N2|unassigned|2022-04-27|HA|4|EPI_ISL_14224149","1990.4.a","A/swine/North Carolina/A02711812/2022|A_/_H3N2|1990.4.a|2022-04-27|HA|4|EPI_ISL_14224149","North Carolina","2022-04-27"
"A/swine/Iowa/A02858312/2025|A_/_H3N2|unassigned|2025-01-16|HA|4|EPI_ISL_19764686","1990.4.a","A/swine/Iowa/A02858312/2025|A_/_H3N2|1990.4.a|2025-01-16|HA|4|EPI_ISL_19764686","Iowa","2025-01-16"
"A/swine/Iowa/A02863073/2024|A_/_H3N2|unassigned|2024-10-25|HA|4|EPI_ISL_19592562","1990.4.a","A/swine/Iowa/A02863073/2024|A_/_H3N2|1990.4.a|2024-10-25|HA|4|EPI_ISL_19592562","Iowa","2024-10-25"
"A/swine/Iowa/A02863198/2024|A_/_H3N2|unassigned|2024-11-30|HA|4|EPI_ISL_19678834","unassigned","A/swine/Iowa/A02863198/2024|A_/_H3N2|unassigned|2024-11-30|HA|4|EPI_ISL_19678834","Iowa","2024-11-30"
"A/swine/North_Carolina/A02858663/2025|A_/_H3N2|unassigned|2025-05-21|HA|4|EPI_ISL_20051680","1990.4.a","A/swine/North Carolina/A02858663/2025|A_/_H3N2|1990.4.a|2025-05-21|HA|4|EPI_ISL_20051680","North Carolina","2025-05-21"
"A/swine/Minnesota/A02863140/2024|A_/_H3N2|unassigned|2024-11-13|HA|4|EPI_ISL_19633289","1990.4.a","A/swine/Minnesota/A02863140/2024|A_/_H3N2|1990.4.a|2024-11-13|HA|4|EPI_ISL_19633289","Minnesota","2024-11-13"
"A/swine/North_Carolina/A02858572/2025|A_/_H3N2|unassigned|2025-04-24|HA|4|EPI_ISL_19885014","1990.4.a","A/swine/North Carolina/A02858572/2025|A_/_H3N2|1990.4.a|2025-04-24|HA|4|EPI_ISL_19885014","North Carolina","2025-04-24"
"A/swine/North_Carolina/A02858626/2025|A_/_H3N2|unassigned|2025-05-14|HA|4|EPI_ISL_19902455","1990.4.a","A/swine/North Carolina/A02858626/2025|A_/_H3N2|1990.4.a|2025-05-14|HA|4|EPI_ISL_19902455","North Carolina","2025-05-14"
"A/swine/Indiana/A01812305/2020|A_/_H3N2|unassigned|2020-04-24|HA|4|EPI_ISL_502919","1990.4.a","A/swine/Indiana/A01812305/2020|A_/_H3N2|1990.4.a|2020-04-24|HA|4|EPI_ISL_502919","Indiana","2020-04-24"
"A/swine/Minnesota/A02246907/2021|A_/_H3N2|unassigned|2021-12-29|HA|4|EPI_ISL_14769982","1990.4.a","A/swine/Minnesota/A02246907/2021|A_/_H3N2|1990.4.a|2021-12-29|HA|4|EPI_ISL_14769982","Minnesota","2021-12-29"
"A/swine/Iowa/A02525241/2021|A_/_H3N2|unassigned|2021-03-04|HA|4|EPI_ISL_4082165","1990.4.a","A/swine/Iowa/A02525241/2021|A_/_H3N2|1990.4.a|2021-03-04|HA|4|EPI_ISL_4082165","Iowa","2021-03-04"
"A/swine/Iowa/A02861504/2023|A_/_H3N2|3C.3a|2023-05-30|HA|4|EPI_ISL_18042961","unassigned","A/swine/Iowa/A02861504/2023|A_/_H3N2|3C.3a|2023-05-30|HA|4|EPI_ISL_18042961","Iowa","2023-05-30"
"A/swine/Iowa/A02861567/2023|A_/_H3N2|3C.3a|2023-06-08|HA|4|EPI_ISL_18037831","unassigned","A/swine/Iowa/A02861567/2023|A_/_H3N2|3C.3a|2023-06-08|HA|4|EPI_ISL_18037831","Iowa","2023-06-08"
"A/swine/Iowa/A02861565/2023|A_/_H3N2|3C.3a|2023-06-07|HA|4|EPI_ISL_18037829","unassigned","A/swine/Iowa/A02861565/2023|A_/_H3N2|3C.3a|2023-06-07|HA|4|EPI_ISL_18037829","Iowa","2023-06-07"
"A/swine/Iowa/A02861608/2023|A_/_H3N2|3C.3a|2023-06-26|HA|4|EPI_ISL_18042953","unassigned","A/swine/Iowa/A02861608/2023|A_/_H3N2|3C.3a|2023-06-26|HA|4|EPI_ISL_18042953","Iowa","2023-06-26"
"A/swine/Iowa/ISU-A02862012/2023|A_/_H3N2|3C.3a|2023-11-07|HA|4|EPI_ISL_18777109","unassigned","A/swine/Iowa/ISU-A02862012/2023|A_/_H3N2|3C.3a|2023-11-07|HA|4|EPI_ISL_18777109","Iowa","2023-11-07"
"A/swine/Iowa/A02751532/2023|A_/_H3N2|3C.3a|2023-01-30|HA|4|EPI_ISL_17185780","unassigned","A/swine/Iowa/A02751532/2023|A_/_H3N2|3C.3a|2023-01-30|HA|4|EPI_ISL_17185780","Iowa","2023-01-30"
"A/swine/Iowa/A02711862/2022|A_/_H3N2|unassigned|2022-08-11|HA|4|EPI_ISL_16212273","1990.4.a","A/swine/Iowa/A02711862/2022|A_/_H3N2|1990.4.a|2022-08-11|HA|4|EPI_ISL_16212273","Iowa","2022-08-11"
"A/swine/Iowa/A02711854/2022|A_/_H3N2|unassigned|2022-07-11|HA|4|EPI_ISL_14937368","1990.4.a","A/swine/Iowa/A02711854/2022|A_/_H3N2|1990.4.a|2022-07-11|HA|4|EPI_ISL_14937368","Iowa","2022-07-11"
"A/swine/Minnesota/A02712642/2023|A_/_H3N2|3C.3a|2023-01-04|HA|4|EPI_ISL_17373170","unassigned","A/swine/Minnesota/A02712642/2023|A_/_H3N2|3C.3a|2023-01-04|HA|4|EPI_ISL_17373170","Minnesota","2023-01-04"
"A/swine/Minnesota/A02978910/2024|A_/_H3N2|unassigned|2024-03-27|HA|4|EPI_ISL_19328744","1990.4.a","A/swine/Minnesota/A02978910/2024|A_/_H3N2|1990.4.a|2024-03-27|HA|4|EPI_ISL_19328744","Minnesota","2024-03-27"
"A/swine/Iowa/A02862823/2024|A_/_H3N2|unassigned|2024-08-19|HA|4|EPI_ISL_19418480","1990.4.a","A/swine/Iowa/A02862823/2024|A_/_H3N2|1990.4.a|2024-08-19|HA|4|EPI_ISL_19418480","Iowa","2024-08-19"
"A/swine/Iowa/A02978451/2023|A_/_H3N2|unassigned|2023-03-08|HA|4|EPI_ISL_17986902","1990.4.a","A/swine/Iowa/A02978451/2023|A_/_H3N2|1990.4.a|2023-03-08|HA|4|EPI_ISL_17986902","Iowa","2023-03-08"
"A/swine/Iowa/A02978481/2023|A_/_H3N2|unassigned|2023-05-01|HA|4|EPI_ISL_17809159","1990.4.a","A/swine/Iowa/A02978481/2023|A_/_H3N2|1990.4.a|2023-05-01|HA|4|EPI_ISL_17809159","Iowa","2023-05-01"
"A/swine/Minnesota/A02978501/2023|A_/_H3N2|unassigned|2023-05-02|HA|4|EPI_ISL_17809140","1990.4.a","A/swine/Minnesota/A02978501/2023|A_/_H3N2|1990.4.a|2023-05-02|HA|4|EPI_ISL_17809140","Minnesota","2023-05-02"
"A/swine/Minnesota/A02978449/2023|A_/_H3N2|3C.3a|2023-03-14|HA|4|EPI_ISL_17986896","unassigned","A/swine/Minnesota/A02978449/2023|A_/_H3N2|3C.3a|2023-03-14|HA|4|EPI_ISL_17986896","Minnesota","2023-03-14"
"A/swine/Ohio/A02751108/2022|A_/_H3N2|unassigned|2022-10-26|HA|4|EPI_ISL_16854567","1990.4.a","A/swine/Ohio/A02751108/2022|A_/_H3N2|1990.4.a|2022-10-26|HA|4|EPI_ISL_16854567","Ohio","2022-10-26"
"A/swine/Minnesota/A02751436/2022|A_/_H3N2|unassigned|2022-12-27|HA|4|EPI_ISL_17184146","1990.4.a","A/swine/Minnesota/A02751436/2022|A_/_H3N2|1990.4.a|2022-12-27|HA|4|EPI_ISL_17184146","Minnesota","2022-12-27"
"A/swine/Pennsylvania/ISU-A02861673/2023|A_/_H3N2|unassigned|2023-07-07|HA|4|EPI_ISL_18098518","1990.4.a","A/swine/Pennsylvania/ISU-A02861673/2023|A_/_H3N2|1990.4.a|2023-07-07|HA|4|EPI_ISL_18098518","Pennsylvania","2023-07-07"
"A/swine/Pennsylvania/ISU-A02861675/2023|A_/_H3N2|unassigned|2023-07-14|HA|4|EPI_ISL_18098519","unassigned","A/swine/Pennsylvania/ISU-A02861675/2023|A_/_H3N2|unassigned|2023-07-14|HA|4|EPI_ISL_18098519","Pennsylvania","2023-07-14"
"A/swine/Pennsylvania/A02862288/2024|A_/_H3N2|unassigned|2024-02-06|HA|4|EPI_ISL_19029328","1990.4.a","A/swine/Pennsylvania/A02862288/2024|A_/_H3N2|1990.4.a|2024-02-06|HA|4|EPI_ISL_19029328","Pennsylvania","2024-02-06"
"A/swine/Pennsylvania/A02858666/2025|A_/_H3N2|unassigned|2025-06-11|HA|4|EPI_ISL_20061834","1990.4.a","A/swine/Pennsylvania/A02858666/2025|A_/_H3N2|1990.4.a|2025-06-11|HA|4|EPI_ISL_20061834","Pennsylvania","2025-06-11"
"A/swine/Pennsylvania/A02751296/2022|A_/_H3N2|unassigned|2022-12-06|HA|4|EPI_ISL_16840843","1990.4.a","A/swine/Pennsylvania/A02751296/2022|A_/_H3N2|1990.4.a|2022-12-06|HA|4|EPI_ISL_16840843","Pennsylvania","2022-12-06"
"A/swine/Pennsylvania/ISU-A02861876/2023|A_/_H3N2|3C.3a|2023-10-09|HA|4|EPI_ISL_18755225","unassigned","A/swine/Pennsylvania/ISU-A02861876/2023|A_/_H3N2|3C.3a|2023-10-09|HA|4|EPI_ISL_18755225","Pennsylvania","2023-10-09"
"A/swine/Pennsylvania/A02751476/2023|A_/_H3N2|3C.3a|2023-01-17|HA|4|EPI_ISL_17184152","unassigned","A/swine/Pennsylvania/A02751476/2023|A_/_H3N2|3C.3a|2023-01-17|HA|4|EPI_ISL_17184152","Pennsylvania","2023-01-17"
"A/swine/Illinois/082317_02858758/2025|A_/_H3N2|unassigned|2025-08-07|HA|4|EPI_ISL_20153152","1990.4.a","A/swine/Illinois/082317_02858758/2025|A_/_H3N2|1990.4.a|2025-08-07|HA|4|EPI_ISL_20153152","Illinois","2025-08-07"
"A/swine/North_Carolina/A02861257/2023|A_/_H3N2|unassigned|2023-02-14|HA|4|EPI_ISL_17353494","1990.4.a","A/swine/North Carolina/A02861257/2023|A_/_H3N2|1990.4.a|2023-02-14|HA|4|EPI_ISL_17353494","North Carolina","2023-02-14"
"A/swine/Pennsylvania/ISU-A02862094/2023|A_/_H3N2|unassigned|2023-11-29|HA|4|EPI_ISL_18702058","1990.4.a","A/swine/Pennsylvania/ISU-A02862094/2023|A_/_H3N2|1990.4.a|2023-11-29|HA|4|EPI_ISL_18702058","Pennsylvania","2023-11-29"
"A/swine/Texas/A02248200/2021|A_/_H3N2|unassigned|2021-09-22|HA|4|EPI_ISL_6795317","1990.4.a","A/swine/Texas/A02248200/2021|A_/_H3N2|1990.4.a|2021-09-22|HA|4|EPI_ISL_6795317","Texas","2021-09-22"
"A/swine/Iowa/A02636332/2022|A_/_H3N2|unassigned|2022-01-11|HA|4|EPI_ISL_14770839","1990.4.a","A/swine/Iowa/A02636332/2022|A_/_H3N2|1990.4.a|2022-01-11|HA|4|EPI_ISL_14770839","Iowa","2022-01-11"
"A/swine/Iowa/A02636489/2022|A_/_H3N2|unassigned|2022-02-14|HA|4|EPI_ISL_14777803","unassigned","A/swine/Iowa/A02636489/2022|A_/_H3N2|unassigned|2022-02-14|HA|4|EPI_ISL_14777803","Iowa","2022-02-14"
"A/swine/Iowa/A02751412/2022|A_/_H3N2|3C.3a|2022-12-15|HA|4|EPI_ISL_17061074","unassigned","A/swine/Iowa/A02751412/2022|A_/_H3N2|3C.3a|2022-12-15|HA|4|EPI_ISL_17061074","Iowa","2022-12-15"
"A/swine/Iowa/A02750712/2022|A_/_H3N2|unassigned|2022-07-15|HA|4|EPI_ISL_14931858","1990.4.a","A/swine/Iowa/A02750712/2022|A_/_H3N2|1990.4.a|2022-07-15|HA|4|EPI_ISL_14931858","Iowa","2022-07-15"
"A/swine/Kansas/A02712156/2022|A_/_H3N2|unassigned|2022-09-29|HA|4|EPI_ISL_16212274","1990.4.a","A/swine/Kansas/A02712156/2022|A_/_H3N2|1990.4.a|2022-09-29|HA|4|EPI_ISL_16212274","Kansas","2022-09-29"
"A/swine/Pennsylvania/A02863087/2024|A_/_H3N2|unassigned|2024-10-30|HA|4|EPI_ISL_19592767","1990.4.a","A/swine/Pennsylvania/A02863087/2024|A_/_H3N2|1990.4.a|2024-10-30|HA|4|EPI_ISL_19592767","Pennsylvania","2024-10-30"
"A/swine/North_Carolina/A02862862/2024|A_/_H3N2|unassigned|2024-09-10|HA|4|EPI_ISL_19451749","1990.4.a","A/swine/North Carolina/A02862862/2024|A_/_H3N2|1990.4.a|2024-09-10|HA|4|EPI_ISL_19451749","North Carolina","2024-09-10"
"A/swine/Iowa/C39563/2022|A_/_H3N2|unassigned|2022-04-22|HA|4|EPI_ISL_14874535","1990.4.a","A/swine/Iowa/C39563/2022|A_/_H3N2|1990.4.a|2022-04-22|HA|4|EPI_ISL_14874535","Iowa","2022-04-22"
"A/swine/Nebraska/A02862912/2024|A_/_H3N2|unassigned|2024-09-24|HA|4|EPI_ISL_19521803","1990.4.a","A/swine/Nebraska/A02862912/2024|A_/_H3N2|1990.4.a|2024-09-24|HA|4|EPI_ISL_19521803","Nebraska","2024-09-24"
"A/swine/Iowa/A02750734/2022|A_/_H3N2|unassigned|2022-07-19|HA|4|EPI_ISL_14937223","1990.4.a","A/swine/Iowa/A02750734/2022|A_/_H3N2|1990.4.a|2022-07-19|HA|4|EPI_ISL_14937223","Iowa","2022-07-19"
"A/swine/Minnesota/A02858296/2024|A_/_H3N2|unassigned|2024-12-12|HA|4|EPI_ISL_19764685","1990.4.a","A/swine/Minnesota/A02858296/2024|A_/_H3N2|1990.4.a|2024-12-12|HA|4|EPI_ISL_19764685","Minnesota","2024-12-12"
"A/swine/Minnesota/A02979306/2024|A_/_H3N2|unassigned|2024-10-29|HA|4|EPI_ISL_19556780","1990.4.a","A/swine/Minnesota/A02979306/2024|A_/_H3N2|1990.4.a|2024-10-29|HA|4|EPI_ISL_19556780","Minnesota","2024-10-29"
"A/swine/Iowa/A02979365/2024|A_/_H3N2|unassigned|2024-11-05|HA|4|EPI_ISL_19820124","1990.4.a","A/swine/Iowa/A02979365/2024|A_/_H3N2|1990.4.a|2024-11-05|HA|4|EPI_ISL_19820124","Iowa","2024-11-05"
"A/swine/Ohio/13701/2017|A_/_H3N2|unassigned|2017-06-01|HA|4|EPI_ISL_278406","1990.4.a","A/swine/Ohio/13701/2017|A_/_H3N2|1990.4.a|2017-06-01|HA|4|EPI_ISL_278406","Ohio","2017-06-01"
"A/swine/Nebraska/A01678580/2018|A_/_H3N2|unassigned|2018-08-24|HA|4|EPI_ISL_381343","1990.4.a","A/swine/Nebraska/A01678580/2018|A_/_H3N2|1990.4.a|2018-08-24|HA|4|EPI_ISL_381343","Nebraska","2018-08-24"
"A/swine/Minnesota/A01678556/2018|A_/_H3N2|unassigned|2018-04-16|HA|4|EPI_ISL_329328","1990.4.a","A/swine/Minnesota/A01678556/2018|A_/_H3N2|1990.4.a|2018-04-16|HA|4|EPI_ISL_329328","Minnesota","2018-04-16"
"A/swine/South_Dakota/A01785471/2018|A_/_H3N2|unassigned|2018-03-15|HA|4|EPI_ISL_388948","1990.4.a","A/swine/South Dakota/A01785471/2018|A_/_H3N2|1990.4.a|2018-03-15|HA|4|EPI_ISL_388948","South Dakota","2018-03-15"
"A/swine/Nebraska/A02254794/2018|A_/_H3N2|unassigned|2018-07-30|HA|4|EPI_ISL_326818","1990.4.a","A/swine/Nebraska/A02254794/2018|A_/_H3N2|1990.4.a|2018-07-30|HA|4|EPI_ISL_326818","Nebraska","2018-07-30"
"A/swine/Ohio/6/2012|A_/_H3N2|unassigned|2012-06-01|HA|4|EPI_ISL_122106","1990.4.a","A/swine/Ohio/6/2012|A_/_H3N2|1990.4.a|2012-06-01|HA|4|EPI_ISL_122106","Ohio","2012-06-01"
"A/swine/Kansas/D18-018193/2018|A_/_H3N2|unassigned|2018-05-31|HA|4|EPI_ISL_4083641","1990.4.a","A/swine/Kansas/D18-018193/2018|A_/_H3N2|1990.4.a|2018-05-31|HA|4|EPI_ISL_4083641","Kansas","2018-05-31"
"A/swine/Kentucky/15TOSU1985/2015|A_/_H3N2|unassigned|2015-11-08|HA|4|EPI_ISL_245774","1990.4.b1","A/swine/Kentucky/15TOSU1985/2015|A_/_H3N2|1990.4.b1|2015-11-08|HA|4|EPI_ISL_245774","Kentucky","2015-11-08"
"A/swine/Kentucky/15TOSU26096/2015|A_/_H3N2|unassigned|2015-11-08|HA|4|EPI_ISL_245773","unassigned","A/swine/Kentucky/15TOSU26096/2015|A_/_H3N2|unassigned|2015-11-08|HA|4|EPI_ISL_245773","Kentucky","2015-11-08"
"A/swine/Kentucky/15TOSU1903/2015|A_/_H3N2|unassigned|2015-11-08|HA|4|EPI_ISL_245781","unassigned","A/swine/Kentucky/15TOSU1903/2015|A_/_H3N2|unassigned|2015-11-08|HA|4|EPI_ISL_245781","Kentucky","2015-11-08"
"A/swine/Kentucky/15TOSU2007/2015|A_/_H3N2|unassigned|2015-11-08|HA|4|EPI_ISL_245772","1990.4.b1","A/swine/Kentucky/15TOSU2007/2015|A_/_H3N2|1990.4.b1|2015-11-08|HA|4|EPI_ISL_245772","Kentucky","2015-11-08"
"A/swine/Kentucky/15TOSU1895/2015|A_/_H3N2|unassigned|2015-11-08|HA|4|EPI_ISL_245776","unassigned","A/swine/Kentucky/15TOSU1895/2015|A_/_H3N2|unassigned|2015-11-08|HA|4|EPI_ISL_245776","Kentucky","2015-11-08"
"A/swine/Kentucky/15TOSU2017/2015|A_/_H3N2|unassigned|2015-11-08|HA|4|EPI_ISL_245787","unassigned","A/swine/Kentucky/15TOSU2017/2015|A_/_H3N2|unassigned|2015-11-08|HA|4|EPI_ISL_245787","Kentucky","2015-11-08"
"A/swine/Kentucky/15TOSU2018/2015|A_/_H3N2|unassigned|2015-11-08|HA|4|EPI_ISL_245801","unassigned","A/swine/Kentucky/15TOSU2018/2015|A_/_H3N2|unassigned|2015-11-08|HA|4|EPI_ISL_245801","Kentucky","2015-11-08"
"A/swine/Kentucky/15TOSU1906/2015|A_/_H3N2|unassigned|2015-11-08|HA|4|EPI_ISL_245810","unassigned","A/swine/Kentucky/15TOSU1906/2015|A_/_H3N2|unassigned|2015-11-08|HA|4|EPI_ISL_245810","Kentucky","2015-11-08"
"A/swine/Kentucky/15TOSU1910/2015|A_/_H3N2|unassigned|2015-11-08|HA|4|EPI_ISL_245804","1990.4.b1","A/swine/Kentucky/15TOSU1910/2015|A_/_H3N2|1990.4.b1|2015-11-08|HA|4|EPI_ISL_245804","Kentucky","2015-11-08"
"A/swine/Kentucky/15TOSU1991/2015|A_/_H3N2|unassigned|2015-11-08|HA|4|EPI_ISL_245811","1990.4.b1","A/swine/Kentucky/15TOSU1991/2015|A_/_H3N2|1990.4.b1|2015-11-08|HA|4|EPI_ISL_245811","Kentucky","2015-11-08"
"A/swine/Kentucky/15TOSU1974/2015|A_/_H3N2|unassigned|2015-11-08|HA|4|EPI_ISL_245783","1990.4.b1","A/swine/Kentucky/15TOSU1974/2015|A_/_H3N2|1990.4.b1|2015-11-08|HA|4|EPI_ISL_245783","Kentucky","2015-11-08"
"A/swine/Kentucky/15TOSU1930/2015|A_/_H3N2|unassigned|2015-11-08|HA|4|EPI_ISL_245798","unassigned","A/swine/Kentucky/15TOSU1930/2015|A_/_H3N2|unassigned|2015-11-08|HA|4|EPI_ISL_245798","Kentucky","2015-11-08"
"A/swine/Kentucky/15TOSU1890/2015|A_/_H3N2|unassigned|2015-11-08|HA|4|EPI_ISL_245797","unassigned","A/swine/Kentucky/15TOSU1890/2015|A_/_H3N2|unassigned|2015-11-08|HA|4|EPI_ISL_245797","Kentucky","2015-11-08"
"A/swine/Kentucky/15TOSU1961/2015|A_/_H3N2|unassigned|2015-11-08|HA|4|EPI_ISL_245808","unassigned","A/swine/Kentucky/15TOSU1961/2015|A_/_H3N2|unassigned|2015-11-08|HA|4|EPI_ISL_245808","Kentucky","2015-11-08"
"A/swine/Kentucky/15TOSU1908/2015|A_/_H3N2|unassigned|2015-11-08|HA|4|EPI_ISL_245796","1990.4.b1","A/swine/Kentucky/15TOSU1908/2015|A_/_H3N2|1990.4.b1|2015-11-08|HA|4|EPI_ISL_245796","Kentucky","2015-11-08"
"A/swine/Illinois/A02035711/2015|A_/_H3N2|unassigned|2015-07-16|HA|4|EPI_ISL_197211","1990.4.b1","A/swine/Illinois/A02035711/2015|A_/_H3N2|1990.4.b1|2015-07-16|HA|4|EPI_ISL_197211","Illinois","2015-07-16"
"A/swine/California/A01459014/2015|A_/_H3N2|unassigned|2015-03-18|HA|4|EPI_ISL_206886","unassigned","A/swine/California/A01459014/2015|A_/_H3N2|unassigned|2015-03-18|HA|4|EPI_ISL_206886","California","2015-03-18"
"A/swine/Ohio/15TOSU0742/2015|A_/_H3N2|unassigned|2015-09-09|HA|4|EPI_ISL_243752","unassigned","A/swine/Ohio/15TOSU0742/2015|A_/_H3N2|unassigned|2015-09-09|HA|4|EPI_ISL_243752","Ohio","2015-09-09"
"A/swine/Ohio/15TOSU0741/2015|A_/_H3N2|unassigned|2015-09-09|HA|4|EPI_ISL_243762","unassigned","A/swine/Ohio/15TOSU0741/2015|A_/_H3N2|unassigned|2015-09-09|HA|4|EPI_ISL_243762","Ohio","2015-09-09"
"A/swine/California/A01459016/2015|A_/_H3N2|unassigned|2015-03-18|HA|4|EPI_ISL_206885","1990.4.b1","A/swine/California/A01459016/2015|A_/_H3N2|1990.4.b1|2015-03-18|HA|4|EPI_ISL_206885","California","2015-03-18"
"A/swine/Ohio/15TOSU0964/2015|A_/_H3N2|unassigned|2015-09-26|HA|4|EPI_ISL_243770","1990.4.b1","A/swine/Ohio/15TOSU0964/2015|A_/_H3N2|1990.4.b1|2015-09-26|HA|4|EPI_ISL_243770","Ohio","2015-09-26"
"A/swine/Kentucky/15TOSU18783/2015|A_/_H3N2|unassigned|2015-08-30|HA|4|EPI_ISL_243776","1990.4.b1","A/swine/Kentucky/15TOSU18783/2015|A_/_H3N2|1990.4.b1|2015-08-30|HA|4|EPI_ISL_243776","Kentucky","2015-08-30"
"A/swine/Ohio/14TOSU22294/2014|A_/_H3N2|unassigned|2014-08-07|HA|4|EPI_ISL_245778","1990.4.b1","A/swine/Ohio/14TOSU22294/2014|A_/_H3N2|1990.4.b1|2014-08-07|HA|4|EPI_ISL_245778","Ohio","2014-08-07"
"A/swine/Iowa/A01476456/2014|A_/_H3N2|unassigned|2014-09-22|HA|4|EPI_ISL_167972","unassigned","A/swine/Iowa/A01476456/2014|A_/_H3N2|unassigned|2014-09-22|HA|4|EPI_ISL_167972","Iowa","2014-09-22"
"A/swine/Indiana/14TOSU6376/2014|A_/_H3N2|unassigned|2014-07-18|HA|4|EPI_ISL_245803","unassigned","A/swine/Indiana/14TOSU6376/2014|A_/_H3N2|unassigned|2014-07-18|HA|4|EPI_ISL_245803","Indiana","2014-07-18"
"A/swine/Indiana/14TOSU0342/2014|A_/_H3N2|unassigned|2014-01-01|HA|4|EPI_ISL_200844","unassigned","A/swine/Indiana/14TOSU0342/2014|A_/_H3N2|unassigned|2014-01-01|HA|4|EPI_ISL_200844","Indiana","2014-01-01"
"A/swine/Ohio/14TOSU21812/2014|A_/_H3N2|unassigned|2014-01-01|HA|4|EPI_ISL_200856","unassigned","A/swine/Ohio/14TOSU21812/2014|A_/_H3N2|unassigned|2014-01-01|HA|4|EPI_ISL_200856","Ohio","2014-01-01"
"A/swine/Indiana/14TOSU0006/2014|A_/_H3N2|unassigned|2014-01-01|HA|4|EPI_ISL_200860","unassigned","A/swine/Indiana/14TOSU0006/2014|A_/_H3N2|unassigned|2014-01-01|HA|4|EPI_ISL_200860","Indiana","2014-01-01"
"A/swine/Ohio/14TOSU0463/2014|A_/_H3N2|unassigned|2014-01-01|HA|4|EPI_ISL_200882","unassigned","A/swine/Ohio/14TOSU0463/2014|A_/_H3N2|unassigned|2014-01-01|HA|4|EPI_ISL_200882","Ohio","2014-01-01"
"A/swine/Ohio/14TOSU0133/2014|A_/_H3N2|unassigned|2014-01-01|HA|4|EPI_ISL_200881","unassigned","A/swine/Ohio/14TOSU0133/2014|A_/_H3N2|unassigned|2014-01-01|HA|4|EPI_ISL_200881","Ohio","2014-01-01"
"A/swine/Ohio/14TOSU0158/2014|A_/_H3N2|unassigned|2014-01-01|HA|4|EPI_ISL_200890","unassigned","A/swine/Ohio/14TOSU0158/2014|A_/_H3N2|unassigned|2014-01-01|HA|4|EPI_ISL_200890","Ohio","2014-01-01"
"A/swine/Indiana/14TOSU0011/2014|A_/_H3N2|unassigned|2014-01-01|HA|4|EPI_ISL_200898","unassigned","A/swine/Indiana/14TOSU0011/2014|A_/_H3N2|unassigned|2014-01-01|HA|4|EPI_ISL_200898","Indiana","2014-01-01"
"A/swine/Ohio/14TOSU22297/2014|A_/_H3N2|unassigned|2014-08-07|HA|4|EPI_ISL_243758","unassigned","A/swine/Ohio/14TOSU22297/2014|A_/_H3N2|unassigned|2014-08-07|HA|4|EPI_ISL_243758","Ohio","2014-08-07"
"A/swine/Minnesota/A01567014/2014|A_/_H3N2|unassigned|2014-11-19|HA|4|EPI_ISL_174441","unassigned","A/swine/Minnesota/A01567014/2014|A_/_H3N2|unassigned|2014-11-19|HA|4|EPI_ISL_174441","Minnesota","2014-11-19"
"A/swine/Minnesota/A01503781/2014|A_/_H3N2|unassigned|2014-08-31|HA|4|EPI_ISL_167153","unassigned","A/swine/Minnesota/A01503781/2014|A_/_H3N2|unassigned|2014-08-31|HA|4|EPI_ISL_167153","Minnesota","2014-08-31"
"A/swine/Minnesota/A01503779/2014|A_/_H3N2|unassigned|2014-08-31|HA|4|EPI_ISL_167179","unassigned","A/swine/Minnesota/A01503779/2014|A_/_H3N2|unassigned|2014-08-31|HA|4|EPI_ISL_167179","Minnesota","2014-08-31"
"A/swine/Minnesota/A01503777/2014|A_/_H3N2|unassigned|2014-08-31|HA|4|EPI_ISL_167180","unassigned","A/swine/Minnesota/A01503777/2014|A_/_H3N2|unassigned|2014-08-31|HA|4|EPI_ISL_167180","Minnesota","2014-08-31"
"A/swine/Minnesota/A01503773/2014|A_/_H3N2|unassigned|2014-08-31|HA|4|EPI_ISL_167181","unassigned","A/swine/Minnesota/A01503773/2014|A_/_H3N2|unassigned|2014-08-31|HA|4|EPI_ISL_167181","Minnesota","2014-08-31"
"A/swine/Minnesota/A01565076/2014|A_/_H3N2|unassigned|2014-09-10|HA|4|EPI_ISL_167235","unassigned","A/swine/Minnesota/A01565076/2014|A_/_H3N2|unassigned|2014-09-10|HA|4|EPI_ISL_167235","Minnesota","2014-09-10"
"A/swine/Iowa/A01476238/2014|A_/_H3N2|unassigned|2014-08-18|HA|4|EPI_ISL_167323","unassigned","A/swine/Iowa/A01476238/2014|A_/_H3N2|unassigned|2014-08-18|HA|4|EPI_ISL_167323","Iowa","2014-08-18"
"A/swine/Indiana/14TOSU0343/2014|A_/_H3N2|unassigned|2014-01-01|HA|4|EPI_ISL_200849","1990.4.b1","A/swine/Indiana/14TOSU0343/2014|A_/_H3N2|1990.4.b1|2014-01-01|HA|4|EPI_ISL_200849","Indiana","2014-01-01"
"A/swine/Ohio/14TOSU21808/2014|A_/_H3N2|unassigned|2014-01-01|HA|4|EPI_ISL_200864","1990.4.b1","A/swine/Ohio/14TOSU21808/2014|A_/_H3N2|1990.4.b1|2014-01-01|HA|4|EPI_ISL_200864","Ohio","2014-01-01"
"A/swine/Ohio/14TOSU21817/2014|A_/_H3N2|unassigned|2014-01-01|HA|4|EPI_ISL_200869","unassigned","A/swine/Ohio/14TOSU21817/2014|A_/_H3N2|unassigned|2014-01-01|HA|4|EPI_ISL_200869","Ohio","2014-01-01"
"A/swine/Indiana/14TOSU0235/2014|A_/_H3N2|unassigned|2014-01-01|HA|4|EPI_ISL_200875","1990.4.b1","A/swine/Indiana/14TOSU0235/2014|A_/_H3N2|1990.4.b1|2014-01-01|HA|4|EPI_ISL_200875","Indiana","2014-01-01"
"A/swine/Kansas/A01377371/2014|A_/_H3N2|unassigned|2014-10-15|HA|4|EPI_ISL_168507","1990.4.b1","A/swine/Kansas/A01377371/2014|A_/_H3N2|1990.4.b1|2014-10-15|HA|4|EPI_ISL_168507","Kansas","2014-10-15"
"A/swine/Iowa/A01476858/2014|A_/_H3N2|unassigned|2014-10-29|HA|4|EPI_ISL_181267","1990.4.b1","A/swine/Iowa/A01476858/2014|A_/_H3N2|1990.4.b1|2014-10-29|HA|4|EPI_ISL_181267","Iowa","2014-10-29"
"A/swine/Indiana/14TOSU3013/2014|A_/_H3N2|unassigned|2014-01-01|HA|4|EPI_ISL_200887","1990.4.b1","A/swine/Indiana/14TOSU3013/2014|A_/_H3N2|1990.4.b1|2014-01-01|HA|4|EPI_ISL_200887","Indiana","2014-01-01"
"A/swine/Arkansas/A01840187/2014|A_/_H3N2|unassigned|2014-11-19|HA|4|EPI_ISL_173681","1990.4.b1","A/swine/Arkansas/A01840187/2014|A_/_H3N2|1990.4.b1|2014-11-19|HA|4|EPI_ISL_173681","Arkansas","2014-11-19"
"A/swine/Illinois/A01555038/2014|A_/_H3N2|unassigned|2014-11-19|HA|4|EPI_ISL_182323","unassigned","A/swine/Illinois/A01555038/2014|A_/_H3N2|unassigned|2014-11-19|HA|4|EPI_ISL_182323","Illinois","2014-11-19"
"A/swine/Kentucky/14TOSU24012/2014|A_/_H3N2|unassigned|2014-01-01|HA|4|EPI_ISL_200861","1990.4.b1","A/swine/Kentucky/14TOSU24012/2014|A_/_H3N2|1990.4.b1|2014-01-01|HA|4|EPI_ISL_200861","Kentucky","2014-01-01"
"A/swine/Kentucky/14TOSU24005/2014|A_/_H3N2|unassigned|2014-01-01|HA|4|EPI_ISL_200880","unassigned","A/swine/Kentucky/14TOSU24005/2014|A_/_H3N2|unassigned|2014-01-01|HA|4|EPI_ISL_200880","Kentucky","2014-01-01"
"A/swine/Minnesota/A01565290/2014|A_/_H3N2|unassigned|2014-09-22|HA|4|EPI_ISL_167423","1990.4.b1","A/swine/Minnesota/A01565290/2014|A_/_H3N2|1990.4.b1|2014-09-22|HA|4|EPI_ISL_167423","Minnesota","2014-09-22"
"A/swine/Indiana/14TOSU0364/2014|A_/_H3N2|unassigned|2014-01-01|HA|4|EPI_ISL_200840","1990.4.b1","A/swine/Indiana/14TOSU0364/2014|A_/_H3N2|1990.4.b1|2014-01-01|HA|4|EPI_ISL_200840","Indiana","2014-01-01"
"A/swine/Ohio/14TOSU21811/2014|A_/_H3N2|unassigned|2014-01-01|HA|4|EPI_ISL_200865","1990.4.b1","A/swine/Ohio/14TOSU21811/2014|A_/_H3N2|1990.4.b1|2014-01-01|HA|4|EPI_ISL_200865","Ohio","2014-01-01"
"A/swine/Indiana/14TOSU0374/2014|A_/_H3N2|unassigned|2014-01-01|HA|4|EPI_ISL_200858","1990.4.b1","A/swine/Indiana/14TOSU0374/2014|A_/_H3N2|1990.4.b1|2014-01-01|HA|4|EPI_ISL_200858","Indiana","2014-01-01"
"A/swine/Indiana/14TOSU0364/2014|A_/_H3N2|unassigned|2014-01-01|HA|4|EPI_ISL_16706691","unassigned","A/swine/Indiana/14TOSU0364/2014|A_/_H3N2|unassigned|2014-01-01|HA|4|EPI_ISL_16706691","Indiana","2014-01-01"
"A/swine/Indiana/14TOSU2891/2014|A_/_H3N2|unassigned|2014-01-01|HA|4|EPI_ISL_200883","1990.4.b1","A/swine/Indiana/14TOSU2891/2014|A_/_H3N2|1990.4.b1|2014-01-01|HA|4|EPI_ISL_200883","Indiana","2014-01-01"
"A/swine/Indiana/14TOSU0226/2014|A_/_H3N2|unassigned|2014-01-01|HA|4|EPI_ISL_200891","1990.4.b1","A/swine/Indiana/14TOSU0226/2014|A_/_H3N2|1990.4.b1|2014-01-01|HA|4|EPI_ISL_200891","Indiana","2014-01-01"
"A/swine/Ohio/14TOSU21818/2014|A_/_H3N2|unassigned|2014-01-01|HA|4|EPI_ISL_200871","1990.4.b1","A/swine/Ohio/14TOSU21818/2014|A_/_H3N2|1990.4.b1|2014-01-01|HA|4|EPI_ISL_200871","Ohio","2014-01-01"
"A/swine/Indiana/14TOSU8050/2014|A_/_H3N2|unassigned|2014-01-01|HA|4|EPI_ISL_200886","1990.4.b1","A/swine/Indiana/14TOSU8050/2014|A_/_H3N2|1990.4.b1|2014-01-01|HA|4|EPI_ISL_200886","Indiana","2014-01-01"
"A/swine/Kentucky/14TOSU23948/2014|A_/_H3N2|unassigned|2014-01-01|HA|4|EPI_ISL_200850","1990.4.b1","A/swine/Kentucky/14TOSU23948/2014|A_/_H3N2|1990.4.b1|2014-01-01|HA|4|EPI_ISL_200850","Kentucky","2014-01-01"
"A/swine/Ohio/14TOSU21800/2014|A_/_H3N2|unassigned|2014-01-01|HA|4|EPI_ISL_200894","1990.4.b1","A/swine/Ohio/14TOSU21800/2014|A_/_H3N2|1990.4.b1|2014-01-01|HA|4|EPI_ISL_200894","Ohio","2014-01-01"
"A/swine/Ohio/14TOSU0143/2014|A_/_H3N2|unassigned|2014-01-01|HA|4|EPI_ISL_200874","1990.4.b1","A/swine/Ohio/14TOSU0143/2014|A_/_H3N2|1990.4.b1|2014-01-01|HA|4|EPI_ISL_200874","Ohio","2014-01-01"
"A/swine/Kentucky/14TOSU23913/2014|A_/_H3N2|unassigned|2014-01-01|HA|4|EPI_ISL_200899","unassigned","A/swine/Kentucky/14TOSU23913/2014|A_/_H3N2|unassigned|2014-01-01|HA|4|EPI_ISL_200899","Kentucky","2014-01-01"
"A/swine/Ohio/14TOSU21806/2014|A_/_H3N2|unassigned|2014-01-01|HA|4|EPI_ISL_200851","1990.4.b1","A/swine/Ohio/14TOSU21806/2014|A_/_H3N2|1990.4.b1|2014-01-01|HA|4|EPI_ISL_200851","Ohio","2014-01-01"
"A/swine/Kentucky/14TOSU23816/2014|A_/_H3N2|unassigned|2014-01-01|HA|4|EPI_ISL_200878","1990.4.b1","A/swine/Kentucky/14TOSU23816/2014|A_/_H3N2|1990.4.b1|2014-01-01|HA|4|EPI_ISL_200878","Kentucky","2014-01-01"
"A/swine/Indiana/14TOSU8019/2014|A_/_H3N2|unassigned|2014-01-01|HA|4|EPI_ISL_200846","1990.4.b1","A/swine/Indiana/14TOSU8019/2014|A_/_H3N2|1990.4.b1|2014-01-01|HA|4|EPI_ISL_200846","Indiana","2014-01-01"
"A/swine/Kentucky/14TOSU23978/2014|A_/_H3N2|unassigned|2014-01-01|HA|4|EPI_ISL_200842","1990.4.b1","A/swine/Kentucky/14TOSU23978/2014|A_/_H3N2|1990.4.b1|2014-01-01|HA|4|EPI_ISL_200842","Kentucky","2014-01-01"
"A/swine/Ohio/14TOSU0422/2014|A_/_H3N2|unassigned|2014-01-01|HA|4|EPI_ISL_200876","1990.4.b1","A/swine/Ohio/14TOSU0422/2014|A_/_H3N2|1990.4.b1|2014-01-01|HA|4|EPI_ISL_200876","Ohio","2014-01-01"
"A/swine/Ohio/14TOSU0122/2014|A_/_H3N2|unassigned|2014-01-01|HA|4|EPI_ISL_200901","1990.4.b1","A/swine/Ohio/14TOSU0122/2014|A_/_H3N2|1990.4.b1|2014-01-01|HA|4|EPI_ISL_200901","Ohio","2014-01-01"
"A/swine/Kentucky/14TOSU23818/2014|A_/_H3N2|unassigned|2014-01-01|HA|4|EPI_ISL_200841","1990.4.b1","A/swine/Kentucky/14TOSU23818/2014|A_/_H3N2|1990.4.b1|2014-01-01|HA|4|EPI_ISL_200841","Kentucky","2014-01-01"
"A/swine/Indiana/14TOSU8041/2014|A_/_H3N2|unassigned|2014-01-01|HA|4|EPI_ISL_200877","1990.4.b1","A/swine/Indiana/14TOSU8041/2014|A_/_H3N2|1990.4.b1|2014-01-01|HA|4|EPI_ISL_200877","Indiana","2014-01-01"
"A/swine/Kentucky/14TOSU23965/2014|A_/_H3N2|unassigned|2014-01-01|HA|4|EPI_ISL_200843","1990.4.b1","A/swine/Kentucky/14TOSU23965/2014|A_/_H3N2|1990.4.b1|2014-01-01|HA|4|EPI_ISL_200843","Kentucky","2014-01-01"
"A/swine/Ohio/14TOSU0435/2014|A_/_H3N2|unassigned|2014-01-01|HA|4|EPI_ISL_200868","1990.4.b1","A/swine/Ohio/14TOSU0435/2014|A_/_H3N2|1990.4.b1|2014-01-01|HA|4|EPI_ISL_200868","Ohio","2014-01-01"
"A/swine/Minnesota/A01847108/2015|A_/_H3N2|unassigned|2015-04-03|HA|4|EPI_ISL_190489","1990.4.b1","A/swine/Minnesota/A01847108/2015|A_/_H3N2|1990.4.b1|2015-04-03|HA|4|EPI_ISL_190489","Minnesota","2015-04-03"
"A/swine/South_Dakota/A01841915/2015|A_/_H3N2|unassigned|2015-03-27|HA|4|EPI_ISL_179621","1990.4.b1","A/swine/South Dakota/A01841915/2015|A_/_H3N2|1990.4.b1|2015-03-27|HA|4|EPI_ISL_179621","South Dakota","2015-03-27"
"A/swine/Minnesota/A01847455/2015|A_/_H3N2|unassigned|2015-04-20|HA|4|EPI_ISL_188903","1990.4.b1","A/swine/Minnesota/A01847455/2015|A_/_H3N2|1990.4.b1|2015-04-20|HA|4|EPI_ISL_188903","Minnesota","2015-04-20"
"A/swine/Minnesota/A01847477/2015|A_/_H3N2|unassigned|2015-04-20|HA|4|EPI_ISL_188906","1990.4.b1","A/swine/Minnesota/A01847477/2015|A_/_H3N2|1990.4.b1|2015-04-20|HA|4|EPI_ISL_188906","Minnesota","2015-04-20"
"A/swine/Iowa/A01822205/2015|A_/_H3N2|unassigned|2015-05-14|HA|4|EPI_ISL_190888","1990.4.b1","A/swine/Iowa/A01822205/2015|A_/_H3N2|1990.4.b1|2015-05-14|HA|4|EPI_ISL_190888","Iowa","2015-05-14"
"A/swine/Iowa/A01847871/2015|A_/_H3N2|unassigned|2015-05-06|HA|4|EPI_ISL_190465","1990.4.b1","A/swine/Iowa/A01847871/2015|A_/_H3N2|1990.4.b1|2015-05-06|HA|4|EPI_ISL_190465","Iowa","2015-05-06"
"A/swine/Ohio/14TOSU0566/2014|A_/_H3N2|unassigned|2014-01-01|HA|4|EPI_ISL_200845","1990.4.b1","A/swine/Ohio/14TOSU0566/2014|A_/_H3N2|1990.4.b1|2014-01-01|HA|4|EPI_ISL_200845","Ohio","2014-01-01"
"A/swine/Ohio/14TOSU0563/2014|A_/_H3N2|unassigned|2014-01-01|HA|4|EPI_ISL_200888","unassigned","A/swine/Ohio/14TOSU0563/2014|A_/_H3N2|unassigned|2014-01-01|HA|4|EPI_ISL_200888","Ohio","2014-01-01"
"A/swine/Iowa/A01822175/2015|A_/_H3N2|unassigned|2015-05-18|HA|4|EPI_ISL_190895","1990.4.b1","A/swine/Iowa/A01822175/2015|A_/_H3N2|1990.4.b1|2015-05-18|HA|4|EPI_ISL_190895","Iowa","2015-05-18"
"A/swine/Iowa/A01822197/2015|A_/_H3N2|unassigned|2015-05-18|HA|4|EPI_ISL_191510","1990.4.b1","A/swine/Iowa/A01822197/2015|A_/_H3N2|1990.4.b1|2015-05-18|HA|4|EPI_ISL_191510","Iowa","2015-05-18"
"A/swine/Arkansas/A01554688/2015|A_/_H3N2|unassigned|2015-04-23|HA|4|EPI_ISL_190534","1990.4.b1","A/swine/Arkansas/A01554688/2015|A_/_H3N2|1990.4.b1|2015-04-23|HA|4|EPI_ISL_190534","Arkansas","2015-04-23"
"A/swine/Iowa/A02025220/2015|A_/_H3N2|unassigned|2015-07-09|HA|4|EPI_ISL_205519","1990.4.b1","A/swine/Iowa/A02025220/2015|A_/_H3N2|1990.4.b1|2015-07-09|HA|4|EPI_ISL_205519","Iowa","2015-07-09"
"A/swine/Iowa/A01769394/2015|A_/_H3N2|unassigned|2015-08-06|HA|4|EPI_ISL_200091","unassigned","A/swine/Iowa/A01769394/2015|A_/_H3N2|unassigned|2015-08-06|HA|4|EPI_ISL_200091","Iowa","2015-08-06"
"A/swine/Illinois/A01555180/2014|A_/_H3N2|unassigned|2014-12-18|HA|4|EPI_ISL_173675","1990.4.b1","A/swine/Illinois/A01555180/2014|A_/_H3N2|1990.4.b1|2014-12-18|HA|4|EPI_ISL_173675","Illinois","2014-12-18"
"A/swine/Minnesota/A01675363/2016|A_/_H3N2|unassigned|2016-01-25|HA|4|EPI_ISL_213800","1990.4.b1","A/swine/Minnesota/A01675363/2016|A_/_H3N2|1990.4.b1|2016-01-25|HA|4|EPI_ISL_213800","Minnesota","2016-01-25"
"A/swine/North_Dakota/A01104084/2014|A_/_H3N2|unassigned|2014-07-25|HA|4|EPI_ISL_166532","1990.4.b1","A/swine/North Dakota/A01104084/2014|A_/_H3N2|1990.4.b1|2014-07-25|HA|4|EPI_ISL_166532","North Dakota","2014-07-25"
"A/swine/Arkansas/A01840185/2014|A_/_H3N2|unassigned|2014-11-08|HA|4|EPI_ISL_173655","1990.4.b1","A/swine/Arkansas/A01840185/2014|A_/_H3N2|1990.4.b1|2014-11-08|HA|4|EPI_ISL_173655","Arkansas","2014-11-08"
"A/swine/Iowa/A01476395/2014|A_/_H3N2|unassigned|2014-09-10|HA|4|EPI_ISL_167432","1990.4.b1","A/swine/Iowa/A01476395/2014|A_/_H3N2|1990.4.b1|2014-09-10|HA|4|EPI_ISL_167432","Iowa","2014-09-10"
"A/swine/Indiana/A01260591/2014|A_/_H3N2|unassigned|2014-07-16|HA|4|EPI_ISL_167187","1990.4.b1","A/swine/Indiana/A01260591/2014|A_/_H3N2|1990.4.b1|2014-07-16|HA|4|EPI_ISL_167187","Indiana","2014-07-16"
"A/swine/Indiana/A01476391/2014|A_/_H3N2|unassigned|2014-09-09|HA|4|EPI_ISL_167426","1990.4.b1","A/swine/Indiana/A01476391/2014|A_/_H3N2|1990.4.b1|2014-09-09|HA|4|EPI_ISL_167426","Indiana","2014-09-09"
"A/swine/Illinois/A02076652/2015|A_/_H3N2|unassigned|2015-04-28|HA|4|EPI_ISL_190523","1990.4.b1","A/swine/Illinois/A02076652/2015|A_/_H3N2|1990.4.b1|2015-04-28|HA|4|EPI_ISL_190523","Illinois","2015-04-28"
"A/swine/Indiana/A01477819/2014|A_/_H3N2|unassigned|2014-11-05|HA|4|EPI_ISL_182298","1990.4.b1","A/swine/Indiana/A01477819/2014|A_/_H3N2|1990.4.b1|2014-11-05|HA|4|EPI_ISL_182298","Indiana","2014-11-05"
"A/swine/Arkansas/A01555210/2014|A_/_H3N2|unassigned|2014-12-22|HA|4|EPI_ISL_174465","1990.4.b1","A/swine/Arkansas/A01555210/2014|A_/_H3N2|1990.4.b1|2014-12-22|HA|4|EPI_ISL_174465","Arkansas","2014-12-22"
"A/swine/Arkansas/A01840240/2014|A_/_H3N2|unassigned|2014-12-22|HA|4|EPI_ISL_174469","unassigned","A/swine/Arkansas/A01840240/2014|A_/_H3N2|unassigned|2014-12-22|HA|4|EPI_ISL_174469","Arkansas","2014-12-22"
"A/swine/Arkansas/A01840027/2014|A_/_H3N2|unassigned|2014-12-02|HA|4|EPI_ISL_174302","1990.4.b1","A/swine/Arkansas/A01840027/2014|A_/_H3N2|1990.4.b1|2014-12-02|HA|4|EPI_ISL_174302","Arkansas","2014-12-02"
"A/swine/Iowa/A02077555/2015|A_/_H3N2|unassigned|2015-05-07|HA|4|EPI_ISL_190477","1990.4.b1","A/swine/Iowa/A02077555/2015|A_/_H3N2|1990.4.b1|2015-05-07|HA|4|EPI_ISL_190477","Iowa","2015-05-07"
"A/swine/Ohio/14TOSU21801/2014|A_/_H3N2|unassigned|2014-01-01|HA|4|EPI_ISL_200903","1990.4.b1","A/swine/Ohio/14TOSU21801/2014|A_/_H3N2|1990.4.b1|2014-01-01|HA|4|EPI_ISL_200903","Ohio","2014-01-01"
"A/swine/Ohio/14TOSU0294/2014|A_/_H3N2|unassigned|2014-08-04|HA|4|EPI_ISL_243756","1990.4.b1","A/swine/Ohio/14TOSU0294/2014|A_/_H3N2|1990.4.b1|2014-08-04|HA|4|EPI_ISL_243756","Ohio","2014-08-04"
"A/swine/Ohio/14TOSU0306/2014|A_/_H3N2|unassigned|2014-08-04|HA|4|EPI_ISL_243765","1990.4.b1","A/swine/Ohio/14TOSU0306/2014|A_/_H3N2|1990.4.b1|2014-08-04|HA|4|EPI_ISL_243765","Ohio","2014-08-04"
"A/swine/Iowa/A01470314/2015|A_/_H3N2|unassigned|2015-03-09|HA|4|EPI_ISL_177920","1990.4.b1","A/swine/Iowa/A01470314/2015|A_/_H3N2|1990.4.b1|2015-03-09|HA|4|EPI_ISL_177920","Iowa","2015-03-09"
"A/swine/Iowa/A01290671/2013|A_/_H3N2|unassigned|2013-10-01|HA|4|EPI_ISL_153728","1990.4.b1","A/swine/Iowa/A01290671/2013|A_/_H3N2|1990.4.b1|2013-10-01|HA|4|EPI_ISL_153728","Iowa","2013-10-01"
"A/swine/Iowa/A01432826/2013|A_/_H3N2|unassigned|2013-06-01|HA|4|EPI_ISL_147156","1990.4.b1","A/swine/Iowa/A01432826/2013|A_/_H3N2|1990.4.b1|2013-06-01|HA|4|EPI_ISL_147156","Iowa","2013-06-01"
"A/swine/Kentucky/14TOSU23883/2014|A_/_H3N2|unassigned|2014-01-01|HA|4|EPI_ISL_200873","1990.4.b1","A/swine/Kentucky/14TOSU23883/2014|A_/_H3N2|1990.4.b1|2014-01-01|HA|4|EPI_ISL_200873","Kentucky","2014-01-01"
"A/swine/Ohio/14TOSU21805/2014|A_/_H3N2|unassigned|2014-01-01|HA|4|EPI_ISL_200896","1990.4.b1","A/swine/Ohio/14TOSU21805/2014|A_/_H3N2|1990.4.b1|2014-01-01|HA|4|EPI_ISL_200896","Ohio","2014-01-01"
"A/swine/Kentucky/14TOSU23911/2014|A_/_H3N2|unassigned|2014-01-01|HA|4|EPI_ISL_200900","1990.4.b1","A/swine/Kentucky/14TOSU23911/2014|A_/_H3N2|1990.4.b1|2014-01-01|HA|4|EPI_ISL_200900","Kentucky","2014-01-01"
"A/swine/Indiana/16TOSU4068/2016|A_/_H3N2|unassigned|2016-07-01|HA|4|EPI_ISL_261507","unassigned","A/swine/Indiana/16TOSU4068/2016|A_/_H3N2|unassigned|2016-07-01|HA|4|EPI_ISL_261507","Indiana","2016-07-01"
"A/swine/Iowa/A01782576/2016|A_/_H3N2|unassigned|2016-10-19|HA|4|EPI_ISL_245076","1990.4.b1","A/swine/Iowa/A01782576/2016|A_/_H3N2|1990.4.b1|2016-10-19|HA|4|EPI_ISL_245076","Iowa","2016-10-19"
"A/swine/Iowa/A01481221/2014|A_/_H3N2|unassigned|2014-05-02|HA|4|EPI_ISL_163635","1990.4.b1","A/swine/Iowa/A01481221/2014|A_/_H3N2|1990.4.b1|2014-05-02|HA|4|EPI_ISL_163635","Iowa","2014-05-02"
"A/swine/Illinois/A01554952/2015|A_/_H3N2|unassigned|2015-05-14|HA|4|EPI_ISL_191509","1990.4.b1","A/swine/Illinois/A01554952/2015|A_/_H3N2|1990.4.b1|2015-05-14|HA|4|EPI_ISL_191509","Illinois","2015-05-14"
"A/swine/Iowa/A01290933/2013|A_/_H3N2|unassigned|2013-12-01|HA|4|EPI_ISL_155708","1990.4.b1","A/swine/Iowa/A01290933/2013|A_/_H3N2|1990.4.b1|2013-12-01|HA|4|EPI_ISL_155708","Iowa","2013-12-01"
"A/swine/Iowa/A01432680/2013|A_/_H3N2|unassigned|2013-05-01|HA|4|EPI_ISL_143206","1990.4.b1","A/swine/Iowa/A01432680/2013|A_/_H3N2|1990.4.b1|2013-05-01|HA|4|EPI_ISL_143206","Iowa","2013-05-01"
"A/swine/Iowa/A01432731/2013|A_/_H3N2|unassigned|2013-05-01|HA|4|EPI_ISL_143208","1990.4.b1","A/swine/Iowa/A01432731/2013|A_/_H3N2|1990.4.b1|2013-05-01|HA|4|EPI_ISL_143208","Iowa","2013-05-01"
"A/swine/Minnesota/A01392044/2013|A_/_H3N2|unassigned|2013-09-10|HA|4|EPI_ISL_151705","1990.4.b1","A/swine/Minnesota/A01392044/2013|A_/_H3N2|1990.4.b1|2013-09-10|HA|4|EPI_ISL_151705","Minnesota","2013-09-10"
"A/swine/Minnesota/A01271731/2012|A_/_H3N2|unassigned|2012-10-31|HA|4|EPI_ISL_133006","1990.4.b1","A/swine/Minnesota/A01271731/2012|A_/_H3N2|1990.4.b1|2012-10-31|HA|4|EPI_ISL_133006","Minnesota","2012-10-31"
"A/swine/Minnesota/A01300160/2012|A_/_H3N2|unassigned|2012-06-01|HA|4|EPI_ISL_130121","1990.4.b1","A/swine/Minnesota/A01300160/2012|A_/_H3N2|1990.4.b1|2012-06-01|HA|4|EPI_ISL_130121","Minnesota","2012-06-01"
"A/swine/Iowa/A01300194/2012|A_/_H3N2|unassigned|2012-06-21|HA|4|EPI_ISL_130131","1990.4.b1","A/swine/Iowa/A01300194/2012|A_/_H3N2|1990.4.b1|2012-06-21|HA|4|EPI_ISL_130131","Iowa","2012-06-21"
"A/swine/Iowa/A01300195/2012|A_/_H3N2|unassigned|2012-06-25|HA|4|EPI_ISL_130136","unassigned","A/swine/Iowa/A01300195/2012|A_/_H3N2|unassigned|2012-06-25|HA|4|EPI_ISL_130136","Iowa","2012-06-25"
"A/swine/Iowa/A01203482/2012|A_/_H3N2|unassigned|2012-04-30|HA|4|EPI_ISL_124044","1990.4.b1","A/swine/Iowa/A01203482/2012|A_/_H3N2|1990.4.b1|2012-04-30|HA|4|EPI_ISL_124044","Iowa","2012-04-30"
"A/swine/Iowa/A01203304/2012|A_/_H3N2|unassigned|2012-02-27|HA|4|EPI_ISL_127700","1990.4.b1","A/swine/Iowa/A01203304/2012|A_/_H3N2|1990.4.b1|2012-02-27|HA|4|EPI_ISL_127700","Iowa","2012-02-27"
"A/swine/Iowa/A01203459/2012|A_/_H3N2|unassigned|2012-04-23|HA|4|EPI_ISL_127724","1990.4.b1","A/swine/Iowa/A01203459/2012|A_/_H3N2|1990.4.b1|2012-04-23|HA|4|EPI_ISL_127724","Iowa","2012-04-23"
"A/swine/Iowa/A01203104/2011|A_/_H3N2|unassigned|2011-12-27|HA|4|EPI_ISL_127880","unassigned","A/swine/Iowa/A01203104/2011|A_/_H3N2|unassigned|2011-12-27|HA|4|EPI_ISL_127880","Iowa","2011-12-27"
"A/swine/Iowa/A01203492/2012|A_/_H3N2|unassigned|2012-05-04|HA|4|EPI_ISL_124045","1990.4.b1","A/swine/Iowa/A01203492/2012|A_/_H3N2|1990.4.b1|2012-05-04|HA|4|EPI_ISL_124045","Iowa","2012-05-04"
"A/swine/Iowa/A01243311/2012|A_/_H3N2|unassigned|2012-04-23|HA|4|EPI_ISL_127727","1990.4.b1","A/swine/Iowa/A01243311/2012|A_/_H3N2|1990.4.b1|2012-04-23|HA|4|EPI_ISL_127727","Iowa","2012-04-23"
"A/swine/Minnesota/A01442410/2012|A_/_H3N2|unassigned|2012-03-26|HA|4|EPI_ISL_134291","1990.4.b1","A/swine/Minnesota/A01442410/2012|A_/_H3N2|1990.4.b1|2012-03-26|HA|4|EPI_ISL_134291","Minnesota","2012-03-26"
"A/swine/Iowa/A01203463/2012|A_/_H3N2|unassigned|2012-04-24|HA|4|EPI_ISL_127723","1990.4.b1","A/swine/Iowa/A01203463/2012|A_/_H3N2|1990.4.b1|2012-04-24|HA|4|EPI_ISL_127723","Iowa","2012-04-24"
"A/swine/Illinois/A01271617/2012|A_/_H3N2|unassigned|2012-10-30|HA|4|EPI_ISL_144533","1990.4.b1","A/swine/Illinois/A01271617/2012|A_/_H3N2|1990.4.b1|2012-10-30|HA|4|EPI_ISL_144533","Illinois","2012-10-30"
"A/swine/Illinois/A01271623/2012|A_/_H3N2|unassigned|2012-10-30|HA|4|EPI_ISL_133007","unassigned","A/swine/Illinois/A01271623/2012|A_/_H3N2|unassigned|2012-10-30|HA|4|EPI_ISL_133007","Illinois","2012-10-30"
"A/swine/Iowa/A01432077/2012|A_/_H3N2|unassigned|2012-10-01|HA|4|EPI_ISL_132333","1990.4.b1","A/swine/Iowa/A01432077/2012|A_/_H3N2|1990.4.b1|2012-10-01|HA|4|EPI_ISL_132333","Iowa","2012-10-01"
"A/swine/Iowa/A01203872/2012|A_/_H3N2|unassigned|2012-10-01|HA|4|EPI_ISL_132350","1990.4.b1","A/swine/Iowa/A01203872/2012|A_/_H3N2|1990.4.b1|2012-10-01|HA|4|EPI_ISL_132350","Iowa","2012-10-01"
"A/swine/Iowa/A01203954/2012|A_/_H3N2|unassigned|2012-10-01|HA|4|EPI_ISL_132359","unassigned","A/swine/Iowa/A01203954/2012|A_/_H3N2|unassigned|2012-10-01|HA|4|EPI_ISL_132359","Iowa","2012-10-01"
"A/swine/Iowa/A01203943/2012|A_/_H3N2|unassigned|2012-10-03|HA|4|EPI_ISL_132356","1990.4.b1","A/swine/Iowa/A01203943/2012|A_/_H3N2|1990.4.b1|2012-10-03|HA|4|EPI_ISL_132356","Iowa","2012-10-03"
"A/swine/Minnesota/A01442898/2012|A_/_H3N2|unassigned|2012-12-18|HA|4|EPI_ISL_135951","1990.4.b1","A/swine/Minnesota/A01442898/2012|A_/_H3N2|1990.4.b1|2012-12-18|HA|4|EPI_ISL_135951","Minnesota","2012-12-18"
"A/swine/Minnesota/A01271014/2012|A_/_H3N2|unassigned|2012-10-17|HA|4|EPI_ISL_132372","1990.4.b1","A/swine/Minnesota/A01271014/2012|A_/_H3N2|1990.4.b1|2012-10-17|HA|4|EPI_ISL_132372","Minnesota","2012-10-17"
"A/swine/Minnesota/A01271001/2012|A_/_H3N2|unassigned|2012-10-17|HA|4|EPI_ISL_132376","1990.4.b1","A/swine/Minnesota/A01271001/2012|A_/_H3N2|1990.4.b1|2012-10-17|HA|4|EPI_ISL_132376","Minnesota","2012-10-17"
"A/swine/Minnesota/A01432544/2013|A_/_H3N2|unassigned|2013-03-01|HA|4|EPI_ISL_140694","1990.4.b1","A/swine/Minnesota/A01432544/2013|A_/_H3N2|1990.4.b1|2013-03-01|HA|4|EPI_ISL_140694","Minnesota","2013-03-01"
"A/swine/Minnesota/A01267989/2012|A_/_H3N2|unassigned|2012-10-29|HA|4|EPI_ISL_132340","1990.4.b1","A/swine/Minnesota/A01267989/2012|A_/_H3N2|1990.4.b1|2012-10-29|HA|4|EPI_ISL_132340","Minnesota","2012-10-29"
"A/swine/Minnesota/A01271227/2012|A_/_H3N2|unassigned|2012-10-08|HA|4|EPI_ISL_132316","1990.4.b1","A/swine/Minnesota/A01271227/2012|A_/_H3N2|1990.4.b1|2012-10-08|HA|4|EPI_ISL_132316","Minnesota","2012-10-08"
"A/swine/Minnesota/A01271443/2012|A_/_H3N2|unassigned|2012-10-15|HA|4|EPI_ISL_133008","1990.4.b1","A/swine/Minnesota/A01271443/2012|A_/_H3N2|1990.4.b1|2012-10-15|HA|4|EPI_ISL_133008","Minnesota","2012-10-15"
"A/swine/Iowa/A01203612/2012|A_/_H3N2|unassigned|2012-06-30|HA|4|EPI_ISL_128299","1990.4.b1","A/swine/Iowa/A01203612/2012|A_/_H3N2|1990.4.b1|2012-06-30|HA|4|EPI_ISL_128299","Iowa","2012-06-30"
"A/swine/Minnesota/4/2012|A_/_H3N2|unassigned|2012-06-01|HA|4|EPI_ISL_122104","1990.4.b1","A/swine/Minnesota/4/2012|A_/_H3N2|1990.4.b1|2012-06-01|HA|4|EPI_ISL_122104","Minnesota","2012-06-01"
"A/swine/Minnesota/A01432433/2013|A_/_H3N2|unassigned|2013-02-01|HA|4|EPI_ISL_138850","1990.4.b1","A/swine/Minnesota/A01432433/2013|A_/_H3N2|1990.4.b1|2013-02-01|HA|4|EPI_ISL_138850","Minnesota","2013-02-01"
"A/swine/Minnesota/A01301665/2012|A_/_H3N2|unassigned|2012-09-04|HA|4|EPI_ISL_129872","1990.4.b1","A/swine/Minnesota/A01301665/2012|A_/_H3N2|1990.4.b1|2012-09-04|HA|4|EPI_ISL_129872","Minnesota","2012-09-04"
"A/swine/Iowa/A01203936/2012|A_/_H3N2|unassigned|2012-10-01|HA|4|EPI_ISL_132352","1990.4.b1","A/swine/Iowa/A01203936/2012|A_/_H3N2|1990.4.b1|2012-10-01|HA|4|EPI_ISL_132352","Iowa","2012-10-01"
"A/swine/Iowa/A01432072/2012|A_/_H3N2|unassigned|2012-10-01|HA|4|EPI_ISL_132336","1990.4.b1","A/swine/Iowa/A01432072/2012|A_/_H3N2|1990.4.b1|2012-10-01|HA|4|EPI_ISL_132336","Iowa","2012-10-01"
"A/swine/Minnesota/A01280543/2013|A_/_H3N2|unassigned|2013-01-25|HA|4|EPI_ISL_137547","1990.4.b1","A/swine/Minnesota/A01280543/2013|A_/_H3N2|1990.4.b1|2013-01-25|HA|4|EPI_ISL_137547","Minnesota","2013-01-25"
"A/swine/Illinois/A01244402/2012|A_/_H3N2|unassigned|2012-12-05|HA|4|EPI_ISL_134289","unassigned","A/swine/Illinois/A01244402/2012|A_/_H3N2|unassigned|2012-12-05|HA|4|EPI_ISL_134289","Illinois","2012-12-05"
"A/swine/Minnesota/A01432462/2013|A_/_H3N2|unassigned|2013-02-01|HA|4|EPI_ISL_138853","1990.4.b1","A/swine/Minnesota/A01432462/2013|A_/_H3N2|1990.4.b1|2013-02-01|HA|4|EPI_ISL_138853","Minnesota","2013-02-01"
"A/swine/Minnesota/A01432932/2013|A_/_H3N2|unassigned|2013-08-01|HA|4|EPI_ISL_145689","1990.4.b1","A/swine/Minnesota/A01432932/2013|A_/_H3N2|1990.4.b1|2013-08-01|HA|4|EPI_ISL_145689","Minnesota","2013-08-01"
"A/swine/Iowa/A01203248/2012|A_/_H3N2|unassigned|2012-02-09|HA|4|EPI_ISL_127895","1990.4.b1","A/swine/Iowa/A01203248/2012|A_/_H3N2|1990.4.b1|2012-02-09|HA|4|EPI_ISL_127895","Iowa","2012-02-09"
"A/swine/Minnesota/A01203517/2012|A_/_H3N2|unassigned|2012-05-15|HA|4|EPI_ISL_124050","1990.4.b1","A/swine/Minnesota/A01203517/2012|A_/_H3N2|1990.4.b1|2012-05-15|HA|4|EPI_ISL_124050","Minnesota","2012-05-15"
"A/swine/Minnesota/A01327921/2012|A_/_H3N2|unassigned|2012-05-08|HA|4|EPI_ISL_130036","unassigned","A/swine/Minnesota/A01327921/2012|A_/_H3N2|unassigned|2012-05-08|HA|4|EPI_ISL_130036","Minnesota","2012-05-08"
"A/swine/Minnesota/A01327922/2012|A_/_H3N2|unassigned|2012-05-08|HA|4|EPI_ISL_130084","unassigned","A/swine/Minnesota/A01327922/2012|A_/_H3N2|unassigned|2012-05-08|HA|4|EPI_ISL_130084","Minnesota","2012-05-08"
"A/swine/Minnesota/A01300992/2012|A_/_H3N2|unassigned|2012-07-10|HA|4|EPI_ISL_130135","1990.4.b1","A/swine/Minnesota/A01300992/2012|A_/_H3N2|1990.4.b1|2012-07-10|HA|4|EPI_ISL_130135","Minnesota","2012-07-10"
"A/swine/Minnesota/A01442411/2012|A_/_H3N2|unassigned|2012-04-17|HA|4|EPI_ISL_134302","1990.4.b1","A/swine/Minnesota/A01442411/2012|A_/_H3N2|1990.4.b1|2012-04-17|HA|4|EPI_ISL_134302","Minnesota","2012-04-17"
"A/swine/Minnesota/A01240792/2012|A_/_H3N2|unassigned|2012-01-06|HA|4|EPI_ISL_130158","1990.4.b1","A/swine/Minnesota/A01240792/2012|A_/_H3N2|1990.4.b1|2012-01-06|HA|4|EPI_ISL_130158","Minnesota","2012-01-06"
"A/swine/Iowa/A01279512/2012|A_/_H3N2|unassigned|2012-12-03|HA|4|EPI_ISL_133672","1990.4.b1","A/swine/Iowa/A01279512/2012|A_/_H3N2|1990.4.b1|2012-12-03|HA|4|EPI_ISL_133672","Iowa","2012-12-03"
"A/swine/Iowa/MT_12_07_4289/2012|A_/_H3N2|unassigned|2012-08-31|HA|4|EPI_ISL_271039","1990.4.b1","A/swine/Iowa/MT_12_07_4289/2012|A_/_H3N2|1990.4.b1|2012-08-31|HA|4|EPI_ISL_271039","Iowa","2012-08-31"
"A/swine/Iowa/MT_12_07_4294/2012|A_/_H3N2|unassigned|2012-08-31|HA|4|EPI_ISL_271052","unassigned","A/swine/Iowa/MT_12_07_4294/2012|A_/_H3N2|unassigned|2012-08-31|HA|4|EPI_ISL_271052","Iowa","2012-08-31"
"A/swine/Iowa/MT_12_07_4288/2012|A_/_H3N2|unassigned|2012-08-31|HA|4|EPI_ISL_271050","unassigned","A/swine/Iowa/MT_12_07_4288/2012|A_/_H3N2|unassigned|2012-08-31|HA|4|EPI_ISL_271050","Iowa","2012-08-31"
"A/swine/Iowa/MT_12_07_4299/2012|A_/_H3N2|unassigned|2012-08-31|HA|4|EPI_ISL_271057","unassigned","A/swine/Iowa/MT_12_07_4299/2012|A_/_H3N2|unassigned|2012-08-31|HA|4|EPI_ISL_271057","Iowa","2012-08-31"
"A/swine/Iowa/MT_12_07_4286/2012|A_/_H3N2|unassigned|2012-08-31|HA|4|EPI_ISL_271065","unassigned","A/swine/Iowa/MT_12_07_4286/2012|A_/_H3N2|unassigned|2012-08-31|HA|4|EPI_ISL_271065","Iowa","2012-08-31"
"A/swine/Iowa/MT_12_07_4295/2012|A_/_H3N2|unassigned|2012-08-31|HA|4|EPI_ISL_271067","unassigned","A/swine/Iowa/MT_12_07_4295/2012|A_/_H3N2|unassigned|2012-08-31|HA|4|EPI_ISL_271067","Iowa","2012-08-31"
"A/swine/Iowa/MT_12_07_4300/2012|A_/_H3N2|unassigned|2012-08-31|HA|4|EPI_ISL_271077","unassigned","A/swine/Iowa/MT_12_07_4300/2012|A_/_H3N2|unassigned|2012-08-31|HA|4|EPI_ISL_271077","Iowa","2012-08-31"
"A/swine/Iowa/MT_12_07_4303/2012|A_/_H3N2|unassigned|2012-08-31|HA|4|EPI_ISL_271086","unassigned","A/swine/Iowa/MT_12_07_4303/2012|A_/_H3N2|unassigned|2012-08-31|HA|4|EPI_ISL_271086","Iowa","2012-08-31"
"A/swine/Iowa/MT_12_07_4290/2012|A_/_H3N2|unassigned|2012-08-31|HA|4|EPI_ISL_271082","unassigned","A/swine/Iowa/MT_12_07_4290/2012|A_/_H3N2|unassigned|2012-08-31|HA|4|EPI_ISL_271082","Iowa","2012-08-31"
"A/swine/Iowa/MT_12_07_4298/2012|A_/_H3N2|unassigned|2012-08-31|HA|4|EPI_ISL_271641","unassigned","A/swine/Iowa/MT_12_07_4298/2012|A_/_H3N2|unassigned|2012-08-31|HA|4|EPI_ISL_271641","Iowa","2012-08-31"
"A/swine/South_Dakota/MT_12_07_5386/2012|A_/_H3N2|unassigned|2012-07-27|HA|4|EPI_ISL_271652","unassigned","A/swine/South Dakota/MT_12_07_5386/2012|A_/_H3N2|unassigned|2012-07-27|HA|4|EPI_ISL_271652","South Dakota","2012-07-27"
"A/swine/Iowa/MT_12_07_4307/2012|A_/_H3N2|unassigned|2012-08-31|HA|4|EPI_ISL_271662","unassigned","A/swine/Iowa/MT_12_07_4307/2012|A_/_H3N2|unassigned|2012-08-31|HA|4|EPI_ISL_271662","Iowa","2012-08-31"
"A/swine/Iowa/MT_12_07_4302/2012|A_/_H3N2|unassigned|2012-08-31|HA|4|EPI_ISL_271663","unassigned","A/swine/Iowa/MT_12_07_4302/2012|A_/_H3N2|unassigned|2012-08-31|HA|4|EPI_ISL_271663","Iowa","2012-08-31"
"A/swine/Iowa/MT_12_07_4285/2012|A_/_H3N2|unassigned|2012-08-31|HA|4|EPI_ISL_271734","unassigned","A/swine/Iowa/MT_12_07_4285/2012|A_/_H3N2|unassigned|2012-08-31|HA|4|EPI_ISL_271734","Iowa","2012-08-31"
"A/swine/Iowa/MT_12_07_4304/2012|A_/_H3N2|unassigned|2012-08-31|HA|4|EPI_ISL_271729","unassigned","A/swine/Iowa/MT_12_07_4304/2012|A_/_H3N2|unassigned|2012-08-31|HA|4|EPI_ISL_271729","Iowa","2012-08-31"
"A/swine/Iowa/MT_12_07_4287/2012|A_/_H3N2|unassigned|2012-08-31|HA|4|EPI_ISL_271730","unassigned","A/swine/Iowa/MT_12_07_4287/2012|A_/_H3N2|unassigned|2012-08-31|HA|4|EPI_ISL_271730","Iowa","2012-08-31"
"A/swine/Minnesota/MT_12_07_5441/2012|A_/_H3N2|unassigned|2012-11-28|HA|4|EPI_ISL_271756","unassigned","A/swine/Minnesota/MT_12_07_5441/2012|A_/_H3N2|unassigned|2012-11-28|HA|4|EPI_ISL_271756","Minnesota","2012-11-28"
"A/swine/Iowa/MT_12_07_4292/2012|A_/_H3N2|unassigned|2012-08-31|HA|4|EPI_ISL_271758","unassigned","A/swine/Iowa/MT_12_07_4292/2012|A_/_H3N2|unassigned|2012-08-31|HA|4|EPI_ISL_271758","Iowa","2012-08-31"
"A/swine/Iowa/MT_12_07_4284/2012|A_/_H3N2|unassigned|2012-08-31|HA|4|EPI_ISL_271755","unassigned","A/swine/Iowa/MT_12_07_4284/2012|A_/_H3N2|unassigned|2012-08-31|HA|4|EPI_ISL_271755","Iowa","2012-08-31"
"A/swine/Iowa/MT_12_07_4306/2012|A_/_H3N2|unassigned|2012-08-31|HA|4|EPI_ISL_271044","1990.4.b1","A/swine/Iowa/MT_12_07_4306/2012|A_/_H3N2|1990.4.b1|2012-08-31|HA|4|EPI_ISL_271044","Iowa","2012-08-31"
"A/swine/Iowa/MT_12_07_4296/2012|A_/_H3N2|unassigned|2012-08-31|HA|4|EPI_ISL_271640","unassigned","A/swine/Iowa/MT_12_07_4296/2012|A_/_H3N2|unassigned|2012-08-31|HA|4|EPI_ISL_271640","Iowa","2012-08-31"
"A/swine/Iowa/MT_12_07_4301/2012|A_/_H3N2|unassigned|2012-08-31|HA|4|EPI_ISL_271048","1990.4.b1","A/swine/Iowa/MT_12_07_4301/2012|A_/_H3N2|1990.4.b1|2012-08-31|HA|4|EPI_ISL_271048","Iowa","2012-08-31"
"A/swine/Iowa/MT_12_07_4297/2012|A_/_H3N2|unassigned|2012-08-31|HA|4|EPI_ISL_271040","1990.4.b1","A/swine/Iowa/MT_12_07_4297/2012|A_/_H3N2|1990.4.b1|2012-08-31|HA|4|EPI_ISL_271040","Iowa","2012-08-31"
"A/swine/Minnesota/A01379746/2013|A_/_H3N2|unassigned|2013-04-15|HA|4|EPI_ISL_142302","1990.4.b1","A/swine/Minnesota/A01379746/2013|A_/_H3N2|1990.4.b1|2013-04-15|HA|4|EPI_ISL_142302","Minnesota","2013-04-15"
"A/swine/Minnesota/MT_13_01_S58/2013|A_/_H3N2|unassigned|2013-02-20|HA|4|EPI_ISL_281875","unassigned","A/swine/Minnesota/MT_13_01_S58/2013|A_/_H3N2|unassigned|2013-02-20|HA|4|EPI_ISL_281875","Minnesota","2013-02-20"
"A/swine/Minnesota/MT_13_01_S85/2013|A_/_H3N2|unassigned|2013-02-20|HA|4|EPI_ISL_281911","unassigned","A/swine/Minnesota/MT_13_01_S85/2013|A_/_H3N2|unassigned|2013-02-20|HA|4|EPI_ISL_281911","Minnesota","2013-02-20"
"A/swine/Minnesota/MT_13_01_S65/2013|A_/_H3N2|unassigned|2013-02-20|HA|4|EPI_ISL_281912","unassigned","A/swine/Minnesota/MT_13_01_S65/2013|A_/_H3N2|unassigned|2013-02-20|HA|4|EPI_ISL_281912","Minnesota","2013-02-20"
"A/swine/Minnesota/MT_13_01_S60/2013|A_/_H3N2|unassigned|2013-02-20|HA|4|EPI_ISL_281922","unassigned","A/swine/Minnesota/MT_13_01_S60/2013|A_/_H3N2|unassigned|2013-02-20|HA|4|EPI_ISL_281922","Minnesota","2013-02-20"
"A/swine/Minnesota/MT_13_01_S88/2013|A_/_H3N2|unassigned|2013-02-20|HA|4|EPI_ISL_281935","unassigned","A/swine/Minnesota/MT_13_01_S88/2013|A_/_H3N2|unassigned|2013-02-20|HA|4|EPI_ISL_281935","Minnesota","2013-02-20"
"A/swine/Minnesota/MT_13_01_S73/2013|A_/_H3N2|unassigned|2013-02-25|HA|4|EPI_ISL_281930","unassigned","A/swine/Minnesota/MT_13_01_S73/2013|A_/_H3N2|unassigned|2013-02-25|HA|4|EPI_ISL_281930","Minnesota","2013-02-25"
"A/swine/Minnesota/MT_13_01_S89/2013|A_/_H3N2|unassigned|2013-02-20|HA|4|EPI_ISL_281940","unassigned","A/swine/Minnesota/MT_13_01_S89/2013|A_/_H3N2|unassigned|2013-02-20|HA|4|EPI_ISL_281940","Minnesota","2013-02-20"
"A/swine/Minnesota/MT_13_01_S59/2013|A_/_H3N2|unassigned|2013-02-20|HA|4|EPI_ISL_281943","unassigned","A/swine/Minnesota/MT_13_01_S59/2013|A_/_H3N2|unassigned|2013-02-20|HA|4|EPI_ISL_281943","Minnesota","2013-02-20"
"A/swine/Minnesota/MT_13_01_S56/2013|A_/_H3N2|unassigned|2013-02-20|HA|4|EPI_ISL_281948","unassigned","A/swine/Minnesota/MT_13_01_S56/2013|A_/_H3N2|unassigned|2013-02-20|HA|4|EPI_ISL_281948","Minnesota","2013-02-20"
"A/swine/Minnesota/MT_13_01_S54/2013|A_/_H3N2|unassigned|2013-02-20|HA|4|EPI_ISL_281950","unassigned","A/swine/Minnesota/MT_13_01_S54/2013|A_/_H3N2|unassigned|2013-02-20|HA|4|EPI_ISL_281950","Minnesota","2013-02-20"
"A/swine/Minnesota/MT_13_01_S70/2013|A_/_H3N2|unassigned|2013-02-25|HA|4|EPI_ISL_281945","unassigned","A/swine/Minnesota/MT_13_01_S70/2013|A_/_H3N2|unassigned|2013-02-25|HA|4|EPI_ISL_281945","Minnesota","2013-02-25"
"A/swine/Minnesota/MT_13_01_S69/2013|A_/_H3N2|unassigned|2013-02-25|HA|4|EPI_ISL_281947","unassigned","A/swine/Minnesota/MT_13_01_S69/2013|A_/_H3N2|unassigned|2013-02-25|HA|4|EPI_ISL_281947","Minnesota","2013-02-25"
"A/swine/Minnesota/MT_13_01_S71/2013|A_/_H3N2|unassigned|2013-02-25|HA|4|EPI_ISL_281955","unassigned","A/swine/Minnesota/MT_13_01_S71/2013|A_/_H3N2|unassigned|2013-02-25|HA|4|EPI_ISL_281955","Minnesota","2013-02-25"
"A/swine/Minnesota/MT_13_01_S55/2013|A_/_H3N2|unassigned|2013-02-20|HA|4|EPI_ISL_281960","unassigned","A/swine/Minnesota/MT_13_01_S55/2013|A_/_H3N2|unassigned|2013-02-20|HA|4|EPI_ISL_281960","Minnesota","2013-02-20"
"A/swine/Minnesota/MT_13_01_S72/2013|A_/_H3N2|unassigned|2013-02-25|HA|4|EPI_ISL_281968","unassigned","A/swine/Minnesota/MT_13_01_S72/2013|A_/_H3N2|unassigned|2013-02-25|HA|4|EPI_ISL_281968","Minnesota","2013-02-25"
"A/swine/Minnesota/MT_13_01_S61/2013|A_/_H3N2|unassigned|2013-02-20|HA|4|EPI_ISL_281969","unassigned","A/swine/Minnesota/MT_13_01_S61/2013|A_/_H3N2|unassigned|2013-02-20|HA|4|EPI_ISL_281969","Minnesota","2013-02-20"
"A/swine/Minnesota/MT_13_01_S64/2013|A_/_H3N2|unassigned|2013-02-20|HA|4|EPI_ISL_281981","unassigned","A/swine/Minnesota/MT_13_01_S64/2013|A_/_H3N2|unassigned|2013-02-20|HA|4|EPI_ISL_281981","Minnesota","2013-02-20"
"A/swine/Minnesota/MT_13_01_S57/2013|A_/_H3N2|unassigned|2013-02-20|HA|4|EPI_ISL_281982","unassigned","A/swine/Minnesota/MT_13_01_S57/2013|A_/_H3N2|unassigned|2013-02-20|HA|4|EPI_ISL_281982","Minnesota","2013-02-20"
"A/swine/Minnesota/MT_13_01_S53/2013|A_/_H3N2|unassigned|2013-02-20|HA|4|EPI_ISL_281983","unassigned","A/swine/Minnesota/MT_13_01_S53/2013|A_/_H3N2|unassigned|2013-02-20|HA|4|EPI_ISL_281983","Minnesota","2013-02-20"
"A/swine/Minnesota/MT_13_01_S74/2013|A_/_H3N2|unassigned|2013-02-25|HA|4|EPI_ISL_281933","1990.4.b1","A/swine/Minnesota/MT_13_01_S74/2013|A_/_H3N2|1990.4.b1|2013-02-25|HA|4|EPI_ISL_281933","Minnesota","2013-02-25"
"A/swine/Minnesota/MT_13_01_S62/2013|A_/_H3N2|unassigned|2013-02-20|HA|4|EPI_ISL_281942","unassigned","A/swine/Minnesota/MT_13_01_S62/2013|A_/_H3N2|unassigned|2013-02-20|HA|4|EPI_ISL_281942","Minnesota","2013-02-20"
"A/swine/Minnesota/MT_13_01_S68/2013|A_/_H3N2|unassigned|2013-02-25|HA|4|EPI_ISL_281949","unassigned","A/swine/Minnesota/MT_13_01_S68/2013|A_/_H3N2|unassigned|2013-02-25|HA|4|EPI_ISL_281949","Minnesota","2013-02-25"
"A/swine/Minnesota/MT_13_01_S75/2013|A_/_H3N2|unassigned|2013-02-25|HA|4|EPI_ISL_281970","1990.4.b1","A/swine/Minnesota/MT_13_01_S75/2013|A_/_H3N2|1990.4.b1|2013-02-25|HA|4|EPI_ISL_281970","Minnesota","2013-02-25"
"A/swine/Minnesota/MT_13_01_S86/2013|A_/_H3N2|unassigned|2013-02-20|HA|4|EPI_ISL_281980","unassigned","A/swine/Minnesota/MT_13_01_S86/2013|A_/_H3N2|unassigned|2013-02-20|HA|4|EPI_ISL_281980","Minnesota","2013-02-20"
"A/swine/Minnesota/MT_13_01_S63/2013|A_/_H3N2|unassigned|2013-02-20|HA|4|EPI_ISL_281954","unassigned","A/swine/Minnesota/MT_13_01_S63/2013|A_/_H3N2|unassigned|2013-02-20|HA|4|EPI_ISL_281954","Minnesota","2013-02-20"
"A/swine/Iowa/A01432770/2013|A_/_H3N2|unassigned|2013-06-01|HA|4|EPI_ISL_144540","1990.4.b1","A/swine/Iowa/A01432770/2013|A_/_H3N2|1990.4.b1|2013-06-01|HA|4|EPI_ISL_144540","Iowa","2013-06-01"
"A/swine/Minnesota/A01392515/2013|A_/_H3N2|unassigned|2013-10-02|HA|4|EPI_ISL_150652","1990.4.b1","A/swine/Minnesota/A01392515/2013|A_/_H3N2|1990.4.b1|2013-10-02|HA|4|EPI_ISL_150652","Minnesota","2013-10-02"
"A/swine/Minnesota/A01501738/2014|A_/_H3N2|unassigned|2014-06-10|HA|4|EPI_ISL_165151","1990.4.b1","A/swine/Minnesota/A01501738/2014|A_/_H3N2|1990.4.b1|2014-06-10|HA|4|EPI_ISL_165151","Minnesota","2014-06-10"
"A/swine/Minnesota/A01410096/2014|A_/_H3N2|unassigned|2014-01-01|HA|4|EPI_ISL_157189","1990.4.b1","A/swine/Minnesota/A01410096/2014|A_/_H3N2|1990.4.b1|2014-01-01|HA|4|EPI_ISL_157189","Minnesota","2014-01-01"
"A/swine/Minnesota/A01409771/2014|A_/_H3N2|unassigned|2014-01-01|HA|4|EPI_ISL_157205","1990.4.b1","A/swine/Minnesota/A01409771/2014|A_/_H3N2|1990.4.b1|2014-01-01|HA|4|EPI_ISL_157205","Minnesota","2014-01-01"
"A/swine/Minnesota/A01785476/2018|A_/_H3N2|unassigned|2018-03-20|HA|4|EPI_ISL_311220","1990.4.b1","A/swine/Minnesota/A01785476/2018|A_/_H3N2|1990.4.b1|2018-03-20|HA|4|EPI_ISL_311220","Minnesota","2018-03-20"
"A/swine/South_Dakota/A01366205/2013|A_/_H3N2|unassigned|2013-12-05|HA|4|EPI_ISL_154596","1990.4.b1","A/swine/South Dakota/A01366205/2013|A_/_H3N2|1990.4.b1|2013-12-05|HA|4|EPI_ISL_154596","South Dakota","2013-12-05"
"A/swine/Minnesota/A01567401/2014|A_/_H3N2|unassigned|2014-07-21|HA|4|EPI_ISL_174507","1990.4.b1","A/swine/Minnesota/A01567401/2014|A_/_H3N2|1990.4.b1|2014-07-21|HA|4|EPI_ISL_174507","Minnesota","2014-07-21"
"A/swine/Minnesota/A01366004/2013|A_/_H3N2|unassigned|2013-11-25|HA|4|EPI_ISL_153845","1990.4.b1","A/swine/Minnesota/A01366004/2013|A_/_H3N2|1990.4.b1|2013-11-25|HA|4|EPI_ISL_153845","Minnesota","2013-11-25"
"A/swine/Iowa/A01566472/2014|A_/_H3N2|unassigned|2014-09-24|HA|4|EPI_ISL_170824","1990.4.b1","A/swine/Iowa/A01566472/2014|A_/_H3N2|1990.4.b1|2014-09-24|HA|4|EPI_ISL_170824","Iowa","2014-09-24"
"A/swine/Minnesota/A01301617/2012|A_/_H3N2|unassigned|2012-09-07|HA|4|EPI_ISL_131140","1990.4.b1","A/swine/Minnesota/A01301617/2012|A_/_H3N2|1990.4.b1|2012-09-07|HA|4|EPI_ISL_131140","Minnesota","2012-09-07"
"A/swine/South_Dakota/A01279279/2012|A_/_H3N2|unassigned|2012-11-13|HA|4|EPI_ISL_133014","1990.4.b1","A/swine/South Dakota/A01279279/2012|A_/_H3N2|1990.4.b1|2012-11-13|HA|4|EPI_ISL_133014","South Dakota","2012-11-13"
"A/swine/Minnesota/A01397282/2013|A_/_H3N2|unassigned|2013-06-24|HA|4|EPI_ISL_147137","1990.4.b1","A/swine/Minnesota/A01397282/2013|A_/_H3N2|1990.4.b1|2013-06-24|HA|4|EPI_ISL_147137","Minnesota","2013-06-24"
"A/swine/Iowa/A01290414/2013|A_/_H3N2|unassigned|2013-09-01|HA|4|EPI_ISL_149670","1990.4.b1","A/swine/Iowa/A01290414/2013|A_/_H3N2|1990.4.b1|2013-09-01|HA|4|EPI_ISL_149670","Iowa","2013-09-01"
"A/swine/Iowa/A01398028/2013|A_/_H3N2|unassigned|2013-07-16|HA|4|EPI_ISL_145909","1990.4.b1","A/swine/Iowa/A01398028/2013|A_/_H3N2|1990.4.b1|2013-07-16|HA|4|EPI_ISL_145909","Iowa","2013-07-16"
"A/swine/Ohio/A01777765/2016|A_/_H3N2|unassigned|2016-07-15|HA|4|EPI_ISL_234952","1990.4.b1","A/swine/Ohio/A01777765/2016|A_/_H3N2|1990.4.b1|2016-07-15|HA|4|EPI_ISL_234952","Ohio","2016-07-15"
"A/swine/Minnesota/A01300213/2012|A_/_H3N2|unassigned|2012-06-15|HA|4|EPI_ISL_130140","1990.4.b1","A/swine/Minnesota/A01300213/2012|A_/_H3N2|1990.4.b1|2012-06-15|HA|4|EPI_ISL_130140","Minnesota","2012-06-15"
"A/swine/Minnesota/A01049346/2010|A_/_H3N2|unassigned|2010-12-29|HA|4|EPI_ISL_93359","1990.4.b1","A/swine/Minnesota/A01049346/2010|A_/_H3N2|1990.4.b1|2010-12-29|HA|4|EPI_ISL_93359","Minnesota","2010-12-29"
"A/swine/Minnesota/A01125993/2012|A_/_H3N2|unassigned|2012-03-08|HA|4|EPI_ISL_129999","1990.4.b1","A/swine/Minnesota/A01125993/2012|A_/_H3N2|1990.4.b1|2012-03-08|HA|4|EPI_ISL_129999","Minnesota","2012-03-08"
"A/swine/Minnesota/A01125993/2012|A_/_H3N2|unassigned|2012-03-08|HA|4|EPI_ISL_129999.1","unassigned","A/swine/Minnesota/A01125993/2012|A_/_H3N2|unassigned|2012-03-08|HA|4|EPI_ISL_129999.1","Minnesota","2012-03-08"
"A/swine/Minnesota/A01125992/2012|A_/_H3N2|unassigned|2012-03-08|HA|4|EPI_ISL_130055","unassigned","A/swine/Minnesota/A01125992/2012|A_/_H3N2|unassigned|2012-03-08|HA|4|EPI_ISL_130055","Minnesota","2012-03-08"
"A/swine/Minnesota/A01328451/2012|A_/_H3N2|unassigned|2012-04-12|HA|4|EPI_ISL_130102","1990.4.b1","A/swine/Minnesota/A01328451/2012|A_/_H3N2|1990.4.b1|2012-04-12|HA|4|EPI_ISL_130102","Minnesota","2012-04-12"
"A/swine/Minnesota/A01328452/2012|A_/_H3N2|unassigned|2012-04-12|HA|4|EPI_ISL_130048","1990.4.b1","A/swine/Minnesota/A01328452/2012|A_/_H3N2|1990.4.b1|2012-04-12|HA|4|EPI_ISL_130048","Minnesota","2012-04-12"
"A/swine/Minnesota/A01941115/2015|A_/_H3N2|unassigned|2015-11-09|HA|4|EPI_ISL_205998","1990.4.b1","A/swine/Minnesota/A01941115/2015|A_/_H3N2|1990.4.b1|2015-11-09|HA|4|EPI_ISL_205998","Minnesota","2015-11-09"
"A/swine/Iowa/A01476055/2014|A_/_H3N2|unassigned|2014-07-01|HA|4|EPI_ISL_166567","1990.4.b1","A/swine/Iowa/A01476055/2014|A_/_H3N2|1990.4.b1|2014-07-01|HA|4|EPI_ISL_166567","Iowa","2014-07-01"
"A/swine/Minnesota/A01668936/2016|A_/_H3N2|unassigned|2016-11-23|HA|4|EPI_ISL_252781","1990.4.b1","A/swine/Minnesota/A01668936/2016|A_/_H3N2|1990.4.b1|2016-11-23|HA|4|EPI_ISL_252781","Minnesota","2016-11-23"
"A/swine/Iowa/A02862937/2024|A_/_H3N2|unassigned|2024-10-02|HA|4|EPI_ISL_19521810","1990.4.b1","A/swine/Iowa/A02862937/2024|A_/_H3N2|1990.4.b1|2024-10-02|HA|4|EPI_ISL_19521810","Iowa","2024-10-02"
"A/swine/Oklahoma/A02712158/2022|A_/_H3N2|unassigned|2022-09-30|HA|4|EPI_ISL_16212279","1990.4.b1","A/swine/Oklahoma/A02712158/2022|A_/_H3N2|1990.4.b1|2022-09-30|HA|4|EPI_ISL_16212279","Oklahoma","2022-09-30"
"A/swine/Kansas/A02978429/2023|A_/_H3N2|unassigned|2023-02-10|HA|4|EPI_ISL_17986901","1990.4.b1","A/swine/Kansas/A02978429/2023|A_/_H3N2|1990.4.b1|2023-02-10|HA|4|EPI_ISL_17986901","Kansas","2023-02-10"
"A/swine/Kansas/A02978470/2023|A_/_H3N2|unassigned|2023-04-07|HA|4|EPI_ISL_17809154","1990.4.b1","A/swine/Kansas/A02978470/2023|A_/_H3N2|1990.4.b1|2023-04-07|HA|4|EPI_ISL_17809154","Kansas","2023-04-07"
"A/swine/Oklahoma/A02862406/2024|A_/_H3N2|unassigned|2024-03-20|HA|4|EPI_ISL_19072932","1990.4.b1","A/swine/Oklahoma/A02862406/2024|A_/_H3N2|1990.4.b1|2024-03-20|HA|4|EPI_ISL_19072932","Oklahoma","2024-03-20"
"A/swine/Colorado/A02978445/2023|A_/_H3N2|unassigned|2023-03-08|HA|4|EPI_ISL_17986907","1990.4.b1","A/swine/Colorado/A02978445/2023|A_/_H3N2|1990.4.b1|2023-03-08|HA|4|EPI_ISL_17986907","Colorado","2023-03-08"
"A/swine/North_Caroiina/A02979255/2024|A_/_H3N2|unassigned|2024-09-17|HA|4|EPI_ISL_19556774","1990.4.b1","A/swine/North Carolina/A02979255/2024|A_/_H3N2|1990.4.b1|2024-09-17|HA|4|EPI_ISL_19556774","North Carolina","2024-09-17"
"A/swine/North_Carolina/A02979178/2024|A_/_H3N2|unassigned|2024-07-23|HA|4|EPI_ISL_19483704","1990.4.b1","A/swine/North Carolina/A02979178/2024|A_/_H3N2|1990.4.b1|2024-07-23|HA|4|EPI_ISL_19483704","North Carolina","2024-07-23"
"A/swine/North_Carolina/A02978856/2024|A_/_H3N2|unassigned|2024-03-19|HA|4|EPI_ISL_19134606","1990.4.b1","A/swine/North Carolina/A02978856/2024|A_/_H3N2|1990.4.b1|2024-03-19|HA|4|EPI_ISL_19134606","North Carolina","2024-03-19"
"A/swine/North_Carolina/USDA-A02978676/2023|A_/_H3N2|unassigned|2023-12-19|HA|4|EPI_ISL_18911159","1990.4.b1","A/swine/North Carolina/USDA-A02978676/2023|A_/_H3N2|1990.4.b1|2023-12-19|HA|4|EPI_ISL_18911159","North Carolina","2023-12-19"
"A/swine/North_Carolina/A02978858/2024|A_/_H3N2|unassigned|2024-03-19|HA|4|EPI_ISL_19134604","1990.4.b1","A/swine/North Carolina/A02978858/2024|A_/_H3N2|1990.4.b1|2024-03-19|HA|4|EPI_ISL_19134604","North Carolina","2024-03-19"
"A/swine/Kansas/A02862674/2024|A_/_H3N2|unassigned|2024-07-25|HA|4|EPI_ISL_19301221","1990.4.b1","A/swine/Kansas/A02862674/2024|A_/_H3N2|1990.4.b1|2024-07-25|HA|4|EPI_ISL_19301221","Kansas","2024-07-25"
"A/swine/Oklahoma/A02862872/2024|A_/_H3N2|unassigned|2024-09-11|HA|4|EPI_ISL_19471782","1990.4.b1","A/swine/Oklahoma/A02862872/2024|A_/_H3N2|1990.4.b1|2024-09-11|HA|4|EPI_ISL_19471782","Oklahoma","2024-09-11"
"A/swine/Oklahoma/A02863211/2024|A_/_H3N2|unassigned|2024-12-06|HA|4|EPI_ISL_19678837","1990.4.b1","A/swine/Oklahoma/A02863211/2024|A_/_H3N2|1990.4.b1|2024-12-06|HA|4|EPI_ISL_19678837","Oklahoma","2024-12-06"
"A/swine/Oklahoma/A02863207/2024|A_/_H3N2|unassigned|2024-12-05|HA|4|EPI_ISL_19678838","1990.4.b1","A/swine/Oklahoma/A02863207/2024|A_/_H3N2|1990.4.b1|2024-12-05|HA|4|EPI_ISL_19678838","Oklahoma","2024-12-05"
"A/swine/Oklahoma/A02858714/2025|A_/_H3N2|unassigned|2025-07-03|HA|4|EPI_ISL_20100694","1990.4.b1","A/swine/Oklahoma/A02858714/2025|A_/_H3N2|1990.4.b1|2025-07-03|HA|4|EPI_ISL_20100694","Oklahoma","2025-07-03"
"A/swine/Kansas/A02978456/2023|A_/_H3N2|unassigned|2023-03-16|HA|4|EPI_ISL_17986899","1990.4.b1","A/swine/Kansas/A02978456/2023|A_/_H3N2|1990.4.b1|2023-03-16|HA|4|EPI_ISL_17986899","Kansas","2023-03-16"
"A/swine/Kansas/A02978469/2023|A_/_H3N2|unassigned|2023-04-07|HA|4|EPI_ISL_17809155","1990.4.b1","A/swine/Kansas/A02978469/2023|A_/_H3N2|1990.4.b1|2023-04-07|HA|4|EPI_ISL_17809155","Kansas","2023-04-07"
"A/swine/Oklahoma/A02862412/2024|A_/_H3N2|unassigned|2024-03-18|HA|4|EPI_ISL_19064808","1990.4.b1","A/swine/Oklahoma/A02862412/2024|A_/_H3N2|1990.4.b1|2024-03-18|HA|4|EPI_ISL_19064808","Oklahoma","2024-03-18"
"A/swine/Oklahoma/A02862687/2024|A_/_H3N2|unassigned|2024-06-13|HA|4|EPI_ISL_19310944","1990.4.b1","A/swine/Oklahoma/A02862687/2024|A_/_H3N2|1990.4.b1|2024-06-13|HA|4|EPI_ISL_19310944","Oklahoma","2024-06-13"
"A/swine/Oklahoma/ISU-A02862233/2024|A_/_H3N2|unassigned|2024-01-19|HA|4|EPI_ISL_18898111","1990.4.b1","A/swine/Oklahoma/ISU-A02862233/2024|A_/_H3N2|1990.4.b1|2024-01-19|HA|4|EPI_ISL_18898111","Oklahoma","2024-01-19"
"A/swine/North_Carolina/A02979301/2024|A_/_H3N2|unassigned|2024-10-22|HA|4|EPI_ISL_19556777","1990.4.b1","A/swine/North Carolina/A02979301/2024|A_/_H3N2|1990.4.b1|2024-10-22|HA|4|EPI_ISL_19556777","North Carolina","2024-10-22"
"A/swine/North_Caroiina/A02979254/2024|A_/_H3N2|unassigned|2024-09-17|HA|4|EPI_ISL_19556773","1990.4.b1","A/swine/North Carolina/A02979254/2024|A_/_H3N2|1990.4.b1|2024-09-17|HA|4|EPI_ISL_19556773","North Carolina","2024-09-17"
"A/swine/Iowa/A02140874/2018|A_/_H3N2|unassigned|2018-01-19|HA|4|EPI_ISL_299568","1990.4.b1","A/swine/Iowa/A02140874/2018|A_/_H3N2|1990.4.b1|2018-01-19|HA|4|EPI_ISL_299568","Iowa","2018-01-19"
"A/swine/Kansas/A01785556/2018|A_/_H3N2|unassigned|2018-05-30|HA|4|EPI_ISL_328629","1990.4.b1","A/swine/Kansas/A01785556/2018|A_/_H3N2|1990.4.b1|2018-05-30|HA|4|EPI_ISL_328629","Kansas","2018-05-30"
"A/swine/Missouri/A02136832/2017|A_/_H3N2|unassigned|2017-11-22|HA|4|EPI_ISL_297173","1990.4.b1","A/swine/Missouri/A02136832/2017|A_/_H3N2|1990.4.b1|2017-11-22|HA|4|EPI_ISL_297173","Missouri","2017-11-22"
"A/swine/Kansas/A01378028/2017|A_/_H3N2|unassigned|2017-07-26|HA|4|EPI_ISL_280163","1990.4.b1","A/swine/Kansas/A01378028/2017|A_/_H3N2|1990.4.b1|2017-07-26|HA|4|EPI_ISL_280163","Kansas","2017-07-26"
"A/swine/Kansas/A02750668/2022|A_/_H3N2|unassigned|2022-07-05|HA|4|EPI_ISL_14931872","1990.4.b1","A/swine/Kansas/A02750668/2022|A_/_H3N2|1990.4.b1|2022-07-05|HA|4|EPI_ISL_14931872","Kansas","2022-07-05"
"A/swine/Nebraska/A02751253/2022|A_/_H3N2|unassigned|2022-11-17|HA|4|EPI_ISL_16840787","1990.4.b1","A/swine/Nebraska/A02751253/2022|A_/_H3N2|1990.4.b1|2022-11-17|HA|4|EPI_ISL_16840787","Nebraska","2022-11-17"
"A/swine/Kansas/A02751115/2022|A_/_H3N2|unassigned|2022-10-28|HA|4|EPI_ISL_16854555","1990.4.b1","A/swine/Kansas/A02751115/2022|A_/_H3N2|1990.4.b1|2022-10-28|HA|4|EPI_ISL_16854555","Kansas","2022-10-28"
"A/swine/Iowa/A02524874/2020|A_/_H3N2|unassigned|2020-11-05|HA|4|EPI_ISL_4081702","1990.4.b1","A/swine/Iowa/A02524874/2020|A_/_H3N2|1990.4.b1|2020-11-05|HA|4|EPI_ISL_4081702","Iowa","2020-11-05"
"A/swine/Kansas/A02525393/2021|A_/_H3N2|unassigned|2021-04-19|HA|4|EPI_ISL_4083577","1990.4.b1","A/swine/Kansas/A02525393/2021|A_/_H3N2|1990.4.b1|2021-04-19|HA|4|EPI_ISL_4083577","Kansas","2021-04-19"
"A/swine/Kansas/A02751267/2022|A_/_H3N2|unassigned|2022-11-16|HA|4|EPI_ISL_16840786","1990.4.b1","A/swine/Kansas/A02751267/2022|A_/_H3N2|1990.4.b1|2022-11-16|HA|4|EPI_ISL_16840786","Kansas","2022-11-16"
"A/swine/Kansas/A02861449/2023|A_/_H3N2|unassigned|2023-05-03|HA|4|EPI_ISL_17885909","1990.4.b1","A/swine/Kansas/A02861449/2023|A_/_H3N2|1990.4.b1|2023-05-03|HA|4|EPI_ISL_17885909","Kansas","2023-05-03"
"A/swine/Kansas/077917_A02862790/2024|A_/_H3N2|unassigned|2024-08-06|HA|4|EPI_ISL_19367286","1990.4.b1","A/swine/Kansas/077917_A02862790/2024|A_/_H3N2|1990.4.b1|2024-08-06|HA|4|EPI_ISL_19367286","Kansas","2024-08-06"
"A/swine/Kansas/N000246/2023|A_/_H3N2|unassigned|2023-12-26|HA|4|EPI_ISL_19262297","1990.4.b1","A/swine/Kansas/N000246/2023|A_/_H3N2|1990.4.b1|2023-12-26|HA|4|EPI_ISL_19262297","Kansas","2023-12-26"
"A/swine/Kansas/A02858342/2025|A_/_H3N2|unassigned|2025-02-03|HA|4|EPI_ISL_19769013","1990.4.b1","A/swine/Kansas/A02858342/2025|A_/_H3N2|1990.4.b1|2025-02-03|HA|4|EPI_ISL_19769013","Kansas","2025-02-03"
"A/swine/Kansas/A02858350/2025|A_/_H3N2|unassigned|2025-02-04|HA|4|EPI_ISL_19769014","1990.4.b1","A/swine/Kansas/A02858350/2025|A_/_H3N2|1990.4.b1|2025-02-04|HA|4|EPI_ISL_19769014","Kansas","2025-02-04"
"A/swine/Iowa/A01049112/2010|A_/_H3N2|unassigned|2010-11-22|HA|4|EPI_ISL_90126","1990.4.b2","A/swine/Iowa/A01049112/2010|A_/_H3N2|1990.4.b2|2010-11-22|HA|4|EPI_ISL_90126","Iowa","2010-11-22"
"A/swine/Iowa/A01049113/2010|A_/_H3N2|unassigned|2010-11-22|HA|4|EPI_ISL_90360","1990.4.b2","A/swine/Iowa/A01049113/2010|A_/_H3N2|1990.4.b2|2010-11-22|HA|4|EPI_ISL_90360","Iowa","2010-11-22"
"A/swine/Nebraska/A01049937/2011|A_/_H3N2|unassigned|2011-05-01|HA|4|EPI_ISL_97111","1990.4.b2","A/swine/Nebraska/A01049937/2011|A_/_H3N2|1990.4.b2|2011-05-01|HA|4|EPI_ISL_97111","Nebraska","2011-05-01"
"A/swine/Nebraska/A01049235/2010|A_/_H3N2|unassigned|2010-12-07|HA|4|EPI_ISL_93351","1990.4.b2","A/swine/Nebraska/A01049235/2010|A_/_H3N2|1990.4.b2|2010-12-07|HA|4|EPI_ISL_93351","Nebraska","2010-12-07"
"A/swine/Minnesota/A01240095/2011|A_/_H3N2|unassigned|2011-11-21|HA|4|EPI_ISL_116235","1990.4.b2","A/swine/Minnesota/A01240095/2011|A_/_H3N2|1990.4.b2|2011-11-21|HA|4|EPI_ISL_116235","Minnesota","2011-11-21"
"A/swine/Minnesota/A01240088/2011|A_/_H3N2|unassigned|2011-11-21|HA|4|EPI_ISL_116237","1990.4.b2","A/swine/Minnesota/A01240088/2011|A_/_H3N2|1990.4.b2|2011-11-21|HA|4|EPI_ISL_116237","Minnesota","2011-11-21"
"A/swine/Minnesota/MT_12_07_1670/2012|A_/_H3N2|unassigned|2012-10-31|HA|4|EPI_ISL_271072","1990.4.b2","A/swine/Minnesota/MT_12_07_1670/2012|A_/_H3N2|1990.4.b2|2012-10-31|HA|4|EPI_ISL_271072","Minnesota","2012-10-31"
"A/swine/Minnesota/MT_12_07_11_3_27/2011|A_/_H3N2|unassigned|2011-12-09|HA|4|EPI_ISL_271725","1990.4.b2","A/swine/Minnesota/MT_12_07_11_3_27/2011|A_/_H3N2|1990.4.b2|2011-12-09|HA|4|EPI_ISL_271725","Minnesota","2011-12-09"
"A/swine/Minnesota/MT_12_07_11_3_4/2011|A_/_H3N2|unassigned|2011-12-09|HA|4|EPI_ISL_271639","1990.4.b2","A/swine/Minnesota/MT_12_07_11_3_4/2011|A_/_H3N2|1990.4.b2|2011-12-09|HA|4|EPI_ISL_271639","Minnesota","2011-12-09"
"A/swine/Iowa/A01049119/2010|A_/_H3N2|unassigned|2010-11-19|HA|4|EPI_ISL_127730","1990.4.b2","A/swine/Iowa/A01049119/2010|A_/_H3N2|1990.4.b2|2010-11-19|HA|4|EPI_ISL_127730","Iowa","2010-11-19"
"A/swine/Minnesota/A01076218/2010|A_/_H3N2|unassigned|2010-08-01|HA|4|EPI_ISL_104807","1990.4.b2","A/swine/Minnesota/A01076218/2010|A_/_H3N2|1990.4.b2|2010-08-01|HA|4|EPI_ISL_104807","Minnesota","2010-08-01"
"A/swine/Michigan/33261/2010|A_/_H3N2|unassigned|2010-06-01|HA|4|EPI_ISL_142713","1990.4.b2","A/swine/Michigan/33261/2010|A_/_H3N2|1990.4.b2|2010-06-01|HA|4|EPI_ISL_142713","Michigan","2010-06-01"
"A/swine/Minnesota/A01365586/2013|A_/_H3N2|unassigned|2013-10-30|HA|4|EPI_ISL_151906","1990.4.b2","A/swine/Minnesota/A01365586/2013|A_/_H3N2|1990.4.b2|2013-10-30|HA|4|EPI_ISL_151906","Minnesota","2013-10-30"
"A/swine/Minnesota/A01365842/2013|A_/_H3N2|unassigned|2013-11-12|HA|4|EPI_ISL_153860","1990.4.b2","A/swine/Minnesota/A01365842/2013|A_/_H3N2|1990.4.b2|2013-11-12|HA|4|EPI_ISL_153860","Minnesota","2013-11-12"
"A/swine/Minnesota/A01365497/2013|A_/_H3N2|unassigned|2013-10-22|HA|4|EPI_ISL_150657","unassigned","A/swine/Minnesota/A01365497/2013|A_/_H3N2|unassigned|2013-10-22|HA|4|EPI_ISL_150657","Minnesota","2013-10-22"
"A/swine/Iowa/13C044/2013|A_/_H3N2|unassigned|2013-03-26|HA|4|EPI_ISL_151988","1990.4.b2","A/swine/Iowa/13C044/2013|A_/_H3N2|1990.4.b2|2013-03-26|HA|4|EPI_ISL_151988","Iowa","2013-03-26"
"A/swine/Iowa/13C019/2013|A_/_H3N2|unassigned|2013-03-26|HA|4|EPI_ISL_151136","unassigned","A/swine/Iowa/13C019/2013|A_/_H3N2|unassigned|2013-03-26|HA|4|EPI_ISL_151136","Iowa","2013-03-26"
"A/swine/Iowa/13C075/2013|A_/_H3N2|unassigned|2013-03-26|HA|4|EPI_ISL_151994","1990.4.b2","A/swine/Iowa/13C075/2013|A_/_H3N2|1990.4.b2|2013-03-26|HA|4|EPI_ISL_151994","Iowa","2013-03-26"
"A/swine/Iowa/13C020/2013|A_/_H3N2|unassigned|2013-03-26|HA|4|EPI_ISL_151135","1990.4.b2","A/swine/Iowa/13C020/2013|A_/_H3N2|1990.4.b2|2013-03-26|HA|4|EPI_ISL_151135","Iowa","2013-03-26"
"A/swine/Iowa/13C029/2013|A_/_H3N2|unassigned|2013-03-26|HA|4|EPI_ISL_151133","unassigned","A/swine/Iowa/13C029/2013|A_/_H3N2|unassigned|2013-03-26|HA|4|EPI_ISL_151133","Iowa","2013-03-26"
"A/swine/Iowa/13C038/2013|A_/_H3N2|unassigned|2013-03-26|HA|4|EPI_ISL_151137","unassigned","A/swine/Iowa/13C038/2013|A_/_H3N2|unassigned|2013-03-26|HA|4|EPI_ISL_151137","Iowa","2013-03-26"
"A/swine/Illinois/A01393671/2013|A_/_H3N2|unassigned|2013-12-12|HA|4|EPI_ISL_156309","1990.4.b2","A/swine/Illinois/A01393671/2013|A_/_H3N2|1990.4.b2|2013-12-12|HA|4|EPI_ISL_156309","Illinois","2013-12-12"
"A/swine/Illinois/A01290325/2013|A_/_H3N2|unassigned|2013-08-01|HA|4|EPI_ISL_148316","1990.4.b2","A/swine/Illinois/A01290325/2013|A_/_H3N2|1990.4.b2|2013-08-01|HA|4|EPI_ISL_148316","Illinois","2013-08-01"
"A/swine/Iowa/13C040/2013|A_/_H3N2|unassigned|2013-03-26|HA|4|EPI_ISL_151132","1990.4.b2","A/swine/Iowa/13C040/2013|A_/_H3N2|1990.4.b2|2013-03-26|HA|4|EPI_ISL_151132","Iowa","2013-03-26"
"A/swine/Illinois/A01475803/2014|A_/_H3N2|unassigned|2014-06-17|HA|4|EPI_ISL_168473","1990.4.b2","A/swine/Illinois/A01475803/2014|A_/_H3N2|1990.4.b2|2014-06-17|HA|4|EPI_ISL_168473","Illinois","2014-06-17"
"A/swine/Illinois/A01410373/2014|A_/_H3N2|unassigned|2014-03-01|HA|4|EPI_ISL_162041","1990.4.b2","A/swine/Illinois/A01410373/2014|A_/_H3N2|1990.4.b2|2014-03-01|HA|4|EPI_ISL_162041","Illinois","2014-03-01"
"A/swine/Illinois/A01567037/2014|A_/_H3N2|unassigned|2014-12-10|HA|4|EPI_ISL_182443","1990.4.b2","A/swine/Illinois/A01567037/2014|A_/_H3N2|1990.4.b2|2014-12-10|HA|4|EPI_ISL_182443","Illinois","2014-12-10"
"A/swine/Illinois/A01478325/2014|A_/_H3N2|unassigned|2014-11-20|HA|4|EPI_ISL_182301","1990.4.b2","A/swine/Illinois/A01478325/2014|A_/_H3N2|1990.4.b2|2014-11-20|HA|4|EPI_ISL_182301","Illinois","2014-11-20"
"A/swine/Illinois/A01411363/2014|A_/_H3N2|unassigned|2014-01-01|HA|4|EPI_ISL_157883","1990.4.b2","A/swine/Illinois/A01411363/2014|A_/_H3N2|1990.4.b2|2014-01-01|HA|4|EPI_ISL_157883","Illinois","2014-01-01"
"A/swine/Iowa/13A016/2013|A_/_H3N2|unassigned|2013-01-28|HA|4|EPI_ISL_147198","1990.4.b2","A/swine/Iowa/13A016/2013|A_/_H3N2|1990.4.b2|2013-01-28|HA|4|EPI_ISL_147198","Iowa","2013-01-28"
"A/swine/Illinois/A01462759/2015|A_/_H3N2|unassigned|2015-02-02|HA|4|EPI_ISL_177878","1990.4.b2","A/swine/Illinois/A01462759/2015|A_/_H3N2|1990.4.b2|2015-02-02|HA|4|EPI_ISL_177878","Illinois","2015-02-02"
"A/swine/Illinois/A01567281/2014|A_/_H3N2|unassigned|2014-12-23|HA|4|EPI_ISL_174540","1990.4.b2","A/swine/Illinois/A01567281/2014|A_/_H3N2|1990.4.b2|2014-12-23|HA|4|EPI_ISL_174540","Illinois","2014-12-23"
"A/swine/Illinois/A01462810/2015|A_/_H3N2|unassigned|2015-02-16|HA|4|EPI_ISL_177879","1990.4.b2","A/swine/Illinois/A01462810/2015|A_/_H3N2|1990.4.b2|2015-02-16|HA|4|EPI_ISL_177879","Illinois","2015-02-16"
"A/swine/Indiana/A01812159/2016|A_/_H3N2|unassigned|2016-01-27|HA|4|EPI_ISL_236813","1990.4.b2","A/swine/Indiana/A01812159/2016|A_/_H3N2|1990.4.b2|2016-01-27|HA|4|EPI_ISL_236813","Indiana","2016-01-27"
"A/swine/Iowa/A01472644/2015|A_/_H3N2|unassigned|2015-07-29|HA|4|EPI_ISL_196310","1990.4.b2","A/swine/Iowa/A01472644/2015|A_/_H3N2|1990.4.b2|2015-07-29|HA|4|EPI_ISL_196310","Iowa","2015-07-29"
"A/swine/Minnesota/A01116200/2011|A_/_H3N2|unassigned|2011-08-29|HA|4|EPI_ISL_116355","1990.4.b2","A/swine/Minnesota/A01116200/2011|A_/_H3N2|1990.4.b2|2011-08-29|HA|4|EPI_ISL_116355","Minnesota","2011-08-29"
"A/swine/Minnesota/A01116195/2011|A_/_H3N2|unassigned|2011-08-29|HA|4|EPI_ISL_116354","unassigned","A/swine/Minnesota/A01116195/2011|A_/_H3N2|unassigned|2011-08-29|HA|4|EPI_ISL_116354","Minnesota","2011-08-29"
"A/swine/Minnesota/A01049936/2011|A_/_H3N2|unassigned|2011-05-03|HA|4|EPI_ISL_97112","1990.4.b2","A/swine/Minnesota/A01049936/2011|A_/_H3N2|1990.4.b2|2011-05-03|HA|4|EPI_ISL_97112","Minnesota","2011-05-03"
"A/swine/Iowa/A01049317/2010|A_/_H3N2|unassigned|2010-12-22|HA|4|EPI_ISL_93358","1990.4.b2","A/swine/Iowa/A01049317/2010|A_/_H3N2|1990.4.b2|2010-12-22|HA|4|EPI_ISL_93358","Iowa","2010-12-22"
"A/swine/Minnesota/A01349658/2013|A_/_H3N2|unassigned|2013-04-03|HA|4|EPI_ISL_141388","1990.4.b2","A/swine/Minnesota/A01349658/2013|A_/_H3N2|1990.4.b2|2013-04-03|HA|4|EPI_ISL_141388","Minnesota","2013-04-03"
"A/swine/Minnesota/A01280592/2013|A_/_H3N2|unassigned|2013-01-30|HA|4|EPI_ISL_137550","1990.4.b2","A/swine/Minnesota/A01280592/2013|A_/_H3N2|1990.4.b2|2013-01-30|HA|4|EPI_ISL_137550","Minnesota","2013-01-30"
"A/swine/Minnesota/16/2012|A_/_H3N2|unassigned|2012-08-23|HA|4|EPI_ISL_129600","1990.4.b2","A/swine/Minnesota/16/2012|A_/_H3N2|1990.4.b2|2012-08-23|HA|4|EPI_ISL_129600","Minnesota","2012-08-23"
"A/swine/Illinois/02940/2010|A_/_H3N2|unassigned|2010-01-05|HA|4|EPI_ISL_70406","1990.4.b2","A/swine/Illinois/02940/2010|A_/_H3N2|1990.4.b2|2010-01-05|HA|4|EPI_ISL_70406","Illinois","2010-01-05"
"A/swine/Minnesota/03008/2010|A_/_H3N2|unassigned|2010-04-22|HA|4|EPI_ISL_75418","1990.4.b2","A/swine/Minnesota/03008/2010|A_/_H3N2|1990.4.b2|2010-04-22|HA|4|EPI_ISL_75418","Minnesota","2010-04-22"
"A/swine/Minnesota/MT_12_07_1647/2012|A_/_H3N2|unassigned|2012-10-31|HA|4|EPI_ISL_271055","1990.4.b2","A/swine/Minnesota/MT_12_07_1647/2012|A_/_H3N2|1990.4.b2|2012-10-31|HA|4|EPI_ISL_271055","Minnesota","2012-10-31"
"A/swine/Minnesota/MT_12_07_525/2012|A_/_H3N2|unassigned|2012-01-04|HA|4|EPI_ISL_271074","1990.4.b2","A/swine/Minnesota/MT_12_07_525/2012|A_/_H3N2|1990.4.b2|2012-01-04|HA|4|EPI_ISL_271074","Minnesota","2012-01-04"
"A/swine/Minnesota/MT_12_07_1650/2012|A_/_H3N2|unassigned|2012-10-31|HA|4|EPI_ISL_271084","unassigned","A/swine/Minnesota/MT_12_07_1650/2012|A_/_H3N2|unassigned|2012-10-31|HA|4|EPI_ISL_271084","Minnesota","2012-10-31"
"A/swine/Minnesota/MT_12_07_524/2012|A_/_H3N2|unassigned|2012-01-04|HA|4|EPI_ISL_271665","unassigned","A/swine/Minnesota/MT_12_07_524/2012|A_/_H3N2|unassigned|2012-01-04|HA|4|EPI_ISL_271665","Minnesota","2012-01-04"
"A/swine/Minnesota/MT_12_07_523/2012|A_/_H3N2|unassigned|2012-01-04|HA|4|EPI_ISL_271752","unassigned","A/swine/Minnesota/MT_12_07_523/2012|A_/_H3N2|unassigned|2012-01-04|HA|4|EPI_ISL_271752","Minnesota","2012-01-04"
"A/swine/Minnesota/MT_12_07_11_3_1/2011|A_/_H3N2|unassigned|2011-12-09|HA|4|EPI_ISL_271658","1990.4.b2","A/swine/Minnesota/MT_12_07_11_3_1/2011|A_/_H3N2|1990.4.b2|2011-12-09|HA|4|EPI_ISL_271658","Minnesota","2011-12-09"
"A/swine/Minnesota/MT_12_07_1667/2012|A_/_H3N2|unassigned|2012-10-31|HA|4|EPI_ISL_271743","1990.4.b2","A/swine/Minnesota/MT_12_07_1667/2012|A_/_H3N2|1990.4.b2|2012-10-31|HA|4|EPI_ISL_271743","Minnesota","2012-10-31"
"A/swine/Minnesota/MT_12_07_518/2012|A_/_H3N2|unassigned|2012-01-04|HA|4|EPI_ISL_271081","1990.4.b2","A/swine/Minnesota/MT_12_07_518/2012|A_/_H3N2|1990.4.b2|2012-01-04|HA|4|EPI_ISL_271081","Minnesota","2012-01-04"
"A/swine/Minnesota/MT_12_07_540/2012|A_/_H3N2|unassigned|2012-01-04|HA|4|EPI_ISL_271644","unassigned","A/swine/Minnesota/MT_12_07_540/2012|A_/_H3N2|unassigned|2012-01-04|HA|4|EPI_ISL_271644","Minnesota","2012-01-04"
"A/swine/Minnesota/MT_12_07_537/2012|A_/_H3N2|unassigned|2012-01-04|HA|4|EPI_ISL_271744","unassigned","A/swine/Minnesota/MT_12_07_537/2012|A_/_H3N2|unassigned|2012-01-04|HA|4|EPI_ISL_271744","Minnesota","2012-01-04"
"A/swine/Minnesota/MT_12_07_1654/2012|A_/_H3N2|unassigned|2012-10-31|HA|4|EPI_ISL_271736","1990.4.b2","A/swine/Minnesota/MT_12_07_1654/2012|A_/_H3N2|1990.4.b2|2012-10-31|HA|4|EPI_ISL_271736","Minnesota","2012-10-31"
"A/swine/Minnesota/MT_12_07_1657/2012|A_/_H3N2|unassigned|2012-10-31|HA|4|EPI_ISL_271657","1990.4.b2","A/swine/Minnesota/MT_12_07_1657/2012|A_/_H3N2|1990.4.b2|2012-10-31|HA|4|EPI_ISL_271657","Minnesota","2012-10-31"
"A/swine/Minnesota/A01270872/2012|A_/_H3N2|unassigned|2012-10-01|HA|4|EPI_ISL_132375","1990.4.b2","A/swine/Minnesota/A01270872/2012|A_/_H3N2|1990.4.b2|2012-10-01|HA|4|EPI_ISL_132375","Minnesota","2012-10-01"
"A/swine/Minnesota/A01277201/2012|A_/_H3N2|unassigned|2012-11-12|HA|4|EPI_ISL_132961","1990.4.b2","A/swine/Minnesota/A01277201/2012|A_/_H3N2|1990.4.b2|2012-11-12|HA|4|EPI_ISL_132961","Minnesota","2012-11-12"
"A/swine/Minnesota/A01279722/2012|A_/_H3N2|unassigned|2012-12-06|HA|4|EPI_ISL_133699","1990.4.b2","A/swine/Minnesota/A01279722/2012|A_/_H3N2|1990.4.b2|2012-12-06|HA|4|EPI_ISL_133699","Minnesota","2012-12-06"
"A/swine/Iowa/A01203571/2012|A_/_H3N2|unassigned|2012-05-31|HA|4|EPI_ISL_124212","1990.4.b2","A/swine/Iowa/A01203571/2012|A_/_H3N2|1990.4.b2|2012-05-31|HA|4|EPI_ISL_124212","Iowa","2012-05-31"
"A/swine/Iowa/A01203771/2012|A_/_H3N2|unassigned|2012-08-01|HA|4|EPI_ISL_129808","1990.4.b2","A/swine/Iowa/A01203771/2012|A_/_H3N2|1990.4.b2|2012-08-01|HA|4|EPI_ISL_129808","Iowa","2012-08-01"
"A/swine/Iowa/A01049185/2010|A_/_H3N2|unassigned|2010-12-01|HA|4|EPI_ISL_90371","1990.4.b2","A/swine/Iowa/A01049185/2010|A_/_H3N2|1990.4.b2|2010-12-01|HA|4|EPI_ISL_90371","Iowa","2010-12-01"
"A/swine/Illinois/A01076768/2010|A_/_H3N2|unassigned|2010-10-26|HA|4|EPI_ISL_124337","1990.4.b2","A/swine/Illinois/A01076768/2010|A_/_H3N2|1990.4.b2|2010-10-26|HA|4|EPI_ISL_124337","Illinois","2010-10-26"
"A/swine/Iowa/A01076632/2010|A_/_H3N2|unassigned|2010-10-26|HA|4|EPI_ISL_116351","1990.4.b2","A/swine/Iowa/A01076632/2010|A_/_H3N2|1990.4.b2|2010-10-26|HA|4|EPI_ISL_116351","Iowa","2010-10-26"
"A/swine/Iowa/A01076630/2010|A_/_H3N2|unassigned|2010-10-26|HA|4|EPI_ISL_116350","unassigned","A/swine/Iowa/A01076630/2010|A_/_H3N2|unassigned|2010-10-26|HA|4|EPI_ISL_116350","Iowa","2010-10-26"
"A/swine/South_Dakota/3/2012|A_/_H3N2|unassigned|2012-06-01|HA|4|EPI_ISL_122103","1990.4.b2","A/swine/South Dakota/3/2012|A_/_H3N2|1990.4.b2|2012-06-01|HA|4|EPI_ISL_122103","South Dakota","2012-06-01"
"A/swine/North_Carolina/A01797533/2015|A_/_H3N2|unassigned|2015-11-19|HA|4|EPI_ISL_208944","1990.4.b2","A/swine/North Carolina/A01797533/2015|A_/_H3N2|1990.4.b2|2015-11-19|HA|4|EPI_ISL_208944","North Carolina","2015-11-19"
"A/swine/Iowa/A01945156/2015|A_/_H3N2|unassigned|2015-09-22|HA|4|EPI_ISL_201856","1990.4.b2","A/swine/Iowa/A01945156/2015|A_/_H3N2|1990.4.b2|2015-09-22|HA|4|EPI_ISL_201856","Iowa","2015-09-22"
"A/swine/North_Carolina/A01945244/2015|A_/_H3N2|unassigned|2015-09-24|HA|4|EPI_ISL_201869","1990.4.b2","A/swine/North Carolina/A01945244/2015|A_/_H3N2|1990.4.b2|2015-09-24|HA|4|EPI_ISL_201869","North Carolina","2015-09-24"
"A/swine/Iowa/A01730108/2016|A_/_H3N2|unassigned|2016-01-22|HA|4|EPI_ISL_216998","1990.4.b2","A/swine/Iowa/A01730108/2016|A_/_H3N2|1990.4.b2|2016-01-22|HA|4|EPI_ISL_216998","Iowa","2016-01-22"
"A/swine/Indiana/A01260967/2015|A_/_H3N2|unassigned|2015-08-24|HA|4|EPI_ISL_206375","1990.4.b2","A/swine/Indiana/A01260967/2015|A_/_H3N2|1990.4.b2|2015-08-24|HA|4|EPI_ISL_206375","Indiana","2015-08-24"
"A/swine/Indiana/A01260983/2015|A_/_H3N2|unassigned|2015-09-10|HA|4|EPI_ISL_206372","unassigned","A/swine/Indiana/A01260983/2015|A_/_H3N2|unassigned|2015-09-10|HA|4|EPI_ISL_206372","Indiana","2015-09-10"
"A/swine/Indiana/A01812045/2015|A_/_H3N2|unassigned|2015-11-03|HA|4|EPI_ISL_206453","unassigned","A/swine/Indiana/A01812045/2015|A_/_H3N2|unassigned|2015-11-03|HA|4|EPI_ISL_206453","Indiana","2015-11-03"
"A/swine/Indiana/A01812061/2015|A_/_H3N2|unassigned|2015-11-06|HA|4|EPI_ISL_256254","unassigned","A/swine/Indiana/A01812061/2015|A_/_H3N2|unassigned|2015-11-06|HA|4|EPI_ISL_256254","Indiana","2015-11-06"
"A/swine/Iowa/A02025409/2015|A_/_H3N2|unassigned|2015-07-28|HA|4|EPI_ISL_198362","1990.4.b2","A/swine/Iowa/A02025409/2015|A_/_H3N2|1990.4.b2|2015-07-28|HA|4|EPI_ISL_198362","Iowa","2015-07-28"
"A/swine/North_Carolina/A01945800/2015|A_/_H3N2|unassigned|2015-10-21|HA|4|EPI_ISL_203130","1990.4.b2","A/swine/North Carolina/A01945800/2015|A_/_H3N2|1990.4.b2|2015-10-21|HA|4|EPI_ISL_203130","North Carolina","2015-10-21"
"A/swine/North_Carolina/A01731488/2016|A_/_H3N2|unassigned|2016-02-10|HA|4|EPI_ISL_217473","1990.4.b2","A/swine/North Carolina/A01731488/2016|A_/_H3N2|1990.4.b2|2016-02-10|HA|4|EPI_ISL_217473","North Carolina","2016-02-10"
"A/swine/North_Carolina/A01732564/2016|A_/_H3N2|unassigned|2016-02-26|HA|4|EPI_ISL_235750","1990.4.b2","A/swine/North Carolina/A01732564/2016|A_/_H3N2|1990.4.b2|2016-02-26|HA|4|EPI_ISL_235750","North Carolina","2016-02-26"
"A/swine/North_Carolina/A01797711/2015|A_/_H3N2|unassigned|2015-12-01|HA|4|EPI_ISL_208970","1990.4.b2","A/swine/North Carolina/A01797711/2015|A_/_H3N2|1990.4.b2|2015-12-01|HA|4|EPI_ISL_208970","North Carolina","2015-12-01"
"A/swine/North_Carolina/A01777729/2016|A_/_H3N2|unassigned|2016-07-18|HA|4|EPI_ISL_234956","1990.4.b2","A/swine/North Carolina/A01777729/2016|A_/_H3N2|1990.4.b2|2016-07-18|HA|4|EPI_ISL_234956","North Carolina","2016-07-18"
"A/swine/North_Carolina/A01671018/2016|A_/_H3N2|unassigned|2016-12-05|HA|4|EPI_ISL_253703","1990.4.b2","A/swine/North Carolina/A01671018/2016|A_/_H3N2|1990.4.b2|2016-12-05|HA|4|EPI_ISL_253703","North Carolina","2016-12-05"
"A/swine/North_Carolina/A01668664/2016|A_/_H3N2|unassigned|2016-11-28|HA|4|EPI_ISL_252700","1990.4.b2","A/swine/North Carolina/A01668664/2016|A_/_H3N2|1990.4.b2|2016-11-28|HA|4|EPI_ISL_252700","North Carolina","2016-11-28"
"A/swine/Iowa/A02215195/2017|A_/_H3N2|unassigned|2017-04-28|HA|4|EPI_ISL_272847","1990.4.b2","A/swine/Iowa/A02215195/2017|A_/_H3N2|1990.4.b2|2017-04-28|HA|4|EPI_ISL_272847","Iowa","2017-04-28"
"A/swine/North_Carolina/A01894904/2016|A_/_H3N2|unassigned|2016-03-31|HA|4|EPI_ISL_225563","1990.4.b2","A/swine/North Carolina/A01894904/2016|A_/_H3N2|1990.4.b2|2016-03-31|HA|4|EPI_ISL_225563","North Carolina","2016-03-31"
"A/swine/North_Carolina/A01776152/2016|A_/_H3N2|unassigned|2016-06-01|HA|4|EPI_ISL_229216","1990.4.b2","A/swine/North Carolina/A01776152/2016|A_/_H3N2|1990.4.b2|2016-06-01|HA|4|EPI_ISL_229216","North Carolina","2016-06-01"
"A/swine/Indiana/A01672428/2017|A_/_H3N2|unassigned|2017-01-17|HA|4|EPI_ISL_257033","1990.4.b2","A/swine/Indiana/A01672428/2017|A_/_H3N2|1990.4.b2|2017-01-17|HA|4|EPI_ISL_257033","Indiana","2017-01-17"
"A/swine/North_Carolina/A02219753/2017|A_/_H3N2|unassigned|2017-08-24|HA|4|EPI_ISL_282400","1990.4.b2","A/swine/North Carolina/A02219753/2017|A_/_H3N2|1990.4.b2|2017-08-24|HA|4|EPI_ISL_282400","North Carolina","2017-08-24"
"A/swine/North_Carolina/A01781199/2016|A_/_H3N2|unassigned|2016-09-08|HA|4|EPI_ISL_243373","1990.4.b2","A/swine/North Carolina/A01781199/2016|A_/_H3N2|1990.4.b2|2016-09-08|HA|4|EPI_ISL_243373","North Carolina","2016-09-08"
"A/swine/North_Carolina/A02214438/2017|A_/_H3N2|unassigned|2017-04-05|HA|4|EPI_ISL_264217","1990.4.b2","A/swine/North Carolina/A02214438/2017|A_/_H3N2|1990.4.b2|2017-04-05|HA|4|EPI_ISL_264217","North Carolina","2017-04-05"
"A/swine/Indiana/A01729045/2016|A_/_H3N2|unassigned|2016-01-07|HA|4|EPI_ISL_212213","1990.4.b2","A/swine/Indiana/A01729045/2016|A_/_H3N2|1990.4.b2|2016-01-07|HA|4|EPI_ISL_212213","Indiana","2016-01-07"
"A/swine/North_Carolina/A02215437/2017|A_/_H3N2|unassigned|2017-05-16|HA|4|EPI_ISL_271771","1990.4.b2","A/swine/North Carolina/A02215437/2017|A_/_H3N2|1990.4.b2|2017-05-16|HA|4|EPI_ISL_271771","North Carolina","2017-05-16"
"A/swine/Indiana/A01812022/2015|A_/_H3N2|unassigned|2015-10-12|HA|4|EPI_ISL_206373","1990.4.b2","A/swine/Indiana/A01812022/2015|A_/_H3N2|1990.4.b2|2015-10-12|HA|4|EPI_ISL_206373","Indiana","2015-10-12"
"A/swine/North_Carolina/A02223299/2017|A_/_H3N2|unassigned|2017-10-10|HA|4|EPI_ISL_296676","1990.4.b2","A/swine/North Carolina/A02223299/2017|A_/_H3N2|1990.4.b2|2017-10-10|HA|4|EPI_ISL_296676","North Carolina","2017-10-10"
"A/swine/North_Carolina/A01774759/2016|A_/_H3N2|unassigned|2016-05-04|HA|4|EPI_ISL_225550","1990.4.b2","A/swine/North Carolina/A01774759/2016|A_/_H3N2|1990.4.b2|2016-05-04|HA|4|EPI_ISL_225550","North Carolina","2016-05-04"
"A/swine/North_Carolina/A01785421/2018|A_/_H3N2|unassigned|2018-01-18|HA|4|EPI_ISL_300558","1990.4.b2","A/swine/North Carolina/A01785421/2018|A_/_H3N2|1990.4.b2|2018-01-18|HA|4|EPI_ISL_300558","North Carolina","2018-01-18"
"A/swine/North_Carolina/A02138766/2017|A_/_H3N2|unassigned|2017-12-08|HA|4|EPI_ISL_295688","1990.4.b2","A/swine/North Carolina/A02138766/2017|A_/_H3N2|1990.4.b2|2017-12-08|HA|4|EPI_ISL_295688","North Carolina","2017-12-08"
"A/swine/North_Carolina/A02218550/2017|A_/_H3N2|unassigned|2017-07-26|HA|4|EPI_ISL_281240","1990.4.b2","A/swine/North Carolina/A02218550/2017|A_/_H3N2|1990.4.b2|2017-07-26|HA|4|EPI_ISL_281240","North Carolina","2017-07-26"
"A/swine/North_Carolina/A02156991/2018|A_/_H3N2|unassigned|2018-03-22|HA|4|EPI_ISL_329667","1990.4.b2","A/swine/North Carolina/A02156991/2018|A_/_H3N2|1990.4.b2|2018-03-22|HA|4|EPI_ISL_329667","North Carolina","2018-03-22"
"A/swine/Virginia/A01785950/2019|A_/_H3N2|unassigned|2019-02-06|HA|4|EPI_ISL_370642","1990.4.b2","A/swine/Virginia/A01785950/2019|A_/_H3N2|1990.4.b2|2019-02-06|HA|4|EPI_ISL_370642","Virginia","2019-02-06"
"A/swine/Indiana/A01812162/2016|A_/_H3N2|unassigned|2016-01-27|HA|4|EPI_ISL_236811","1990.4.b2","A/swine/Indiana/A01812162/2016|A_/_H3N2|1990.4.b2|2016-01-27|HA|4|EPI_ISL_236811","Indiana","2016-01-27"
"A/swine/Michigan/A01672424/2017|A_/_H3N2|unassigned|2017-01-20|HA|4|EPI_ISL_256554","1990.4.b2","A/swine/Michigan/A01672424/2017|A_/_H3N2|1990.4.b2|2017-01-20|HA|4|EPI_ISL_256554","Michigan","2017-01-20"
"A/swine/Michigan/A02216465/2017|A_/_H3N2|unassigned|2017-05-26|HA|4|EPI_ISL_273346","1990.4.b2","A/swine/Michigan/A02216465/2017|A_/_H3N2|1990.4.b2|2017-05-26|HA|4|EPI_ISL_273346","Michigan","2017-05-26"
"A/swine/Michigan/A01671484/2016|A_/_H3N2|unassigned|2016-12-16|HA|4|EPI_ISL_253719","1990.4.b2","A/swine/Michigan/A01671484/2016|A_/_H3N2|1990.4.b2|2016-12-16|HA|4|EPI_ISL_253719","Michigan","2016-12-16"
"A/swine/Michigan/A02254615/2018|A_/_H3N2|unassigned|2018-07-25|HA|4|EPI_ISL_326807","1990.4.b2","A/swine/Michigan/A02254615/2018|A_/_H3N2|1990.4.b2|2018-07-25|HA|4|EPI_ISL_326807","Michigan","2018-07-25"
"A/swine/Iowa/A02169078/2018|A_/_H3N2|unassigned|2018-05-10|HA|4|EPI_ISL_328485","1990.4.b2","A/swine/Iowa/A02169078/2018|A_/_H3N2|1990.4.b2|2018-05-10|HA|4|EPI_ISL_328485","Iowa","2018-05-10"
"A/swine/Iowa/A01202906/2011|A_/_H3N2|unassigned|2011-11-21|HA|4|EPI_ISL_127873","1990.4.b2","A/swine/Iowa/A01202906/2011|A_/_H3N2|1990.4.b2|2011-11-21|HA|4|EPI_ISL_127873","Iowa","2011-11-21"
"A/swine/Iowa/A01202905/2011|A_/_H3N2|unassigned|2011-11-21|HA|4|EPI_ISL_127872","unassigned","A/swine/Iowa/A01202905/2011|A_/_H3N2|unassigned|2011-11-21|HA|4|EPI_ISL_127872","Iowa","2011-11-21"
"A/swine/Minnesota/A01076193/2010|A_/_H3N2|unassigned|2010-02-14|HA|4|EPI_ISL_124005","1990.4.b2","A/swine/Minnesota/A01076193/2010|A_/_H3N2|1990.4.b2|2010-02-14|HA|4|EPI_ISL_124005","Minnesota","2010-02-14"
"A/swine/Minnesota/A01076196/2010|A_/_H3N2|unassigned|2010-02-28|HA|4|EPI_ISL_104803","1990.4.b2","A/swine/Minnesota/A01076196/2010|A_/_H3N2|1990.4.b2|2010-02-28|HA|4|EPI_ISL_104803","Minnesota","2010-02-28"
"A/swine/Minnesota/A01201424/2010|A_/_H3N2|unassigned|2010-11-09|HA|4|EPI_ISL_124343","1990.4.b2","A/swine/Minnesota/A01201424/2010|A_/_H3N2|1990.4.b2|2010-11-09|HA|4|EPI_ISL_124343","Minnesota","2010-11-09"
"A/swine/Nebraska/A01785413/2018|A_/_H3N2|unassigned|2018-01-09|HA|4|EPI_ISL_299188","1990.4.b2","A/swine/Nebraska/A01785413/2018|A_/_H3N2|1990.4.b2|2018-01-09|HA|4|EPI_ISL_299188","Nebraska","2018-01-09"
"A/swine/Nebraska/A01785442/2018|A_/_H3N2|unassigned|2018-02-02|HA|4|EPI_ISL_302024","unassigned","A/swine/Nebraska/A01785442/2018|A_/_H3N2|unassigned|2018-02-02|HA|4|EPI_ISL_302024","Nebraska","2018-02-02"
"A/swine/Nebraska/A01785395/2017|A_/_H3N2|unassigned|2017-12-21|HA|4|EPI_ISL_298637","unassigned","A/swine/Nebraska/A01785395/2017|A_/_H3N2|unassigned|2017-12-21|HA|4|EPI_ISL_298637","Nebraska","2017-12-21"
"A/swine/Nebraska/A01785423/2018|A_/_H3N2|unassigned|2018-01-18|HA|4|EPI_ISL_299573","1990.4.b2","A/swine/Nebraska/A01785423/2018|A_/_H3N2|1990.4.b2|2018-01-18|HA|4|EPI_ISL_299573","Nebraska","2018-01-18"
"A/swine/Nebraska/A01785451/2018|A_/_H3N2|unassigned|2018-02-21|HA|4|EPI_ISL_304740","1990.4.b2","A/swine/Nebraska/A01785451/2018|A_/_H3N2|1990.4.b2|2018-02-21|HA|4|EPI_ISL_304740","Nebraska","2018-02-21"
"A/swine/Nebraska/A01785381/2017|A_/_H3N2|unassigned|2017-12-07|HA|4|EPI_ISL_297148","1990.4.b2","A/swine/Nebraska/A01785381/2017|A_/_H3N2|1990.4.b2|2017-12-07|HA|4|EPI_ISL_297148","Nebraska","2017-12-07"
"A/swine/Minnesota/A01785310/2017|A_/_H3N2|unassigned|2017-10-10|HA|4|EPI_ISL_290289","1990.4.b2","A/swine/Minnesota/A01785310/2017|A_/_H3N2|1990.4.b2|2017-10-10|HA|4|EPI_ISL_290289","Minnesota","2017-10-10"
"A/swine/Nebraska/A01785515/2018|A_/_H3N2|unassigned|2018-04-19|HA|4|EPI_ISL_329155","1990.4.b2","A/swine/Nebraska/A01785515/2018|A_/_H3N2|1990.4.b2|2018-04-19|HA|4|EPI_ISL_329155","Nebraska","2018-04-19"
"A/swine/Nebraska/A02254605/2018|A_/_H3N2|unassigned|2018-07-19|HA|4|EPI_ISL_326811","1990.4.b2","A/swine/Nebraska/A02254605/2018|A_/_H3N2|1990.4.b2|2018-07-19|HA|4|EPI_ISL_326811","Nebraska","2018-07-19"
"A/swine/Nebraska/A01785535/2018|A_/_H3N2|unassigned|2018-05-08|HA|4|EPI_ISL_328754","1990.4.b2","A/swine/Nebraska/A01785535/2018|A_/_H3N2|1990.4.b2|2018-05-08|HA|4|EPI_ISL_328754","Nebraska","2018-05-08"
"A/swine/Minnesota/A01781226/2016|A_/_H3N2|unassigned|2016-09-08|HA|4|EPI_ISL_243368","1990.4.b2","A/swine/Minnesota/A01781226/2016|A_/_H3N2|1990.4.b2|2016-09-08|HA|4|EPI_ISL_243368","Minnesota","2016-09-08"
"A/swine/Michigan/A01774374/2016|A_/_H3N2|unassigned|2016-04-28|HA|4|EPI_ISL_225565","1990.4.b2","A/swine/Michigan/A01774374/2016|A_/_H3N2|1990.4.b2|2016-04-28|HA|4|EPI_ISL_225565","Michigan","2016-04-28"
"A/swine/Michigan/A01668934/2016|A_/_H3N2|unassigned|2016-12-02|HA|4|EPI_ISL_252803","1990.4.b2","A/swine/Michigan/A01668934/2016|A_/_H3N2|1990.4.b2|2016-12-02|HA|4|EPI_ISL_252803","Michigan","2016-12-02"
"A/swine/Minnesota/A02245188/2019|A_/_H3N2|unassigned|2019-06-28|HA|4|EPI_ISL_372895","1990.4.b2","A/swine/Minnesota/A02245188/2019|A_/_H3N2|1990.4.b2|2019-06-28|HA|4|EPI_ISL_372895","Minnesota","2019-06-28"
"A/swine/Wyoming/A02245222/2019|A_/_H3N2|unassigned|2019-08-23|HA|4|EPI_ISL_396127","1990.4.b2","A/swine/Wyoming/A02245222/2019|A_/_H3N2|1990.4.b2|2019-08-23|HA|4|EPI_ISL_396127","Wyoming","2019-08-23"
"A/swine/Iowa/A01667087/2017|A_/_H3N2|unassigned|2017-03-27|HA|4|EPI_ISL_266544","1990.4.b2","A/swine/Iowa/A01667087/2017|A_/_H3N2|1990.4.b2|2017-03-27|HA|4|EPI_ISL_266544","Iowa","2017-03-27"
"A/swine/Indiana/A01260268/2013|A_/_H3N2|unassigned|2013-04-05|HA|4|EPI_ISL_143496","1990.4.e","A/swine/Indiana/A01260268/2013|A_/_H3N2|1990.4.e|2013-04-05|HA|4|EPI_ISL_143496","Indiana","2013-04-05"
"A/swine/Iowa/A01202709/2011|A_/_H3N2|unassigned|2011-10-19|HA|4|EPI_ISL_102544","1990.4.e","A/swine/Iowa/A01202709/2011|A_/_H3N2|1990.4.e|2011-10-19|HA|4|EPI_ISL_102544","Iowa","2011-10-19"
"A/swine/Illinois/A01462483/2015|A_/_H3N2|unassigned|2015-01-09|HA|4|EPI_ISL_180678","1990.4.e","A/swine/Illinois/A01462483/2015|A_/_H3N2|1990.4.e|2015-01-09|HA|4|EPI_ISL_180678","Illinois","2015-01-09"
"A/swine/Illinois/A01462475/2015|A_/_H3N2|unassigned|2015-01-07|HA|4|EPI_ISL_180679","1990.4.e","A/swine/Illinois/A01462475/2015|A_/_H3N2|1990.4.e|2015-01-07|HA|4|EPI_ISL_180679","Illinois","2015-01-07"
"A/swine/Illinois/A01462582/2015|A_/_H3N2|unassigned|2015-01-22|HA|4|EPI_ISL_181115","unassigned","A/swine/Illinois/A01462582/2015|A_/_H3N2|unassigned|2015-01-22|HA|4|EPI_ISL_181115","Illinois","2015-01-22"
"A/swine/Illinois/A01491193/2014|A_/_H3N2|unassigned|2014-01-23|HA|4|EPI_ISL_157159","1990.4.e","A/swine/Illinois/A01491193/2014|A_/_H3N2|1990.4.e|2014-01-23|HA|4|EPI_ISL_157159","Illinois","2014-01-23"
"A/swine/Illinois/A01493027/2014|A_/_H3N2|unassigned|2014-03-12|HA|4|EPI_ISL_161337","1990.4.e","A/swine/Illinois/A01493027/2014|A_/_H3N2|1990.4.e|2014-03-12|HA|4|EPI_ISL_161337","Illinois","2014-03-12"
"A/swine/Illinois/A01493469/2014|A_/_H3N2|unassigned|2014-03-26|HA|4|EPI_ISL_162044","1990.4.e","A/swine/Illinois/A01493469/2014|A_/_H3N2|1990.4.e|2014-03-26|HA|4|EPI_ISL_162044","Illinois","2014-03-26"
"A/swine/Illinois/A01427144/2013|A_/_H3N2|unassigned|2013-11-06|HA|4|EPI_ISL_154593","1990.4.e","A/swine/Illinois/A01427144/2013|A_/_H3N2|1990.4.e|2013-11-06|HA|4|EPI_ISL_154593","Illinois","2013-11-06"
"A/swine/Illinois/A01493218/2014|A_/_H3N2|unassigned|2014-03-19|HA|4|EPI_ISL_161341","1990.4.e","A/swine/Illinois/A01493218/2014|A_/_H3N2|1990.4.e|2014-03-19|HA|4|EPI_ISL_161341","Illinois","2014-03-19"
"A/swine/Illinois/A01820291/2015|A_/_H3N2|unassigned|2015-04-03|HA|4|EPI_ISL_190547","1990.4.e","A/swine/Illinois/A01820291/2015|A_/_H3N2|1990.4.e|2015-04-03|HA|4|EPI_ISL_190547","Illinois","2015-04-03"
"A/swine/Illinois/A01820165/2015|A_/_H3N2|unassigned|2015-03-24|HA|4|EPI_ISL_190548","1990.4.e","A/swine/Illinois/A01820165/2015|A_/_H3N2|1990.4.e|2015-03-24|HA|4|EPI_ISL_190548","Illinois","2015-03-24"
"A/swine/Illinois/A01820084/2015|A_/_H3N2|unassigned|2015-03-17|HA|4|EPI_ISL_179573","1990.4.e","A/swine/Illinois/A01820084/2015|A_/_H3N2|1990.4.e|2015-03-17|HA|4|EPI_ISL_179573","Illinois","2015-03-17"
"A/swine/Illinois/A01462268/2014|A_/_H3N2|unassigned|2014-12-11|HA|4|EPI_ISL_173652","1990.4.e","A/swine/Illinois/A01462268/2014|A_/_H3N2|1990.4.e|2014-12-11|HA|4|EPI_ISL_173652","Illinois","2014-12-11"
"A/swine/Illinois/A01462549/2015|A_/_H3N2|unassigned|2015-01-20|HA|4|EPI_ISL_180677","1990.4.e","A/swine/Illinois/A01462549/2015|A_/_H3N2|1990.4.e|2015-01-20|HA|4|EPI_ISL_180677","Illinois","2015-01-20"
"A/swine/Illinois/A01749223/2015|A_/_H3N2|unassigned|2015-11-06|HA|4|EPI_ISL_206019","1990.4.e","A/swine/Illinois/A01749223/2015|A_/_H3N2|1990.4.e|2015-11-06|HA|4|EPI_ISL_206019","Illinois","2015-11-06"
"A/swine/Illinois/A01728585/2015|A_/_H3N2|unassigned|2015-12-29|HA|4|EPI_ISL_211812","1990.4.e","A/swine/Illinois/A01728585/2015|A_/_H3N2|1990.4.e|2015-12-29|HA|4|EPI_ISL_211812","Illinois","2015-12-29"
"A/swine/Illinois/A01820901/2015|A_/_H3N2|unassigned|2015-06-09|HA|4|EPI_ISL_195338","1990.4.e","A/swine/Illinois/A01820901/2015|A_/_H3N2|1990.4.e|2015-06-09|HA|4|EPI_ISL_195338","Illinois","2015-06-09"
"A/swine/Illinois/A01820840/2015|A_/_H3N2|unassigned|2015-06-02|HA|4|EPI_ISL_195337","1990.4.e","A/swine/Illinois/A01820840/2015|A_/_H3N2|1990.4.e|2015-06-02|HA|4|EPI_ISL_195337","Illinois","2015-06-02"
"A/swine/Illinois/A01820124/2015|A_/_H3N2|unassigned|2015-03-20|HA|4|EPI_ISL_179575","1990.4.e","A/swine/Illinois/A01820124/2015|A_/_H3N2|1990.4.e|2015-03-20|HA|4|EPI_ISL_179575","Illinois","2015-03-20"
"A/swine/Illinois/A02090702/2015|A_/_H3N2|unassigned|2015-09-04|HA|4|EPI_ISL_201839","1990.4.e","A/swine/Illinois/A02090702/2015|A_/_H3N2|1990.4.e|2015-09-04|HA|4|EPI_ISL_201839","Illinois","2015-09-04"
"A/swine/Illinois/A01327868/2012|A_/_H3N2|unassigned|2012-05-03|HA|4|EPI_ISL_130016","1990.4.e","A/swine/Illinois/A01327868/2012|A_/_H3N2|1990.4.e|2012-05-03|HA|4|EPI_ISL_130016","Illinois","2012-05-03"
"A/swine/Illinois/A01327396/2012|A_/_H3N2|unassigned|2012-04-05|HA|4|EPI_ISL_130040","1990.4.e","A/swine/Illinois/A01327396/2012|A_/_H3N2|1990.4.e|2012-04-05|HA|4|EPI_ISL_130040","Illinois","2012-04-05"
"A/swine/Illinois/A01240775/2012|A_/_H3N2|unassigned|2012-01-09|HA|4|EPI_ISL_130157","1990.4.e","A/swine/Illinois/A01240775/2012|A_/_H3N2|1990.4.e|2012-01-09|HA|4|EPI_ISL_130157","Illinois","2012-01-09"
"A/swine/Illinois/A01240774/2012|A_/_H3N2|unassigned|2012-01-09|HA|4|EPI_ISL_130180","1990.4.e","A/swine/Illinois/A01240774/2012|A_/_H3N2|1990.4.e|2012-01-09|HA|4|EPI_ISL_130180","Illinois","2012-01-09"
"A/swine/Illinois/A01240784/2012|A_/_H3N2|unassigned|2012-01-09|HA|4|EPI_ISL_130168","unassigned","A/swine/Illinois/A01240784/2012|A_/_H3N2|unassigned|2012-01-09|HA|4|EPI_ISL_130168","Illinois","2012-01-09"
"A/swine/Minnesota/A01279377/2012|A_/_H3N2|unassigned|2012-11-21|HA|4|EPI_ISL_132911","1990.4.e","A/swine/Minnesota/A01279377/2012|A_/_H3N2|1990.4.e|2012-11-21|HA|4|EPI_ISL_132911","Minnesota","2012-11-21"
"A/swine/Minnesota/18/2012|A_/_H3N2|unassigned|2012-09-10|HA|4|EPI_ISL_129973","1990.4.e","A/swine/Minnesota/18/2012|A_/_H3N2|1990.4.e|2012-09-10|HA|4|EPI_ISL_129973","Minnesota","2012-09-10"
"A/swine/Minnesota/14/2012|A_/_H3N2|unassigned|2012-07-06|HA|4|EPI_ISL_124881","1990.4.e","A/swine/Minnesota/14/2012|A_/_H3N2|1990.4.e|2012-07-06|HA|4|EPI_ISL_124881","Minnesota","2012-07-06"
"A/swine/Minnesota/2/2012|A_/_H3N2|unassigned|2012-06-01|HA|4|EPI_ISL_122068","1990.4.e","A/swine/Minnesota/2/2012|A_/_H3N2|1990.4.e|2012-06-01|HA|4|EPI_ISL_122068","Minnesota","2012-06-01"
"A/swine/Minnesota/A01047396/2011|A_/_H3N2|unassigned|2011-01-13|HA|4|EPI_ISL_109876","1990.4.e","A/swine/Minnesota/A01047396/2011|A_/_H3N2|1990.4.e|2011-01-13|HA|4|EPI_ISL_109876","Minnesota","2011-01-13"
"A/swine/Iowa/A01049036/2010|A_/_H3N2|unassigned|2010-11-16|HA|4|EPI_ISL_109912","1990.4.e","A/swine/Iowa/A01049036/2010|A_/_H3N2|1990.4.e|2010-11-16|HA|4|EPI_ISL_109912","Iowa","2010-11-16"
"A/swine/Iowa/A01049035/2010|A_/_H3N2|unassigned|2010-11-16|HA|4|EPI_ISL_90103","unassigned","A/swine/Iowa/A01049035/2010|A_/_H3N2|unassigned|2010-11-16|HA|4|EPI_ISL_90103","Iowa","2010-11-16"
"A/swine/Iowa/A01049034/2010|A_/_H3N2|unassigned|2010-11-16|HA|4|EPI_ISL_90102","unassigned","A/swine/Iowa/A01049034/2010|A_/_H3N2|unassigned|2010-11-16|HA|4|EPI_ISL_90102","Iowa","2010-11-16"
"A/swine/Illinois/A01116190/2011|A_/_H3N2|unassigned|2011-08-25|HA|4|EPI_ISL_124437","1990.4.e","A/swine/Illinois/A01116190/2011|A_/_H3N2|1990.4.e|2011-08-25|HA|4|EPI_ISL_124437","Illinois","2011-08-25"
"A/swine/Illinois/A01445725/2013|A_/_H3N2|unassigned|2013-02-20|HA|4|EPI_ISL_141076","1990.4.e","A/swine/Illinois/A01445725/2013|A_/_H3N2|1990.4.e|2013-02-20|HA|4|EPI_ISL_141076","Illinois","2013-02-20"
"A/swine/Illinois/A01795807/2015|A_/_H3N2|unassigned|2015-11-06|HA|4|EPI_ISL_205081","1990.4.e","A/swine/Illinois/A01795807/2015|A_/_H3N2|1990.4.e|2015-11-06|HA|4|EPI_ISL_205081","Illinois","2015-11-06"
"A/swine/Iowa/A01945034/2015|A_/_H3N2|unassigned|2015-09-10|HA|4|EPI_ISL_201417","1990.4.e","A/swine/Iowa/A01945034/2015|A_/_H3N2|1990.4.e|2015-09-10|HA|4|EPI_ISL_201417","Iowa","2015-09-10"
"A/swine/Iowa/A01729699/2016|A_/_H3N2|unassigned|2016-01-19|HA|4|EPI_ISL_213783","1990.4.e","A/swine/Iowa/A01729699/2016|A_/_H3N2|1990.4.e|2016-01-19|HA|4|EPI_ISL_213783","Iowa","2016-01-19"
"A/swine/Illinois/A01894510/2016|A_/_H3N2|unassigned|2016-03-29|HA|4|EPI_ISL_222495","1990.4.e","A/swine/Illinois/A01894510/2016|A_/_H3N2|1990.4.e|2016-03-29|HA|4|EPI_ISL_222495","Illinois","2016-03-29"
"A/swine/Illinois/A01894511/2016|A_/_H3N2|unassigned|2016-03-29|HA|4|EPI_ISL_222501","1990.4.e","A/swine/Illinois/A01894511/2016|A_/_H3N2|1990.4.e|2016-03-29|HA|4|EPI_ISL_222501","Illinois","2016-03-29"
"A/swine/Illinois/A01840351/2015|A_/_H3N2|unassigned|2015-01-13|HA|4|EPI_ISL_180672","1990.4.e","A/swine/Illinois/A01840351/2015|A_/_H3N2|1990.4.e|2015-01-13|HA|4|EPI_ISL_180672","Illinois","2015-01-13"
"A/swine/Illinois/A01478357/2014|A_/_H3N2|unassigned|2014-12-08|HA|4|EPI_ISL_174308","1990.4.e","A/swine/Illinois/A01478357/2014|A_/_H3N2|1990.4.e|2014-12-08|HA|4|EPI_ISL_174308","Illinois","2014-12-08"
"A/swine/Illinois/A01554671/2015|A_/_H3N2|unassigned|2015-04-22|HA|4|EPI_ISL_190530","1990.4.e","A/swine/Illinois/A01554671/2015|A_/_H3N2|1990.4.e|2015-04-22|HA|4|EPI_ISL_190530","Illinois","2015-04-22"
"A/swine/Illinois/A01857632/2015|A_/_H3N2|unassigned|2015-09-29|HA|4|EPI_ISL_201877","1990.4.e","A/swine/Illinois/A01857632/2015|A_/_H3N2|1990.4.e|2015-09-29|HA|4|EPI_ISL_201877","Illinois","2015-09-29"
"A/swine/Illinois/A02157056/2018|A_/_H3N2|unassigned|2018-03-28|HA|4|EPI_ISL_329643","1990.4.e","A/swine/Illinois/A02157056/2018|A_/_H3N2|1990.4.e|2018-03-28|HA|4|EPI_ISL_329643","Illinois","2018-03-28"
"A/swine/Illinois/53612-6/2010|A_/_H3N2|unassigned|2010-04-22|HA|4|EPI_ISL_86219","1990.4","A/swine/Illinois/53612-6/2010|A_/_H3N2|1990.4|2010-04-22|HA|4|EPI_ISL_86219","Illinois","2010-04-22"
"A/swine/Illinois/53612-7/2010|A_/_H3N2|unassigned|2010-06-11|HA|4|EPI_ISL_86220","1990.4","A/swine/Illinois/53612-7/2010|A_/_H3N2|1990.4|2010-06-11|HA|4|EPI_ISL_86220","Illinois","2010-06-11"
"A/swine/Illinois/A01057088/2010|A_/_H3N2|unassigned|2010-04-28|HA|4|EPI_ISL_87555","1990.4","A/swine/Illinois/A01057088/2010|A_/_H3N2|1990.4|2010-04-28|HA|4|EPI_ISL_87555","Illinois","2010-04-28"
"A/swine/Illinois/A01057087/2010|A_/_H3N2|unassigned|2010-04-28|HA|4|EPI_ISL_87554","1990.4","A/swine/Illinois/A01057087/2010|A_/_H3N2|1990.4|2010-04-28|HA|4|EPI_ISL_87554","Illinois","2010-04-28"
"A/swine/Illinois/A01047528/2010|A_/_H3N2|unassigned|2010-12-02|HA|4|EPI_ISL_103956","1990.4","A/swine/Illinois/A01047528/2010|A_/_H3N2|1990.4|2010-12-02|HA|4|EPI_ISL_103956","Illinois","2010-12-02"
"A/swine/Indiana/A01049124/2010|A_/_H3N2|unassigned|2010-11-19|HA|4|EPI_ISL_90362","1990.4","A/swine/Indiana/A01049124/2010|A_/_H3N2|1990.4|2010-11-19|HA|4|EPI_ISL_90362","Indiana","2010-11-19"
"A/swine/Indiana/A01327236/2010|A_/_H3N2|unassigned|2010-11-23|HA|4|EPI_ISL_128452","unassigned","A/swine/Indiana/A01327236/2010|A_/_H3N2|unassigned|2010-11-23|HA|4|EPI_ISL_128452","Indiana","2010-11-23"
"A/swine/Indiana/A01327234/2010|A_/_H3N2|unassigned|2010-10-27|HA|4|EPI_ISL_128455","1990.4","A/swine/Indiana/A01327234/2010|A_/_H3N2|1990.4|2010-10-27|HA|4|EPI_ISL_128455","Indiana","2010-10-27"
"A/swine/Indiana/A01327235/2010|A_/_H3N2|unassigned|2010-10-27|HA|4|EPI_ISL_128454","unassigned","A/swine/Indiana/A01327235/2010|A_/_H3N2|unassigned|2010-10-27|HA|4|EPI_ISL_128454","Indiana","2010-10-27"
"A/swine/Illinois/03040/2010|A_/_H3N2|unassigned|2010-06-18|HA|4|EPI_ISL_79848","1990.4","A/swine/Illinois/03040/2010|A_/_H3N2|1990.4|2010-06-18|HA|4|EPI_ISL_79848","Illinois","2010-06-18"
"A/swine/Illinois/02945/2010|A_/_H3N2|unassigned|2010-01-13|HA|4|EPI_ISL_70389","1990.4","A/swine/Illinois/02945/2010|A_/_H3N2|1990.4|2010-01-13|HA|4|EPI_ISL_70389","Illinois","2010-01-13"
"A/swine/Illinois/A01047183/2010|A_/_H3N2|unassigned|2010-11-30|HA|4|EPI_ISL_103955","1990.4","A/swine/Illinois/A01047183/2010|A_/_H3N2|1990.4|2010-11-30|HA|4|EPI_ISL_103955","Illinois","2010-11-30"
"A/swine/Illinois/A01047188/2010|A_/_H3N2|unassigned|2010-11-30|HA|4|EPI_ISL_109864","1990.4","A/swine/Illinois/A01047188/2010|A_/_H3N2|1990.4|2010-11-30|HA|4|EPI_ISL_109864","Illinois","2010-11-30"
"A/swine/Iowa/A01049254/2010|A_/_H3N2|unassigned|2010-12-09|HA|4|EPI_ISL_93356","1990.4","A/swine/Iowa/A01049254/2010|A_/_H3N2|1990.4|2010-12-09|HA|4|EPI_ISL_93356","Iowa","2010-12-09"
"A/swine/Iowa/03734/2011|A_/_H3N2|unassigned|2011-01-24|HA|4|EPI_ISL_151000","1990.4","A/swine/Iowa/03734/2011|A_/_H3N2|1990.4|2011-01-24|HA|4|EPI_ISL_151000","Iowa","2011-01-24"
"A/swine/Iowa/03017/2010|A_/_H3N2|unassigned|2010-04-28|HA|4|EPI_ISL_76477","1990.4","A/swine/Iowa/03017/2010|A_/_H3N2|1990.4|2010-04-28|HA|4|EPI_ISL_76477","Iowa","2010-04-28"
"A/swine/Iowa/A01203992/2012|A_/_H3N2|unassigned|2012-10-01|HA|4|EPI_ISL_132390","1990.4","A/swine/Iowa/A01203992/2012|A_/_H3N2|1990.4|2012-10-01|HA|4|EPI_ISL_132390","Iowa","2012-10-01"
"A/swine/Iowa/A01057188/2010|A_/_H3N2|unassigned|2010-05-24|HA|4|EPI_ISL_87553","1990.4","A/swine/Iowa/A01057188/2010|A_/_H3N2|1990.4|2010-05-24|HA|4|EPI_ISL_87553","Iowa","2010-05-24"
"A/swine/Pennsylvania/62170-1/2010|A_/_H3N2|unassigned|2010-10-25|HA|4|EPI_ISL_86221","1990.4.k","A/swine/Pennsylvania/62170-1/2010|A_/_H3N2|1990.4.k|2010-10-25|HA|4|EPI_ISL_86221","Pennsylvania","2010-10-25"
"A/swine/Pennsylvania/62170-3/2010|A_/_H3N2|unassigned|2010-10-25|HA|4|EPI_ISL_86223","unassigned","A/swine/Pennsylvania/62170-3/2010|A_/_H3N2|unassigned|2010-10-25|HA|4|EPI_ISL_86223","Pennsylvania","2010-10-25"
"A/swine/Pennsylvania/A01076779/2010|A_/_H3N2|unassigned|2010-10-01|HA|4|EPI_ISL_123133","unassigned","A/swine/Pennsylvania/A01076779/2010|A_/_H3N2|unassigned|2010-10-01|HA|4|EPI_ISL_123133","Pennsylvania","2010-10-01"
"A/swine/Pennsylvania/A01076777/2010|A_/_H3N2|unassigned|2010-10-01|HA|4|EPI_ISL_123132","unassigned","A/swine/Pennsylvania/A01076777/2010|A_/_H3N2|unassigned|2010-10-01|HA|4|EPI_ISL_123132","Pennsylvania","2010-10-01"
"A/swine/Pennsylvania/A01047912/2010|A_/_H3N2|unassigned|2010-11-29|HA|4|EPI_ISL_116281","1990.4.k","A/swine/Pennsylvania/A01047912/2010|A_/_H3N2|1990.4.k|2010-11-29|HA|4|EPI_ISL_116281","Pennsylvania","2010-11-29"
"A/swine/North_Carolina/A01202768/2011|A_/_H3N2|unassigned|2011-10-20|HA|4|EPI_ISL_107086","1990.4.k","A/swine/North Carolina/A01202768/2011|A_/_H3N2|1990.4.k|2011-10-20|HA|4|EPI_ISL_107086","North Carolina","2011-10-20"
"A/swine/North_Carolina/6368/2012|A_/_H3N2|unassigned|2012-06-01|HA|4|EPI_ISL_142729","1990.4.k","A/swine/North Carolina/6368/2012|A_/_H3N2|1990.4.k|2012-06-01|HA|4|EPI_ISL_142729","North Carolina","2012-06-01"
"A/swine/Virginia/A01203436/2012|A_/_H3N2|unassigned|2012-04-01|HA|4|EPI_ISL_127717","1990.4.k","A/swine/Virginia/A01203436/2012|A_/_H3N2|1990.4.k|2012-04-01|HA|4|EPI_ISL_127717","Virginia","2012-04-01"
"A/swine/Virginia/A01203437/2012|A_/_H3N2|unassigned|2012-04-16|HA|4|EPI_ISL_127718","unassigned","A/swine/Virginia/A01203437/2012|A_/_H3N2|unassigned|2012-04-16|HA|4|EPI_ISL_127718","Virginia","2012-04-16"
"A/swine/North_Carolina/A01048779/2011|A_/_H3N2|unassigned|2011-11-15|HA|4|EPI_ISL_103849","1990.4.k","A/swine/North Carolina/A01048779/2011|A_/_H3N2|1990.4.k|2011-11-15|HA|4|EPI_ISL_103849","North Carolina","2011-11-15"
"A/swine/Pennsylvania/602170-4/2010|A_/_H3N2|unassigned|2010-10-25|HA|4|EPI_ISL_89370","1990.4.k","A/swine/Pennsylvania/602170-4/2010|A_/_H3N2|1990.4.k|2010-10-25|HA|4|EPI_ISL_89370","Pennsylvania","2010-10-25"
"A/swine/North_Carolina/A01202766/2011|A_/_H3N2|unassigned|2011-10-20|HA|4|EPI_ISL_103847","1990.4.k","A/swine/North Carolina/A01202766/2011|A_/_H3N2|1990.4.k|2011-10-20|HA|4|EPI_ISL_103847","North Carolina","2011-10-20"
"A/swine/Pennsylvania/602170-2/2010|A_/_H3N2|unassigned|2010-10-25|HA|4|EPI_ISL_89369","1990.4.k","A/swine/Pennsylvania/602170-2/2010|A_/_H3N2|1990.4.k|2010-10-25|HA|4|EPI_ISL_89369","Pennsylvania","2010-10-25"
"A/swine/Iowa/A01432207/2012|A_/_H3N2|unassigned|2012-12-01|HA|4|EPI_ISL_134284","1990.4.k","A/swine/Iowa/A01432207/2012|A_/_H3N2|1990.4.k|2012-12-01|HA|4|EPI_ISL_134284","Iowa","2012-12-01"
"A/swine/Iowa/A01049160/2010|A_/_H3N2|unassigned|2010-11-30|HA|4|EPI_ISL_90366","1990.4","A/swine/Iowa/A01049160/2010|A_/_H3N2|1990.4|2010-11-30|HA|4|EPI_ISL_90366","Iowa","2010-11-30"
"A/swine/North_Carolina/A01047914/2011|A_/_H3N2|unassigned|2011-01-06|HA|4|EPI_ISL_116282","1990.4","A/swine/North Carolina/A01047914/2011|A_/_H3N2|1990.4|2011-01-06|HA|4|EPI_ISL_116282","North Carolina","2011-01-06"
"A/swine/North_Carolina/03289/2011|A_/_H3N2|unassigned|2011-01-07|HA|4|EPI_ISL_150994","1990.4","A/swine/North Carolina/03289/2011|A_/_H3N2|1990.4|2011-01-07|HA|4|EPI_ISL_150994","North Carolina","2011-01-07"
"A/swine/North_Carolina/A01076212/2010|A_/_H3N2|unassigned|2010-06-27|HA|4|EPI_ISL_104806","1990.4","A/swine/North Carolina/A01076212/2010|A_/_H3N2|1990.4|2010-06-27|HA|4|EPI_ISL_104806","North Carolina","2010-06-27"
"A/swine/North_Carolina/A01076214/2010|A_/_H3N2|unassigned|2010-07-04|HA|4|EPI_ISL_116348","1990.4","A/swine/North Carolina/A01076214/2010|A_/_H3N2|1990.4|2010-07-04|HA|4|EPI_ISL_116348","North Carolina","2010-07-04"
"A/swine/North_Carolina/A01076204/2010|A_/_H3N2|unassigned|2010-04-18|HA|4|EPI_ISL_104805","1990.4","A/swine/North Carolina/A01076204/2010|A_/_H3N2|1990.4|2010-04-18|HA|4|EPI_ISL_104805","North Carolina","2010-04-18"
"A/swine/Minnesota/A01076199/2010|A_/_H3N2|unassigned|2010-03-14|HA|4|EPI_ISL_104804","1990.4","A/swine/Minnesota/A01076199/2010|A_/_H3N2|1990.4|2010-03-14|HA|4|EPI_ISL_104804","Minnesota","2010-03-14"
"A/swine/North_Carolina/SG1358/2010|A_/_H3N2|unassigned|2010-09-24|HA|4|EPI_ISL_150944","1990.4","A/swine/North Carolina/SG1358/2010|A_/_H3N2|1990.4|2010-09-24|HA|4|EPI_ISL_150944","North Carolina","2010-09-24"
"A/swine/North_Carolina/SG1364/2010|A_/_H3N2|unassigned|2010-11-24|HA|4|EPI_ISL_151204","1990.4","A/swine/North Carolina/SG1364/2010|A_/_H3N2|1990.4|2010-11-24|HA|4|EPI_ISL_151204","North Carolina","2010-11-24"
"A/swine/Iowa/A01076507/2010|A_/_H3N2|unassigned|2010-10-04|HA|4|EPI_ISL_124401","1990.4","A/swine/Iowa/A01076507/2010|A_/_H3N2|1990.4|2010-10-04|HA|4|EPI_ISL_124401","Iowa","2010-10-04"
"A/swine/Iowa/A01076508/2010|A_/_H3N2|unassigned|2010-10-04|HA|4|EPI_ISL_124402","1990.4","A/swine/Iowa/A01076508/2010|A_/_H3N2|1990.4|2010-10-04|HA|4|EPI_ISL_124402","Iowa","2010-10-04"
"A/swine/Iowa/A01047906/2010|A_/_H3N2|unassigned|2010-12-07|HA|4|EPI_ISL_116280","1990.4","A/swine/Iowa/A01047906/2010|A_/_H3N2|1990.4|2010-12-07|HA|4|EPI_ISL_116280","Iowa","2010-12-07"
"A/swine/Illinois/A01076708/2010|A_/_H3N2|unassigned|2010-11-01|HA|4|EPI_ISL_119593","1990.4","A/swine/Illinois/A01076708/2010|A_/_H3N2|1990.4|2010-11-01|HA|4|EPI_ISL_119593","Illinois","2010-11-01"
"A/swine/Illinois/A01076730/2010|A_/_H3N2|unassigned|2010-11-01|HA|4|EPI_ISL_124341","1990.4","A/swine/Illinois/A01076730/2010|A_/_H3N2|1990.4|2010-11-01|HA|4|EPI_ISL_124341","Illinois","2010-11-01"
"A/swine/Illinois/A01076724/2010|A_/_H3N2|unassigned|2010-11-01|HA|4|EPI_ISL_124340","unassigned","A/swine/Illinois/A01076724/2010|A_/_H3N2|unassigned|2010-11-01|HA|4|EPI_ISL_124340","Illinois","2010-11-01"
"A/swine/Illinois/A01047529/2010|A_/_H3N2|unassigned|2010-12-02|HA|4|EPI_ISL_109877","1990.4","A/swine/Illinois/A01047529/2010|A_/_H3N2|1990.4|2010-12-02|HA|4|EPI_ISL_109877","Illinois","2010-12-02"
"A/swine/Illinois/A01076865/2010|A_/_H3N2|unassigned|2010-11-11|HA|4|EPI_ISL_116232","unassigned","A/swine/Illinois/A01076865/2010|A_/_H3N2|unassigned|2010-11-11|HA|4|EPI_ISL_116232","Illinois","2010-11-11"
"A/swine/Illinois/A01076859/2010|A_/_H3N2|unassigned|2010-11-11|HA|4|EPI_ISL_116353","unassigned","A/swine/Illinois/A01076859/2010|A_/_H3N2|unassigned|2010-11-11|HA|4|EPI_ISL_116353","Illinois","2010-11-11"
"A/swine/Illinois/A01201770/2011|A_/_H3N2|unassigned|2011-06-19|HA|4|EPI_ISL_116360","1990.4","A/swine/Illinois/A01201770/2011|A_/_H3N2|1990.4|2011-06-19|HA|4|EPI_ISL_116360","Illinois","2011-06-19"
"A/swine/Illinois/A01076735/2010|A_/_H3N2|unassigned|2010-11-01|HA|4|EPI_ISL_124342","1990.4","A/swine/Illinois/A01076735/2010|A_/_H3N2|1990.4|2010-11-01|HA|4|EPI_ISL_124342","Illinois","2010-11-01"
"A/swine/Illinois/A01076709/2010|A_/_H3N2|unassigned|2010-11-01|HA|4|EPI_ISL_124338","1990.4","A/swine/Illinois/A01076709/2010|A_/_H3N2|1990.4|2010-11-01|HA|4|EPI_ISL_124338","Illinois","2010-11-01"
"A/swine/Pennsylvania/A01201666/2011|A_/_H3N2|unassigned|2011-06-14|HA|4|EPI_ISL_116359","1990.4","A/swine/Pennsylvania/A01201666/2011|A_/_H3N2|1990.4|2011-06-14|HA|4|EPI_ISL_116359","Pennsylvania","2011-06-14"
"A/swine/Iowa/A01049033/2010|A_/_H3N2|unassigned|2010-11-16|HA|4|EPI_ISL_109911","1990.4","A/swine/Iowa/A01049033/2010|A_/_H3N2|1990.4|2010-11-16|HA|4|EPI_ISL_109911","Iowa","2010-11-16"
"A/swine/Iowa/A01049031/2010|A_/_H3N2|unassigned|2010-11-16|HA|4|EPI_ISL_90100","unassigned","A/swine/Iowa/A01049031/2010|A_/_H3N2|unassigned|2010-11-16|HA|4|EPI_ISL_90100","Iowa","2010-11-16"
"A/swine/Iowa/A01049032/2010|A_/_H3N2|unassigned|2010-11-16|HA|4|EPI_ISL_90101","1990.4","A/swine/Iowa/A01049032/2010|A_/_H3N2|1990.4|2010-11-16|HA|4|EPI_ISL_90101","Iowa","2010-11-16"
"A/swine/Illinois/03041/2010|A_/_H3N2|unassigned|2010-06-22|HA|4|EPI_ISL_79849","1990.4","A/swine/Illinois/03041/2010|A_/_H3N2|1990.4|2010-06-22|HA|4|EPI_ISL_79849","Illinois","2010-06-22"
"A/swine/Illinois/A01047009/2010|A_/_H3N2|unassigned|2010-11-22|HA|4|EPI_ISL_116393","1990.4","A/swine/Illinois/A01047009/2010|A_/_H3N2|1990.4|2010-11-22|HA|4|EPI_ISL_116393","Illinois","2010-11-22"
"A/swine/Illinois/A01047014/2010|A_/_H3N2|unassigned|2010-11-22|HA|4|EPI_ISL_116394","1990.4","A/swine/Illinois/A01047014/2010|A_/_H3N2|1990.4|2010-11-22|HA|4|EPI_ISL_116394","Illinois","2010-11-22"
"A/swine/Minnesota/A01201437/2011|A_/_H3N2|unassigned|2011-05-12|HA|4|EPI_ISL_116358","1990.4","A/swine/Minnesota/A01201437/2011|A_/_H3N2|1990.4|2011-05-12|HA|4|EPI_ISL_116358","Minnesota","2011-05-12"
"A/swine/Iowa/A01290680/2013|A_/_H3N2|unassigned|2013-10-01|HA|4|EPI_ISL_153754","1990.4","A/swine/Iowa/A01290680/2013|A_/_H3N2|1990.4|2013-10-01|HA|4|EPI_ISL_153754","Iowa","2013-10-01"
"A/swine/Michigan/A01259002/2012|A_/_H3N2|unassigned|2012-10-22|HA|4|EPI_ISL_134279","1990.4","A/swine/Michigan/A01259002/2012|A_/_H3N2|1990.4|2012-10-22|HA|4|EPI_ISL_134279","Michigan","2012-10-22"
"A/swine/Michigan/A01202655/2011|A_/_H3N2|unassigned|2011-10-05|HA|4|EPI_ISL_127787","1990.4","A/swine/Michigan/A01202655/2011|A_/_H3N2|1990.4|2011-10-05|HA|4|EPI_ISL_127787","Michigan","2011-10-05"
"A/swine/Pennsylvania/A01049256/2010|A_/_H3N2|unassigned|2010-12-07|HA|4|EPI_ISL_93357","1990.4","A/swine/Pennsylvania/A01049256/2010|A_/_H3N2|1990.4|2010-12-07|HA|4|EPI_ISL_93357","Pennsylvania","2010-12-07"
"A/swine/Indiana/A01076191/2010|A_/_H3N2|unassigned|2010-02-07|HA|4|EPI_ISL_104802","1990.4","A/swine/Indiana/A01076191/2010|A_/_H3N2|1990.4|2010-02-07|HA|4|EPI_ISL_104802","Indiana","2010-02-07"
"A/swine/Iowa/A01202089/2011|A_/_H3N2|unassigned|2011-06-16|HA|4|EPI_ISL_127748","1990.4","A/swine/Iowa/A01202089/2011|A_/_H3N2|1990.4|2011-06-16|HA|4|EPI_ISL_127748","Iowa","2011-06-16"
"A/swine/Iowa/A01202088/2011|A_/_H3N2|unassigned|2011-06-16|HA|4|EPI_ISL_109922","1990.4","A/swine/Iowa/A01202088/2011|A_/_H3N2|1990.4|2011-06-16|HA|4|EPI_ISL_109922","Iowa","2011-06-16"
"A/swine/South_Dakota/A01847612/2015|A_/_H3N2|unassigned|2015-04-20|HA|4|EPI_ISL_188905","1990.4.d","A/swine/South Dakota/A01847612/2015|A_/_H3N2|1990.4.d|2015-04-20|HA|4|EPI_ISL_188905","South Dakota","2015-04-20"
"A/swine/South_Dakota/A01480804/2014|A_/_H3N2|unassigned|2014-04-02|HA|4|EPI_ISL_162337","1990.4.d","A/swine/South Dakota/A01480804/2014|A_/_H3N2|1990.4.d|2014-04-02|HA|4|EPI_ISL_162337","South Dakota","2014-04-02"
"A/swine/South_Dakota/A01483717/2014|A_/_H3N2|unassigned|2014-11-06|HA|4|EPI_ISL_170821","1990.4.d","A/swine/South Dakota/A01483717/2014|A_/_H3N2|1990.4.d|2014-11-06|HA|4|EPI_ISL_170821","South Dakota","2014-11-06"
"A/swine/Indiana/A00968359/2012|A_/_H3N2|unassigned|2012-03-06|HA|4|EPI_ISL_156335","1990.4.d","A/swine/Indiana/A00968359/2012|A_/_H3N2|1990.4.d|2012-03-06|HA|4|EPI_ISL_156335","Indiana","2012-03-06"
"A/swine/Michigan/A01203498/2012|A_/_H3N2|unassigned|2012-05-07|HA|4|EPI_ISL_124046","1990.4.d","A/swine/Michigan/A01203498/2012|A_/_H3N2|1990.4.d|2012-05-07|HA|4|EPI_ISL_124046","Michigan","2012-05-07"
"A/swine/Indiana/A00968344/2011|A_/_H3N2|unassigned|2011-09-08|HA|4|EPI_ISL_162014","1990.4.d","A/swine/Indiana/A00968344/2011|A_/_H3N2|1990.4.d|2011-09-08|HA|4|EPI_ISL_162014","Indiana","2011-09-08"
"A/swine/Iowa/A01203942/2012|A_/_H3N2|unassigned|2012-10-02|HA|4|EPI_ISL_132349","1990.4.d","A/swine/Iowa/A01203942/2012|A_/_H3N2|1990.4.d|2012-10-02|HA|4|EPI_ISL_132349","Iowa","2012-10-02"
"A/swine/Iowa/A01277915/2012|A_/_H3N2|unassigned|2012-11-26|HA|4|EPI_ISL_133680","1990.4.d","A/swine/Iowa/A01277915/2012|A_/_H3N2|1990.4.d|2012-11-26|HA|4|EPI_ISL_133680","Iowa","2012-11-26"
"A/swine/Iowa/A01202889/2011|A_/_H3N2|unassigned|2011-11-18|HA|4|EPI_ISL_124320","1990.4.d","A/swine/Iowa/A01202889/2011|A_/_H3N2|1990.4.d|2011-11-18|HA|4|EPI_ISL_124320","Iowa","2011-11-18"
"A/swine/Iowa/A01203751/2012|A_/_H3N2|unassigned|2012-08-15|HA|4|EPI_ISL_130192","1990.4.d","A/swine/Iowa/A01203751/2012|A_/_H3N2|1990.4.d|2012-08-15|HA|4|EPI_ISL_130192","Iowa","2012-08-15"
"A/swine/Kansas/11-107824/2011|A_/_H3N2|unassigned|2011-03-18|HA|4|EPI_ISL_100250","1990.4.d","A/swine/Kansas/11-107824/2011|A_/_H3N2|1990.4.d|2011-03-18|HA|4|EPI_ISL_100250","Kansas","2011-03-18"
"A/swine/Missouri/A01240016/2011|A_/_H3N2|unassigned|2011-11-15|HA|4|EPI_ISL_119608","1990.4.d","A/swine/Missouri/A01240016/2011|A_/_H3N2|1990.4.d|2011-11-15|HA|4|EPI_ISL_119608","Missouri","2011-11-15"
"A/swine/Missouri/A01240017/2011|A_/_H3N2|unassigned|2011-11-15|HA|4|EPI_ISL_116234","1990.4.d","A/swine/Missouri/A01240017/2011|A_/_H3N2|1990.4.d|2011-11-15|HA|4|EPI_ISL_116234","Missouri","2011-11-15"
"A/swine/Illinois/A01201631/2011|A_/_H3N2|unassigned|2011-06-07|HA|4|EPI_ISL_124297","1990.4.d","A/swine/Illinois/A01201631/2011|A_/_H3N2|1990.4.d|2011-06-07|HA|4|EPI_ISL_124297","Illinois","2011-06-07"
"A/swine/Illinois/A01201629/2011|A_/_H3N2|unassigned|2011-06-07|HA|4|EPI_ISL_124430","1990.4.d","A/swine/Illinois/A01201629/2011|A_/_H3N2|1990.4.d|2011-06-07|HA|4|EPI_ISL_124430","Illinois","2011-06-07"
"A/swine/Illinois/A01201606/2011|A_/_H3N2|unassigned|2011-06-01|HA|4|EPI_ISL_104808.1","1990.4.d","A/swine/Illinois/A01201606/2011|A_/_H3N2|1990.4.d|2011-06-01|HA|4|EPI_ISL_104808.1","Illinois","2011-06-01"
"A/swine/Illinois/A01201633/2011|A_/_H3N2|unassigned|2011-06-07|HA|4|EPI_ISL_124298","1990.4.d","A/swine/Illinois/A01201633/2011|A_/_H3N2|1990.4.d|2011-06-07|HA|4|EPI_ISL_124298","Illinois","2011-06-07"
"A/swine/Minnesota/A01201895/2011|A_/_H3N2|unassigned|2011-07-05|HA|4|EPI_ISL_124322","1990.4.d","A/swine/Minnesota/A01201895/2011|A_/_H3N2|1990.4.d|2011-07-05|HA|4|EPI_ISL_124322","Minnesota","2011-07-05"
"A/swine/Minnesota/A01201894/2011|A_/_H3N2|unassigned|2011-07-05|HA|4|EPI_ISL_116361","1990.4.d","A/swine/Minnesota/A01201894/2011|A_/_H3N2|1990.4.d|2011-07-05|HA|4|EPI_ISL_116361","Minnesota","2011-07-05"
"A/swine/Missouri/A01047969/2010|A_/_H3N2|unassigned|2010-12-14|HA|4|EPI_ISL_109894","1990.4.d","A/swine/Missouri/A01047969/2010|A_/_H3N2|1990.4.d|2010-12-14|HA|4|EPI_ISL_109894","Missouri","2010-12-14"
"A/swine/Illinois/A01201606/2011|A_/_H3N2|unassigned|2011-06-01|HA|4|EPI_ISL_104808","1990.4.d","A/swine/Illinois/A01201606/2011|A_/_H3N2|1990.4.d|2011-06-01|HA|4|EPI_ISL_104808","Illinois","2011-06-01"
"A/swine/Missouri/A01047968/2010|A_/_H3N2|unassigned|2010-12-14|HA|4|EPI_ISL_109893","1990.4.d","A/swine/Missouri/A01047968/2010|A_/_H3N2|1990.4.d|2010-12-14|HA|4|EPI_ISL_109893","Missouri","2010-12-14"
"A/swine/Iowa/A01202613/2011|A_/_H3N2|unassigned|2011-09-27|HA|4|EPI_ISL_124248","1990.4.d","A/swine/Iowa/A01202613/2011|A_/_H3N2|1990.4.d|2011-09-27|HA|4|EPI_ISL_124248","Iowa","2011-09-27"
"A/swine/Iowa/A01202614/2011|A_/_H3N2|unassigned|2011-09-27|HA|4|EPI_ISL_124315","1990.4.d","A/swine/Iowa/A01202614/2011|A_/_H3N2|1990.4.d|2011-09-27|HA|4|EPI_ISL_124315","Iowa","2011-09-27"
"A/swine/Iowa/A01203196/2012|A_/_H3N2|unassigned|2012-01-26|HA|4|EPI_ISL_116141","1990.4.d","A/swine/Iowa/A01203196/2012|A_/_H3N2|1990.4.d|2012-01-26|HA|4|EPI_ISL_116141","Iowa","2012-01-26"
"A/swine/Iowa/A01203197/2012|A_/_H3N2|unassigned|2012-01-26|HA|4|EPI_ISL_116142","1990.4.d","A/swine/Iowa/A01203197/2012|A_/_H3N2|1990.4.d|2012-01-26|HA|4|EPI_ISL_116142","Iowa","2012-01-26"
"A/swine/Kansas/12-165022/2012|A_/_H3N2|unassigned|2012-12-31|HA|4|EPI_ISL_140922","1990.4.d","A/swine/Kansas/12-165022/2012|A_/_H3N2|1990.4.d|2012-12-31|HA|4|EPI_ISL_140922","Kansas","2012-12-31"
"A/swine/Illinois/A01240575/2011|A_/_H3N2|unassigned|2011-12-20|HA|4|EPI_ISL_127584","1990.4.f","A/swine/Illinois/A01240575/2011|A_/_H3N2|1990.4.f|2011-12-20|HA|4|EPI_ISL_127584","Illinois","2011-12-20"
"A/swine/Illinois/A01240578/2011|A_/_H3N2|unassigned|2011-12-20|HA|4|EPI_ISL_124246","unassigned","A/swine/Illinois/A01240578/2011|A_/_H3N2|unassigned|2011-12-20|HA|4|EPI_ISL_124246","Illinois","2011-12-20"
"A/swine/Illinois/A01241065/2012|A_/_H3N2|unassigned|2012-01-16|HA|4|EPI_ISL_130043","unassigned","A/swine/Illinois/A01241065/2012|A_/_H3N2|unassigned|2012-01-16|HA|4|EPI_ISL_130043","Illinois","2012-01-16"
"A/swine/Minnesota/A01125995/2012|A_/_H3N2|unassigned|2012-03-08|HA|4|EPI_ISL_124249","1990.4.f","A/swine/Minnesota/A01125995/2012|A_/_H3N2|1990.4.f|2012-03-08|HA|4|EPI_ISL_124249","Minnesota","2012-03-08"
"A/swine/Montana/A01241610/2012|A_/_H3N2|unassigned|2012-02-14|HA|4|EPI_ISL_130004","unassigned","A/swine/Montana/A01241610/2012|A_/_H3N2|unassigned|2012-02-14|HA|4|EPI_ISL_130004","Montana","2012-02-14"
"A/swine/Illinois/A01241212/2012|A_/_H3N2|unassigned|2012-01-24|HA|4|EPI_ISL_129989","1990.4.f","A/swine/Illinois/A01241212/2012|A_/_H3N2|1990.4.f|2012-01-24|HA|4|EPI_ISL_129989","Illinois","2012-01-24"
"A/swine/Illinois/A01241208/2012|A_/_H3N2|unassigned|2012-01-24|HA|4|EPI_ISL_130053","1990.4.f","A/swine/Illinois/A01241208/2012|A_/_H3N2|1990.4.f|2012-01-24|HA|4|EPI_ISL_130053","Illinois","2012-01-24"
"A/swine/Illinois/A01241066/2012|A_/_H3N2|unassigned|2012-01-16|HA|4|EPI_ISL_130095","1990.4.f","A/swine/Illinois/A01241066/2012|A_/_H3N2|1990.4.f|2012-01-16|HA|4|EPI_ISL_130095","Illinois","2012-01-16"
"A/swine/Montana/A01327551/2012|A_/_H3N2|unassigned|2012-04-13|HA|4|EPI_ISL_130007","1990.4.f","A/swine/Montana/A01327551/2012|A_/_H3N2|1990.4.f|2012-04-13|HA|4|EPI_ISL_130007","Montana","2012-04-13"
"A/swine/Montana/A01327552/2012|A_/_H3N2|unassigned|2012-04-13|HA|4|EPI_ISL_130071","unassigned","A/swine/Montana/A01327552/2012|A_/_H3N2|unassigned|2012-04-13|HA|4|EPI_ISL_130071","Montana","2012-04-13"
"A/swine/Iowa/A01202658/2011|A_/_H3N2|unassigned|2011-01-01|HA|4|EPI_ISL_127788","1990.4.f","A/swine/Iowa/A01202658/2011|A_/_H3N2|1990.4.f|2011-01-01|HA|4|EPI_ISL_127788","Iowa","2011-01-01"
"A/swine/Iowa/A01202657/2011|A_/_H3N2|unassigned|2011-10-04|HA|4|EPI_ISL_124310","unassigned","A/swine/Iowa/A01202657/2011|A_/_H3N2|unassigned|2011-10-04|HA|4|EPI_ISL_124310","Iowa","2011-10-04"
"A/swine/Texas/A01049555/2011|A_/_H3N2|unassigned|2011-02-14|HA|4|EPI_ISL_97087","1990.4.f","A/swine/Texas/A01049555/2011|A_/_H3N2|1990.4.f|2011-02-14|HA|4|EPI_ISL_97087","Texas","2011-02-14"
"A/swine/Texas/A01049915/2011|A_/_H3N2|unassigned|2011-04-28|HA|4|EPI_ISL_97127","unassigned","A/swine/Texas/A01049915/2011|A_/_H3N2|unassigned|2011-04-28|HA|4|EPI_ISL_97127","Texas","2011-04-28"
"A/swine/Texas/A01049556/2011|A_/_H3N2|unassigned|2011-02-14|HA|4|EPI_ISL_97086","1990.4.f","A/swine/Texas/A01049556/2011|A_/_H3N2|1990.4.f|2011-02-14|HA|4|EPI_ISL_97086","Texas","2011-02-14"
"A/swine/Texas/A01049914/2011|A_/_H3N2|unassigned|2011-04-28|HA|4|EPI_ISL_97128","1990.4.f","A/swine/Texas/A01049914/2011|A_/_H3N2|1990.4.f|2011-04-28|HA|4|EPI_ISL_97128","Texas","2011-04-28"
"A/swine/Oklahoma/SG1498/2010|A_/_H3N2|unassigned|2010-11-11|HA|4|EPI_ISL_151396","1990.4.f","A/swine/Oklahoma/SG1498/2010|A_/_H3N2|1990.4.f|2010-11-11|HA|4|EPI_ISL_151396","Oklahoma","2010-11-11"
"A/swine/Kansas/10-91088/2010|A_/_H3N2|unassigned|2010-12-30|HA|4|EPI_ISL_100198","1990.4.f","A/swine/Kansas/10-91088/2010|A_/_H3N2|1990.4.f|2010-12-30|HA|4|EPI_ISL_100198","Kansas","2010-12-30"
"A/swine/Kansas/11-104465/2011|A_/_H3N2|unassigned|2011-02-16|HA|4|EPI_ISL_100248","1990.4.f","A/swine/Kansas/11-104465/2011|A_/_H3N2|1990.4.f|2011-02-16|HA|4|EPI_ISL_100248","Kansas","2011-02-16"
"A/swine/Kansas/11-109700/2011|A_/_H3N2|unassigned|2011-04-02|HA|4|EPI_ISL_100251","1990.4.f","A/swine/Kansas/11-109700/2011|A_/_H3N2|1990.4.f|2011-04-02|HA|4|EPI_ISL_100251","Kansas","2011-04-02"
"A/swine/Kansas/11-110529/2011|A_/_H3N2|unassigned|2011-04-08|HA|4|EPI_ISL_100252","1990.4.f","A/swine/Kansas/11-110529/2011|A_/_H3N2|1990.4.f|2011-04-08|HA|4|EPI_ISL_100252","Kansas","2011-04-08"
"A/swine/Kansas/11-101926/2011|A_/_H3N2|unassigned|2011-01-19|HA|4|EPI_ISL_100247","1990.4.f","A/swine/Kansas/11-101926/2011|A_/_H3N2|1990.4.f|2011-01-19|HA|4|EPI_ISL_100247","Kansas","2011-01-19"
"A/swine/Minnesota/A01116381/2011|A_/_H3N2|unassigned|2011-10-11|HA|4|EPI_ISL_124296","1990.4.f","A/swine/Minnesota/A01116381/2011|A_/_H3N2|1990.4.f|2011-10-11|HA|4|EPI_ISL_124296","Minnesota","2011-10-11"
"A/swine/Minnesota/A00907733/2011|A_/_H3N2|unassigned|2011-08-04|HA|4|EPI_ISL_124435","unassigned","A/swine/Minnesota/A00907733/2011|A_/_H3N2|unassigned|2011-08-04|HA|4|EPI_ISL_124435","Minnesota","2011-08-04"
"A/swine/Illinois/A01201077/2011|A_/_H3N2|unassigned|2011-04-07|HA|4|EPI_ISL_124418","1990.4.f","A/swine/Illinois/A01201077/2011|A_/_H3N2|1990.4.f|2011-04-07|HA|4|EPI_ISL_124418","Illinois","2011-04-07"
"A/swine/Nebraska/A01241114/2012|A_/_H3N2|unassigned|2012-01-10|HA|4|EPI_ISL_124324","1990.4.f","A/swine/Nebraska/A01241114/2012|A_/_H3N2|1990.4.f|2012-01-10|HA|4|EPI_ISL_124324","Nebraska","2012-01-10"
"A/swine/Minnesota/A01240127/2011|A_/_H3N2|unassigned|2011-10-10|HA|4|EPI_ISL_116236","unassigned","A/swine/Minnesota/A01240127/2011|A_/_H3N2|unassigned|2011-10-10|HA|4|EPI_ISL_116236","Minnesota","2011-10-10"
"A/swine/Minnesota/A00907734/2011|A_/_H3N2|unassigned|2011-08-04|HA|4|EPI_ISL_116279","unassigned","A/swine/Minnesota/A00907734/2011|A_/_H3N2|unassigned|2011-08-04|HA|4|EPI_ISL_116279","Minnesota","2011-08-04"
"A/swine/Illinois/A01201076/2011|A_/_H3N2|unassigned|2011-04-07|HA|4|EPI_ISL_116357","unassigned","A/swine/Illinois/A01201076/2011|A_/_H3N2|unassigned|2011-04-07|HA|4|EPI_ISL_116357","Illinois","2011-04-07"
"A/swine/Iowa/A01049750/2011|A_/_H3N2|unassigned|2011-03-28|HA|4|EPI_ISL_97140","1990.4.f","A/swine/Iowa/A01049750/2011|A_/_H3N2|1990.4.f|2011-03-28|HA|4|EPI_ISL_97140","Iowa","2011-03-28"
"A/swine/Nebraska/A01327581/2012|A_/_H3N2|unassigned|2012-04-16|HA|4|EPI_ISL_130068","1990.4.f","A/swine/Nebraska/A01327581/2012|A_/_H3N2|1990.4.f|2012-04-16|HA|4|EPI_ISL_130068","Nebraska","2012-04-16"
"A/swine/Nebraska/A01240867/2012|A_/_H3N2|unassigned|2012-01-03|HA|4|EPI_ISL_130146","1990.4.f","A/swine/Nebraska/A01240867/2012|A_/_H3N2|1990.4.f|2012-01-03|HA|4|EPI_ISL_130146","Nebraska","2012-01-03"
"A/swine/Nebraska/A01240337/2011|A_/_H3N2|unassigned|2011-11-01|HA|4|EPI_ISL_130154","1990.4.f","A/swine/Nebraska/A01240337/2011|A_/_H3N2|1990.4.f|2011-11-01|HA|4|EPI_ISL_130154","Nebraska","2011-11-01"
"A/swine/Minnesota/A01327763/2012|A_/_H3N2|unassigned|2012-04-20|HA|4|EPI_ISL_130027","1990.4.f","A/swine/Minnesota/A01327763/2012|A_/_H3N2|1990.4.f|2012-04-20|HA|4|EPI_ISL_130027","Minnesota","2012-04-20"
"A/swine/Minnesota/A01327764/2012|A_/_H3N2|unassigned|2012-04-20|HA|4|EPI_ISL_130038","unassigned","A/swine/Minnesota/A01327764/2012|A_/_H3N2|unassigned|2012-04-20|HA|4|EPI_ISL_130038","Minnesota","2012-04-20"
"A/swine/Minnesota/A01301000/2012|A_/_H3N2|unassigned|2012-05-03|HA|4|EPI_ISL_130149","1990.4.f","A/swine/Minnesota/A01301000/2012|A_/_H3N2|1990.4.f|2012-05-03|HA|4|EPI_ISL_130149","Minnesota","2012-05-03"
"A/swine/Minnesota/A01300999/2012|A_/_H3N2|unassigned|2012-05-03|HA|4|EPI_ISL_130171","1990.4.f","A/swine/Minnesota/A01300999/2012|A_/_H3N2|1990.4.f|2012-05-03|HA|4|EPI_ISL_130171","Minnesota","2012-05-03"
"A/swine/Nebraska/A01116984/2011|A_/_H3N2|unassigned|2011-11-03|HA|4|EPI_ISL_124472","1990.4.f","A/swine/Nebraska/A01116984/2011|A_/_H3N2|1990.4.f|2011-11-03|HA|4|EPI_ISL_124472","Nebraska","2011-11-03"
"A/swine/Illinois/A01202825/2011|A_/_H3N2|unassigned|2011-11-09|HA|4|EPI_ISL_127814","1990.4.f","A/swine/Illinois/A01202825/2011|A_/_H3N2|1990.4.f|2011-11-09|HA|4|EPI_ISL_127814","Illinois","2011-11-09"
"A/swine/Iowa/A01203121/2012|A_/_H3N2|unassigned|2012-01-05|HA|4|EPI_ISL_127882","1990.4.f","A/swine/Iowa/A01203121/2012|A_/_H3N2|1990.4.f|2012-01-05|HA|4|EPI_ISL_127882","Iowa","2012-01-05"
"A/swine/Iowa/A01300445/2012|A_/_H3N2|unassigned|2012-06-13|HA|4|EPI_ISL_156334","1990.4.f","A/swine/Iowa/A01300445/2012|A_/_H3N2|1990.4.f|2012-06-13|HA|4|EPI_ISL_156334","Iowa","2012-06-13"
"A/swine/Iowa/A01300451/2012|A_/_H3N2|unassigned|2012-06-01|HA|4|EPI_ISL_130130","unassigned","A/swine/Iowa/A01300451/2012|A_/_H3N2|unassigned|2012-06-01|HA|4|EPI_ISL_130130","Iowa","2012-06-01"
"A/swine/Minnesota/A01301345/2012|A_/_H3N2|unassigned|2012-08-02|HA|4|EPI_ISL_130132","1990.4.f","A/swine/Minnesota/A01301345/2012|A_/_H3N2|1990.4.f|2012-08-02|HA|4|EPI_ISL_130132","Minnesota","2012-08-02"
"A/swine/Minnesota/A01301346/2012|A_/_H3N2|unassigned|2012-08-02|HA|4|EPI_ISL_130141","1990.4.f","A/swine/Minnesota/A01301346/2012|A_/_H3N2|1990.4.f|2012-08-02|HA|4|EPI_ISL_130141","Minnesota","2012-08-02"
"A/swine/Iowa/A01432500/2013|A_/_H3N2|unassigned|2013-03-01|HA|4|EPI_ISL_138995","1990.4.f","A/swine/Iowa/A01432500/2013|A_/_H3N2|1990.4.f|2013-03-01|HA|4|EPI_ISL_138995","Iowa","2013-03-01"
"A/swine/Minnesota/A01327666/2012|A_/_H3N2|unassigned|2012-04-23|HA|4|EPI_ISL_130151","1990.4.f","A/swine/Minnesota/A01327666/2012|A_/_H3N2|1990.4.f|2012-04-23|HA|4|EPI_ISL_130151","Minnesota","2012-04-23"
"A/swine/Nebraska/A01300023/2012|A_/_H3N2|unassigned|2012-06-12|HA|4|EPI_ISL_156336","1990.4.f","A/swine/Nebraska/A01300023/2012|A_/_H3N2|1990.4.f|2012-06-12|HA|4|EPI_ISL_156336","Nebraska","2012-06-12"
"A/swine/Nebraska/A01270879/2012|A_/_H3N2|unassigned|2012-10-01|HA|4|EPI_ISL_132377","1990.4.f","A/swine/Nebraska/A01270879/2012|A_/_H3N2|1990.4.f|2012-10-01|HA|4|EPI_ISL_132377","Nebraska","2012-10-01"
"A/swine/Nebraska/A01271548/2012|A_/_H3N2|unassigned|2012-10-29|HA|4|EPI_ISL_133004","1990.4.f","A/swine/Nebraska/A01271548/2012|A_/_H3N2|1990.4.f|2012-10-29|HA|4|EPI_ISL_133004","Nebraska","2012-10-29"
"A/swine/Nebraska/A01300022/2012|A_/_H3N2|unassigned|2012-06-25|HA|4|EPI_ISL_130117","1990.4.f","A/swine/Nebraska/A01300022/2012|A_/_H3N2|1990.4.f|2012-06-25|HA|4|EPI_ISL_130117","Nebraska","2012-06-25"
"A/swine/Nebraska/A01300475/2012|A_/_H3N2|unassigned|2012-07-13|HA|4|EPI_ISL_130127","unassigned","A/swine/Nebraska/A01300475/2012|A_/_H3N2|unassigned|2012-07-13|HA|4|EPI_ISL_130127","Nebraska","2012-07-13"
"A/swine/Nebraska/A01271549/2012|A_/_H3N2|unassigned|2012-10-29|HA|4|EPI_ISL_133009","1990.4.f","A/swine/Nebraska/A01271549/2012|A_/_H3N2|1990.4.f|2012-10-29|HA|4|EPI_ISL_133009","Nebraska","2012-10-29"
"A/swine/Nebraska/A01300467/2012|A_/_H3N2|unassigned|2012-07-12|HA|4|EPI_ISL_130133","1990.4.f","A/swine/Nebraska/A01300467/2012|A_/_H3N2|1990.4.f|2012-07-12|HA|4|EPI_ISL_130133","Nebraska","2012-07-12"
"A/swine/Nebraska/A01300032/2012|A_/_H3N2|unassigned|2012-06-12|HA|4|EPI_ISL_124215","1990.4.f","A/swine/Nebraska/A01300032/2012|A_/_H3N2|1990.4.f|2012-06-12|HA|4|EPI_ISL_124215","Nebraska","2012-06-12"
"A/swine/Iowa/MT_12_07_2593/2012|A_/_H3N2|unassigned|2012-04-30|HA|4|EPI_ISL_271046","1990.4.f","A/swine/Iowa/MT_12_07_2593/2012|A_/_H3N2|1990.4.f|2012-04-30|HA|4|EPI_ISL_271046","Iowa","2012-04-30"
"A/swine/Iowa/MT_12_07_1931/2012|A_/_H3N2|unassigned|2012-02-27|HA|4|EPI_ISL_271043","1990.4.f","A/swine/Iowa/MT_12_07_1931/2012|A_/_H3N2|1990.4.f|2012-02-27|HA|4|EPI_ISL_271043","Iowa","2012-02-27"
"A/swine/Iowa/MT_12_07_1911/2012|A_/_H3N2|unassigned|2012-02-27|HA|4|EPI_ISL_271060","unassigned","A/swine/Iowa/MT_12_07_1911/2012|A_/_H3N2|unassigned|2012-02-27|HA|4|EPI_ISL_271060","Iowa","2012-02-27"
"A/swine/Iowa/MT_12_07_1916/2012|A_/_H3N2|unassigned|2012-02-27|HA|4|EPI_ISL_271056","unassigned","A/swine/Iowa/MT_12_07_1916/2012|A_/_H3N2|unassigned|2012-02-27|HA|4|EPI_ISL_271056","Iowa","2012-02-27"
"A/swine/Iowa/MT_12_07_1923/2012|A_/_H3N2|unassigned|2012-02-27|HA|4|EPI_ISL_271747","unassigned","A/swine/Iowa/MT_12_07_1923/2012|A_/_H3N2|unassigned|2012-02-27|HA|4|EPI_ISL_271747","Iowa","2012-02-27"
"A/swine/Iowa/MT_12_07_1914/2012|A_/_H3N2|unassigned|2012-02-27|HA|4|EPI_ISL_271653","1990.4.f","A/swine/Iowa/MT_12_07_1914/2012|A_/_H3N2|1990.4.f|2012-02-27|HA|4|EPI_ISL_271653","Iowa","2012-02-27"
"A/swine/Iowa/MT_12_07_1927/2012|A_/_H3N2|unassigned|2012-02-27|HA|4|EPI_ISL_271059","1990.4.f","A/swine/Iowa/MT_12_07_1927/2012|A_/_H3N2|1990.4.f|2012-02-27|HA|4|EPI_ISL_271059","Iowa","2012-02-27"
"A/swine/Iowa/MT_12_07_1912/2012|A_/_H3N2|unassigned|2012-02-27|HA|4|EPI_ISL_271646","1990.4.f","A/swine/Iowa/MT_12_07_1912/2012|A_/_H3N2|1990.4.f|2012-02-27|HA|4|EPI_ISL_271646","Iowa","2012-02-27"
"A/swine/Iowa/MT_12_07_1915/2012|A_/_H3N2|unassigned|2012-02-27|HA|4|EPI_ISL_271716","unassigned","A/swine/Iowa/MT_12_07_1915/2012|A_/_H3N2|unassigned|2012-02-27|HA|4|EPI_ISL_271716","Iowa","2012-02-27"
"A/swine/Iowa/MT_12_07_1918/2012|A_/_H3N2|unassigned|2012-02-27|HA|4|EPI_ISL_271717","unassigned","A/swine/Iowa/MT_12_07_1918/2012|A_/_H3N2|unassigned|2012-02-27|HA|4|EPI_ISL_271717","Iowa","2012-02-27"
"A/swine/Iowa/MT_12_07_1930/2012|A_/_H3N2|unassigned|2012-02-27|HA|4|EPI_ISL_271746","1990.4.f","A/swine/Iowa/MT_12_07_1930/2012|A_/_H3N2|1990.4.f|2012-02-27|HA|4|EPI_ISL_271746","Iowa","2012-02-27"
"A/swine/Iowa/MT_12_07_2227/2012|A_/_H3N2|unassigned|2012-03-29|HA|4|EPI_ISL_271757","1990.4.f","A/swine/Iowa/MT_12_07_2227/2012|A_/_H3N2|1990.4.f|2012-03-29|HA|4|EPI_ISL_271757","Iowa","2012-03-29"
"A/swine/Iowa/MT_12_07_2595/2012|A_/_H3N2|unassigned|2012-04-30|HA|4|EPI_ISL_271642","1990.4.f","A/swine/Iowa/MT_12_07_2595/2012|A_/_H3N2|1990.4.f|2012-04-30|HA|4|EPI_ISL_271642","Iowa","2012-04-30"
"A/swine/Iowa/MT_12_07_2594/2012|A_/_H3N2|unassigned|2012-04-30|HA|4|EPI_ISL_271645","1990.4.f","A/swine/Iowa/MT_12_07_2594/2012|A_/_H3N2|1990.4.f|2012-04-30|HA|4|EPI_ISL_271645","Iowa","2012-04-30"
"A/swine/Iowa/MT_12_07_11_2_15/2011|A_/_H3N2|unassigned|2011-11-22|HA|4|EPI_ISL_271047","1990.4.f","A/swine/Iowa/MT_12_07_11_2_15/2011|A_/_H3N2|1990.4.f|2011-11-22|HA|4|EPI_ISL_271047","Iowa","2011-11-22"
"A/swine/Iowa/MT_12_07_4305/2012|A_/_H3N2|unassigned|2012-08-31|HA|4|EPI_ISL_271075","unassigned","A/swine/Iowa/MT_12_07_4305/2012|A_/_H3N2|unassigned|2012-08-31|HA|4|EPI_ISL_271075","Iowa","2012-08-31"
"A/swine/Iowa/MT_12_07_11_2_20/2011|A_/_H3N2|unassigned|2011-11-22|HA|4|EPI_ISL_271643","1990.4.f","A/swine/Iowa/MT_12_07_11_2_20/2011|A_/_H3N2|1990.4.f|2011-11-22|HA|4|EPI_ISL_271643","Iowa","2011-11-22"
"A/swine/Iowa/MT_12_07_3836/2012|A_/_H3N2|unassigned|2012-07-09|HA|4|EPI_ISL_271738","1990.4.f","A/swine/Iowa/MT_12_07_3836/2012|A_/_H3N2|1990.4.f|2012-07-09|HA|4|EPI_ISL_271738","Iowa","2012-07-09"
"A/swine/Iowa/MT_12_07_3840/2012|A_/_H3N2|unassigned|2012-07-09|HA|4|EPI_ISL_271049","1990.4.f","A/swine/Iowa/MT_12_07_3840/2012|A_/_H3N2|1990.4.f|2012-07-09|HA|4|EPI_ISL_271049","Iowa","2012-07-09"
"A/swine/Minnesota/MT_12_07_4005/2012|A_/_H3N2|unassigned|2012-07-30|HA|4|EPI_ISL_271715","unassigned","A/swine/Minnesota/MT_12_07_4005/2012|A_/_H3N2|unassigned|2012-07-30|HA|4|EPI_ISL_271715","Minnesota","2012-07-30"
"A/swine/Minnesota/MT_12_07_4017/2012|A_/_H3N2|unassigned|2012-07-30|HA|4|EPI_ISL_271761","unassigned","A/swine/Minnesota/MT_12_07_4017/2012|A_/_H3N2|unassigned|2012-07-30|HA|4|EPI_ISL_271761","Minnesota","2012-07-30"
"A/swine/Minnesota/17/2012|A_/_H3N2|unassigned|2012-08-10|HA|4|EPI_ISL_129607","1990.4.f","A/swine/Minnesota/17/2012|A_/_H3N2|1990.4.f|2012-08-10|HA|4|EPI_ISL_129607","Minnesota","2012-08-10"
"A/swine/Kansas/11-104467/2011|A_/_H3N2|unassigned|2011-02-16|HA|4|EPI_ISL_100249","1990.4.f","A/swine/Kansas/11-104467/2011|A_/_H3N2|1990.4.f|2011-02-16|HA|4|EPI_ISL_100249","Kansas","2011-02-16"
"A/swine/Nebraska/A01241785/2012|A_/_H3N2|unassigned|2012-02-20|HA|4|EPI_ISL_130037","1990.4.f","A/swine/Nebraska/A01241785/2012|A_/_H3N2|1990.4.f|2012-02-20|HA|4|EPI_ISL_130037","Nebraska","2012-02-20"
"A/swine/Nebraska/A01241171/2012|A_/_H3N2|unassigned|2012-01-16|HA|4|EPI_ISL_130101","1990.4.f","A/swine/Nebraska/A01241171/2012|A_/_H3N2|1990.4.f|2012-01-16|HA|4|EPI_ISL_130101","Nebraska","2012-01-16"
"A/swine/Nebraska/A01327747/2012|A_/_H3N2|unassigned|2012-04-26|HA|4|EPI_ISL_130087","1990.4.f","A/swine/Nebraska/A01327747/2012|A_/_H3N2|1990.4.f|2012-04-26|HA|4|EPI_ISL_130087","Nebraska","2012-04-26"
"A/swine/NE/A01101010/2011|A_/_H3N2|unassigned|2011-12-05|HA|4|EPI_ISL_109913","1990.4.f","A/swine/Nebraska/A01101010/2011|A_/_H3N2|1990.4.f|2011-12-05|HA|4|EPI_ISL_109913","Nebraska","2011-12-05"
"A/swine/Minnesota/A01240557/2011|A_/_H3N2|unassigned|2011-12-13|HA|4|EPI_ISL_117504","1990.4.f","A/swine/Minnesota/A01240557/2011|A_/_H3N2|1990.4.f|2011-12-13|HA|4|EPI_ISL_117504","Minnesota","2011-12-13"
"A/swine/South_Dakota/A01280095/2013|A_/_H3N2|unassigned|2013-01-03|HA|4|EPI_ISL_136561","1990.4.f","A/swine/South Dakota/A01280095/2013|A_/_H3N2|1990.4.f|2013-01-03|HA|4|EPI_ISL_136561","South Dakota","2013-01-03"
"A/swine/Minnesota/A01290747/2013|A_/_H3N2|unassigned|2013-11-01|HA|4|EPI_ISL_153725","1990.4.f","A/swine/Minnesota/A01290747/2013|A_/_H3N2|1990.4.f|2013-11-01|HA|4|EPI_ISL_153725","Minnesota","2013-11-01"
"A/swine/Minnesota/A01290748/2013|A_/_H3N2|unassigned|2013-11-01|HA|4|EPI_ISL_153742","unassigned","A/swine/Minnesota/A01290748/2013|A_/_H3N2|unassigned|2013-11-01|HA|4|EPI_ISL_153742","Minnesota","2013-11-01"
"A/swine/Nebraska/A01399268/2013|A_/_H3N2|unassigned|2013-08-09|HA|4|EPI_ISL_149673","1990.4.f","A/swine/Nebraska/A01399268/2013|A_/_H3N2|1990.4.f|2013-08-09|HA|4|EPI_ISL_149673","Nebraska","2013-08-09"
"A/swine/Montana/A01241619/2012|A_/_H3N2|unassigned|2012-02-14|HA|4|EPI_ISL_130022","1990.4.f","A/swine/Montana/A01241619/2012|A_/_H3N2|1990.4.f|2012-02-14|HA|4|EPI_ISL_130022","Montana","2012-02-14"
"A/swine/Minnesota/A01392534/2013|A_/_H3N2|unassigned|2013-10-03|HA|4|EPI_ISL_150522","1990.4.f","A/swine/Minnesota/A01392534/2013|A_/_H3N2|1990.4.f|2013-10-03|HA|4|EPI_ISL_150522","Minnesota","2013-10-03"
"A/swine/Texas/03042/2010|A_/_H3N2|unassigned|2010-07-02|HA|4|EPI_ISL_150942","1990.4.f","A/swine/Texas/03042/2010|A_/_H3N2|1990.4.f|2010-07-02|HA|4|EPI_ISL_150942","Texas","2010-07-02"
"A/swine/Minnesota/A01076531/2010|A_/_H3N2|unassigned|2010-10-07|HA|4|EPI_ISL_124404","1990.4","A/swine/Minnesota/A01076531/2010|A_/_H3N2|1990.4|2010-10-07|HA|4|EPI_ISL_124404","Minnesota","2010-10-07"
"A/swine/Minnesota/A01076701/2010|A_/_H3N2|unassigned|2010-10-18|HA|4|EPI_ISL_116352","1990.4","A/swine/Minnesota/A01076701/2010|A_/_H3N2|1990.4|2010-10-18|HA|4|EPI_ISL_116352","Minnesota","2010-10-18"
"A/swine/South_Dakota/MT_12_07_2008/2012|A_/_H3N2|unassigned|2012-03-14|HA|4|EPI_ISL_271058","1990.4","A/swine/South Dakota/MT_12_07_2008/2012|A_/_H3N2|1990.4|2012-03-14|HA|4|EPI_ISL_271058","South Dakota","2012-03-14"
"A/swine/South_Dakota/MT_12_07_1554/2012|A_/_H3N2|unassigned|2012-10-31|HA|4|EPI_ISL_271066","1990.4","A/swine/South Dakota/MT_12_07_1554/2012|A_/_H3N2|1990.4|2012-10-31|HA|4|EPI_ISL_271066","South Dakota","2012-10-31"
"A/swine/South_Dakota/MT_12_07_1567/2012|A_/_H3N2|unassigned|2012-10-31|HA|4|EPI_ISL_271741","unassigned","A/swine/South Dakota/MT_12_07_1567/2012|A_/_H3N2|unassigned|2012-10-31|HA|4|EPI_ISL_271741","South Dakota","2012-10-31"
"A/swine/Dakota_Superior/MT_12_07_411/2012|A_/_H3N2|unassigned|2012-01-04|HA|4|EPI_ISL_271718","1990.4","A/swine/Dakota_Superior/MT_12_07_411/2012|A_/_H3N2|1990.4|2012-01-04|HA|4|EPI_ISL_271718","Dakota_Superior","2012-01-04"
"A/swine/South_Dakota/MT_12_07_1566/2012|A_/_H3N2|unassigned|2012-10-31|HA|4|EPI_ISL_271083","1990.4","A/swine/South Dakota/MT_12_07_1566/2012|A_/_H3N2|1990.4|2012-10-31|HA|4|EPI_ISL_271083","South Dakota","2012-10-31"
"A/swine/South_Dakota/MT_12_07_2018/2012|A_/_H3N2|unassigned|2012-03-14|HA|4|EPI_ISL_271085","1990.4","A/swine/South Dakota/MT_12_07_2018/2012|A_/_H3N2|1990.4|2012-03-14|HA|4|EPI_ISL_271085","South Dakota","2012-03-14"
"A/swine/South_Dakota/A01300602/2012|A_/_H3N2|unassigned|2012-01-01|HA|4|EPI_ISL_130179","1990.4","A/swine/South Dakota/A01300602/2012|A_/_H3N2|1990.4|2012-01-01|HA|4|EPI_ISL_130179","South Dakota","2012-01-01"
"A/swine/SouthDakota/A01267894/2012|A_/_H3N2|unassigned|2012-10-22|HA|4|EPI_ISL_132323","1990.4","A/swine/South Dakota/A01267894/2012|A_/_H3N2|1990.4|2012-10-22|HA|4|EPI_ISL_132323","South Dakota","2012-10-22"
"A/swine/South_Dakota/A01279518/2012|A_/_H3N2|unassigned|2012-12-03|HA|4|EPI_ISL_133704","1990.4","A/swine/South Dakota/A01279518/2012|A_/_H3N2|1990.4|2012-12-03|HA|4|EPI_ISL_133704","South Dakota","2012-12-03"
"A/swine/Kansas/10-83533/2010|A_/_H3N2|unassigned|2010-04-18|HA|4|EPI_ISL_182282","1990.4","A/swine/Kansas/10-83533/2010|A_/_H3N2|1990.4|2010-04-18|HA|4|EPI_ISL_182282","Kansas","2010-04-18"
"A/swine/Nebraska/A01116980/2011|A_/_H3N2|unassigned|2011-11-02|HA|4|EPI_ISL_116356","1990.4","A/swine/Nebraska/A01116980/2011|A_/_H3N2|1990.4|2011-11-02|HA|4|EPI_ISL_116356","Nebraska","2011-11-02"
"A/swine/Nebraska/8534/2011|A_/_H3N2|unassigned|2011-06-01|HA|4|EPI_ISL_142714","1990.4","A/swine/Nebraska/8534/2011|A_/_H3N2|1990.4|2011-06-01|HA|4|EPI_ISL_142714","Nebraska","2011-06-01"
"A/swine/Missouri/02980/2010|A_/_H3N2|unassigned|2010-02-16|HA|4|EPI_ISL_71947","1990.4","A/swine/Missouri/02980/2010|A_/_H3N2|1990.4|2010-02-16|HA|4|EPI_ISL_71947","Missouri","2010-02-16"
"A/swine/Indiana/A01049349/2010|A_/_H3N2|unassigned|2010-12-29|HA|4|EPI_ISL_102558","1990.4","A/swine/Indiana/A01049349/2010|A_/_H3N2|1990.4|2010-12-29|HA|4|EPI_ISL_102558","Indiana","2010-12-29"
"A/swine/Iowa/A01076309/2010|A_/_H3N2|unassigned|2010-09-20|HA|4|EPI_ISL_124041","1990.4","A/swine/Iowa/A01076309/2010|A_/_H3N2|1990.4|2010-09-20|HA|4|EPI_ISL_124041","Iowa","2010-09-20"
"A/swine/Iowa/A01076311/2010|A_/_H3N2|unassigned|2010-09-20|HA|4|EPI_ISL_116349","1990.4","A/swine/Iowa/A01076311/2010|A_/_H3N2|1990.4|2010-09-20|HA|4|EPI_ISL_116349","Iowa","2010-09-20"
"A/swine/Indiana/A00968325/2010|A_/_H3N2|unassigned|2010-12-17|HA|4|EPI_ISL_150397","1990.4","A/swine/Indiana/A00968325/2010|A_/_H3N2|1990.4|2010-12-17|HA|4|EPI_ISL_150397","Indiana","2010-12-17"
"A/swine/Pennsylvania/A01076501/2010|A_/_H3N2|unassigned|2010-09-01|HA|4|EPI_ISL_123131","1990.4","A/swine/Pennsylvania/A01076501/2010|A_/_H3N2|1990.4|2010-09-01|HA|4|EPI_ISL_123131","Pennsylvania","2010-09-01"
"A/swine/Pennsylvania/057108-1/2010|A_/_H3N2|unassigned|2010-09-20|HA|4|EPI_ISL_87551","unassigned","A/swine/Pennsylvania/057108-1/2010|A_/_H3N2|unassigned|2010-09-20|HA|4|EPI_ISL_87551","Pennsylvania","2010-09-20"
"A/swine/Pennsylvania/a01076502/2010|A_/_H3N2|unassigned|2010-09-20|HA|4|EPI_ISL_137748","unassigned","A/swine/Pennsylvania/a01076502/2010|A_/_H3N2|unassigned|2010-09-20|HA|4|EPI_ISL_137748","Pennsylvania","2010-09-20"
"A/swine/Pennsylvania/a01076503/2010|A_/_H3N2|unassigned|2010-09-20|HA|4|EPI_ISL_137749","unassigned","A/swine/Pennsylvania/a01076503/2010|A_/_H3N2|unassigned|2010-09-20|HA|4|EPI_ISL_137749","Pennsylvania","2010-09-20"
"A/swine/Missouri/A01411681/2014|A_/_H3N2|unassigned|2014-03-01|HA|4|EPI_ISL_162028","1990.4","A/swine/Missouri/A01411681/2014|A_/_H3N2|1990.4|2014-03-01|HA|4|EPI_ISL_162028","Missouri","2014-03-01"
"A/swine/Iowa/13G060/2013|A_/_H3N2|unassigned|2013-07-19|HA|4|EPI_ISL_157605","1990.4","A/swine/Iowa/13G060/2013|A_/_H3N2|1990.4|2013-07-19|HA|4|EPI_ISL_157605","Iowa","2013-07-19"
"A/swine/Nebraska/A02034991/2015|A_/_H3N2|unassigned|2015-07-30|HA|4|EPI_ISL_198367","1990.4","A/swine/Nebraska/A02034991/2015|A_/_H3N2|1990.4|2015-07-30|HA|4|EPI_ISL_198367","Nebraska","2015-07-30"
"A/swine/Kansas/A01477353/2014|A_/_H3N2|unassigned|2014-08-18|HA|4|EPI_ISL_167331","1990.4","A/swine/Kansas/A01477353/2014|A_/_H3N2|1990.4|2014-08-18|HA|4|EPI_ISL_167331","Kansas","2014-08-18"
"A/swine/Kansas/A01476234/2014|A_/_H3N2|unassigned|2014-08-18|HA|4|EPI_ISL_167341","1990.4","A/swine/Kansas/A01476234/2014|A_/_H3N2|1990.4|2014-08-18|HA|4|EPI_ISL_167341","Kansas","2014-08-18"
"A/swine/Oklahoma/A01327676/2012|A_/_H3N2|unassigned|2012-04-19|HA|4|EPI_ISL_130039","1990.4","A/swine/Oklahoma/A01327676/2012|A_/_H3N2|1990.4|2012-04-19|HA|4|EPI_ISL_130039","Oklahoma","2012-04-19"
"A/swine/Texas/SG1501/2010|A_/_H3N2|unassigned|2010-04-20|HA|4|EPI_ISL_151350","1990.4","A/swine/Texas/SG1501/2010|A_/_H3N2|1990.4|2010-04-20|HA|4|EPI_ISL_151350","Texas","2010-04-20"
"A/swine/Iowa/A01290431/2013|A_/_H3N2|unassigned|2013-09-01|HA|4|EPI_ISL_151719","1990.4","A/swine/Iowa/A01290431/2013|A_/_H3N2|1990.4|2013-09-01|HA|4|EPI_ISL_151719","Iowa","2013-09-01"
"A/swine/Indiana/A01260140/2012|A_/_H3N2|unassigned|2012-11-21|HA|4|EPI_ISL_135219","1990.4.c","A/swine/Indiana/A01260140/2012|A_/_H3N2|1990.4.c|2012-11-21|HA|4|EPI_ISL_135219","Indiana","2012-11-21"
"A/swine/Indiana/A01260155/2012|A_/_H3N2|unassigned|2012-11-29|HA|4|EPI_ISL_135220","1990.4.c","A/swine/Indiana/A01260155/2012|A_/_H3N2|1990.4.c|2012-11-29|HA|4|EPI_ISL_135220","Indiana","2012-11-29"
"A/swine/Indiana/A01260185/2013|A_/_H3N2|unassigned|2013-01-03|HA|4|EPI_ISL_138218","1990.4.c","A/swine/Indiana/A01260185/2013|A_/_H3N2|1990.4.c|2013-01-03|HA|4|EPI_ISL_138218","Indiana","2013-01-03"
"A/swine/Indiana/A01260285/2013|A_/_H3N2|unassigned|2013-04-30|HA|4|EPI_ISL_143501","1990.4.c","A/swine/Indiana/A01260285/2013|A_/_H3N2|1990.4.c|2013-04-30|HA|4|EPI_ISL_143501","Indiana","2013-04-30"
"A/swine/Minnesota/A01381378/2013|A_/_H3N2|unassigned|2013-05-23|HA|4|EPI_ISL_143877","1990.4.c","A/swine/Minnesota/A01381378/2013|A_/_H3N2|1990.4.c|2013-05-23|HA|4|EPI_ISL_143877","Minnesota","2013-05-23"
"A/swine/Indiana/A01202866/2011|A_/_H3N2|unassigned|2011-11-16|HA|4|EPI_ISL_127867","1990.4.c","A/swine/Indiana/A01202866/2011|A_/_H3N2|1990.4.c|2011-11-16|HA|4|EPI_ISL_127867","Indiana","2011-11-16"
"A/swine/Indiana/A01202867/2011|A_/_H3N2|unassigned|2011-11-16|HA|4|EPI_ISL_124318","unassigned","A/swine/Indiana/A01202867/2011|A_/_H3N2|unassigned|2011-11-16|HA|4|EPI_ISL_124318","Indiana","2011-11-16"
"A/swine/Michigan/A01432375/2013|A_/_H3N2|unassigned|2013-01-03|HA|4|EPI_ISL_136563","1990.4.c","A/swine/Michigan/A01432375/2013|A_/_H3N2|1990.4.c|2013-01-03|HA|4|EPI_ISL_136563","Michigan","2013-01-03"
"A/swine/Michigan/A01259034/2012|A_/_H3N2|unassigned|2012-12-18|HA|4|EPI_ISL_139840","1990.4.c","A/swine/Michigan/A01259034/2012|A_/_H3N2|1990.4.c|2012-12-18|HA|4|EPI_ISL_139840","Michigan","2012-12-18"
"A/swine/Illinois/A01290614/2013|A_/_H3N2|unassigned|2013-10-01|HA|4|EPI_ISL_150670","1990.4.c","A/swine/Illinois/A01290614/2013|A_/_H3N2|1990.4.c|2013-10-01|HA|4|EPI_ISL_150670","Illinois","2013-10-01"
"A/swine/Minnesota/A02245583/2020|A_/_H3N2|unassigned|2020-04-07|HA|4|EPI_ISL_504163","1990.4.b2","A/swine/Minnesota/A02245583/2020|A_/_H3N2|1990.4.b2|2020-04-07|HA|4|EPI_ISL_504163","Minnesota","2020-04-07"
"A/swine/Iowa/A02478999/2020|A_/_H3N2|unassigned|2020-01-14|HA|4|EPI_ISL_503392","1990.4.b2","A/swine/Iowa/A02478999/2020|A_/_H3N2|1990.4.b2|2020-01-14|HA|4|EPI_ISL_503392","Iowa","2020-01-14"
"A/swine/Illinois/A02479007/2020|A_/_H3N2|unassigned|2020-01-21|HA|4|EPI_ISL_500718","1990.4.b2","A/swine/Illinois/A02479007/2020|A_/_H3N2|1990.4.b2|2020-01-21|HA|4|EPI_ISL_500718","Illinois","2020-01-21"
"A/swine/Illinois/A02861426/2023|A_/_H3N2|unassigned|2023-04-25|HA|4|EPI_ISL_17805847","1990.4.b2","A/swine/Illinois/A02861426/2023|A_/_H3N2|1990.4.b2|2023-04-25|HA|4|EPI_ISL_17805847","Illinois","2023-04-25"
"A/swine/Nebraska/I048371/2024|A_/_H3N2|unassigned|2024-05-07|HA|4|EPI_ISL_19283990","1990.4.i","A/swine/Nebraska/I048371/2024|A_/_H3N2|1990.4.i|2024-05-07|HA|4|EPI_ISL_19283990","Nebraska","2024-05-07"
"A/swine/Nebraska/I058034/2024|A_/_H3N2|unassigned|2024-06-04|HA|4|EPI_ISL_19283991","1990.4.i","A/swine/Nebraska/I058034/2024|A_/_H3N2|1990.4.i|2024-06-04|HA|4|EPI_ISL_19283991","Nebraska","2024-06-04"
"A/swine/Nebraska/I038467/2024|A_/_H3N2|unassigned|2024-04-11|HA|4|EPI_ISL_19283987","1990.4.i","A/swine/Nebraska/I038467/2024|A_/_H3N2|1990.4.i|2024-04-11|HA|4|EPI_ISL_19283987","Nebraska","2024-04-11"
"A/swine/Nebraska/I008615/2024|A_/_H3N2|unassigned|2024-01-01|HA|4|EPI_ISL_19283985","1990.4.i","A/swine/Nebraska/I008615/2024|A_/_H3N2|1990.4.i|2024-01-01|HA|4|EPI_ISL_19283985","Nebraska","2024-01-01"
"A/swine/Nebraska/I015761/2024|A_/_H3N2|unassigned|2024-02-13|HA|4|EPI_ISL_19268400","1990.4.i","A/swine/Nebraska/I015761/2024|A_/_H3N2|1990.4.i|2024-02-13|HA|4|EPI_ISL_19268400","Nebraska","2024-02-13"
"A/swine/Nebraska/I026909/2024|A_/_H3N2|unassigned|2024-03-12|HA|4|EPI_ISL_19268411","1990.4.i","A/swine/Nebraska/I026909/2024|A_/_H3N2|1990.4.i|2024-03-12|HA|4|EPI_ISL_19268411","Nebraska","2024-03-12"
"A/swine/Nebraska/I080617/2024|A_/_H3N2|unassigned|2024-08-06|HA|4|EPI_ISL_19501203","1990.4.i","A/swine/Nebraska/I080617/2024|A_/_H3N2|1990.4.i|2024-08-06|HA|4|EPI_ISL_19501203","Nebraska","2024-08-06"
"A/swine/Nebraska/I038468/2024|A_/_H3N2|unassigned|2024-04-11|HA|4|EPI_ISL_19283988","1990.4.i","A/swine/Nebraska/I038468/2024|A_/_H3N2|1990.4.i|2024-04-11|HA|4|EPI_ISL_19283988","Nebraska","2024-04-11"
"A/swine/Nebraska/CEIRR-I100043/2023|A_/_H3N2|unassigned|2023-10-24|HA|4|EPI_ISL_18847109","1990.4.i","A/swine/Nebraska/CEIRR-I100043/2023|A_/_H3N2|1990.4.i|2023-10-24|HA|4|EPI_ISL_18847109","Nebraska","2023-10-24"
"A/swine/Nebraska/I048370/2024|A_/_H3N2|unassigned|2024-05-07|HA|4|EPI_ISL_19283989","1990.4.i","A/swine/Nebraska/I048370/2024|A_/_H3N2|1990.4.i|2024-05-07|HA|4|EPI_ISL_19283989","Nebraska","2024-05-07"
"A/swine/Nebraska/I026908/2024|A_/_H3N2|unassigned|2024-03-12|HA|4|EPI_ISL_19268399","1990.4.i","A/swine/Nebraska/I026908/2024|A_/_H3N2|1990.4.i|2024-03-12|HA|4|EPI_ISL_19268399","Nebraska","2024-03-12"
"A/swine/Nebraska/CEIRR-I109401/2023|A_/_H3N2|unassigned|2023-11-21|HA|4|EPI_ISL_18911150","1990.4.i","A/swine/Nebraska/CEIRR-I109401/2023|A_/_H3N2|1990.4.i|2023-11-21|HA|4|EPI_ISL_18911150","Nebraska","2023-11-21"
"A/swine/Nebraska/CEIRR-I100044/2023|A_/_H3N2|unassigned|2023-10-24|HA|4|EPI_ISL_18847108","1990.4.i","A/swine/Nebraska/CEIRR-I100044/2023|A_/_H3N2|1990.4.i|2023-10-24|HA|4|EPI_ISL_18847108","Nebraska","2023-10-24"
"A/swine/Nebraska/CEIRR-I109402/2023|A_/_H3N2|unassigned|2023-11-21|HA|4|EPI_ISL_18911151","1990.4.i","A/swine/Nebraska/CEIRR-I109402/2023|A_/_H3N2|1990.4.i|2023-11-21|HA|4|EPI_ISL_18911151","Nebraska","2023-11-21"
"A/swine/Nebraska/A02751434/2022|A_/_H3N2|unassigned|2022-12-23|HA|4|EPI_ISL_17184137","1990.4.i","A/swine/Nebraska/A02751434/2022|A_/_H3N2|1990.4.i|2022-12-23|HA|4|EPI_ISL_17184137","Nebraska","2022-12-23"
"A/swine/Nebraska/CEIRS-I90241/2023|A_/_H3N2|unassigned|2023-09-27|HA|4|EPI_ISL_18755662","1990.4.i","A/swine/Nebraska/CEIRS-I90241/2023|A_/_H3N2|1990.4.i|2023-09-27|HA|4|EPI_ISL_18755662","Nebraska","2023-09-27"
"A/swine/Nebraska/CEIRS-I80401/2023|A_/_H3N2|unassigned|2023-08-27|HA|4|EPI_ISL_18750847","1990.4.i","A/swine/Nebraska/CEIRS-I80401/2023|A_/_H3N2|1990.4.i|2023-08-27|HA|4|EPI_ISL_18750847","Nebraska","2023-08-27"
"A/swine/Nebraska/ISU-A02861613/2023|A_/_H3N2|unassigned|2023-07-17|HA|4|EPI_ISL_18228671","1990.4.i","A/swine/Nebraska/ISU-A02861613/2023|A_/_H3N2|1990.4.i|2023-07-17|HA|4|EPI_ISL_18228671","Nebraska","2023-07-17"
"A/swine/Iowa/A02858528/2025|A_/_H3N2|unassigned|2025-04-15|HA|4|EPI_ISL_19870989","1990.4.i","A/swine/Iowa/A02858528/2025|A_/_H3N2|1990.4.i|2025-04-15|HA|4|EPI_ISL_19870989","Iowa","2025-04-15"
"A/swine/Iowa/A02858784/2025|A_/_H3N2|unassigned|2025-08-26|HA|4|EPI_ISL_20176233","1990.4.i","A/swine/Iowa/A02858784/2025|A_/_H3N2|1990.4.i|2025-08-26|HA|4|EPI_ISL_20176233","Iowa","2025-08-26"
"A/swine/Minnesota/A02980708/2025|A_/_H3N2|unassigned|2025-09-18|HA|4|EPI_ISL_20258463","1990.4.i","A/swine/Minnesota/A02980708/2025|A_/_H3N2|1990.4.i|2025-09-18|HA|4|EPI_ISL_20258463","Minnesota","2025-09-18"
"A/swine/Iowa/A02863131/2024|A_/_H3N2|unassigned|2024-11-11|HA|4|EPI_ISL_19613885","1990.4.i","A/swine/Iowa/A02863131/2024|A_/_H3N2|1990.4.i|2024-11-11|HA|4|EPI_ISL_19613885","Iowa","2024-11-11"
"A/swine/Minnesota/A02980765/2025|A_/_H3N2|unassigned|2025-12-09|HA|4|EPI_ISL_20348212","1990.4.i","A/swine/Minnesota/A02980765/2025|A_/_H3N2|1990.4.i|2025-12-09|HA|4|EPI_ISL_20348212","Minnesota","2025-12-09"
"A/swine/Iowa/A01667095/2017|A_/_H3N2|unassigned|2017-03-13|HA|4|EPI_ISL_262591","1990.4.i","A/swine/Iowa/A01667095/2017|A_/_H3N2|1990.4.i|2017-03-13|HA|4|EPI_ISL_262591","Iowa","2017-03-13"
"A/swine/Iowa/A01782999/2016|A_/_H3N2|unassigned|2016-10-28|HA|4|EPI_ISL_245567","1990.4.i","A/swine/Iowa/A01782999/2016|A_/_H3N2|1990.4.i|2016-10-28|HA|4|EPI_ISL_245567","Iowa","2016-10-28"
"A/swine/Iowa/A01731968/2016|A_/_H3N2|unassigned|2016-02-16|HA|4|EPI_ISL_219943","1990.4.i","A/swine/Iowa/A01731968/2016|A_/_H3N2|1990.4.i|2016-02-16|HA|4|EPI_ISL_219943","Iowa","2016-02-16"
"A/swine/Iowa/A01729052/2016|A_/_H3N2|unassigned|2016-01-06|HA|4|EPI_ISL_212215","1990.4.i","A/swine/Iowa/A01729052/2016|A_/_H3N2|1990.4.i|2016-01-06|HA|4|EPI_ISL_212215","Iowa","2016-01-06"
"A/swine/Iowa/A01729642/2016|A_/_H3N2|unassigned|2016-01-13|HA|4|EPI_ISL_213790","1990.4.i","A/swine/Iowa/A01729642/2016|A_/_H3N2|1990.4.i|2016-01-13|HA|4|EPI_ISL_213790","Iowa","2016-01-13"
"A/swine/Iowa/A01781973/2016|A_/_H3N2|unassigned|2016-09-28|HA|4|EPI_ISL_243787","1990.4.i","A/swine/Iowa/A01781973/2016|A_/_H3N2|1990.4.i|2016-09-28|HA|4|EPI_ISL_243787","Iowa","2016-09-28"
"A/swine/Iowa/A01944022/2015|A_/_H3N2|unassigned|2015-09-11|HA|4|EPI_ISL_201847","1990.4.i","A/swine/Iowa/A01944022/2015|A_/_H3N2|1990.4.i|2015-09-11|HA|4|EPI_ISL_201847","Iowa","2015-09-11"
"A/swine/Iowa/A02431454/2019|A_/_H3N2|unassigned|2019-03-20|HA|4|EPI_ISL_370238","1990.4.i","A/swine/Iowa/A02431454/2019|A_/_H3N2|1990.4.i|2019-03-20|HA|4|EPI_ISL_370238","Iowa","2019-03-20"
"A/swine/Iowa/A02478764/2019|A_/_H3N2|unassigned|2019-10-15|HA|4|EPI_ISL_399722","1990.4.i","A/swine/Iowa/A02478764/2019|A_/_H3N2|1990.4.i|2019-10-15|HA|4|EPI_ISL_399722","Iowa","2019-10-15"
"A/swine/Minnesota/A02524797/2020|A_/_H3N2|unassigned|2020-10-27|HA|4|EPI_ISL_4081601","1990.4.i","A/swine/Minnesota/A02524797/2020|A_/_H3N2|1990.4.i|2020-10-27|HA|4|EPI_ISL_4081601","Minnesota","2020-10-27"
"A/swine/Iowa/A02479283/2020|A_/_H3N2|unassigned|2020-04-28|HA|4|EPI_ISL_502894","1990.4.i","A/swine/Iowa/A02479283/2020|A_/_H3N2|1990.4.i|2020-04-28|HA|4|EPI_ISL_502894","Iowa","2020-04-28"
"A/swine/California/A01104167/2024|A_/_H3N2|unassigned|2024-05-07|HA|4|EPI_ISL_19301142","1990.4.i","A/swine/California/A01104167/2024|A_/_H3N2|1990.4.i|2024-05-07|HA|4|EPI_ISL_19301142","California","2024-05-07"
"A/swine/Minnesota/082313_02858754/2025|A_/_H3N2|unassigned|2025-08-05|HA|4|EPI_ISL_20153174","1990.4.i","A/swine/Minnesota/082313_02858754/2025|A_/_H3N2|1990.4.i|2025-08-05|HA|4|EPI_ISL_20153174","Minnesota","2025-08-05"
"A/swine/South_Dakota/082308_02858749/2025|A_/_H3N2|unassigned|2025-08-04|HA|4|EPI_ISL_20153181","1990.4.i","A/swine/South Dakota/082308_02858749/2025|A_/_H3N2|1990.4.i|2025-08-04|HA|4|EPI_ISL_20153181","South Dakota","2025-08-04"
"A/swine/Iowa/A02858271/2025|A_/_H3N2|unassigned|2025-01-07|HA|4|EPI_ISL_19740030","1990.4.i","A/swine/Iowa/A02858271/2025|A_/_H3N2|1990.4.i|2025-01-07|HA|4|EPI_ISL_19740030","Iowa","2025-01-07"
"A/swine/Minnesota/A02858243/2024|A_/_H3N2|unassigned|2024-12-23|HA|4|EPI_ISL_19678842","1990.4.i","A/swine/Minnesota/A02858243/2024|A_/_H3N2|1990.4.i|2024-12-23|HA|4|EPI_ISL_19678842","Minnesota","2024-12-23"
"A/swine/South_Dakota/A02858465/2025|A_/_H3N2|unassigned|2025-03-20|HA|4|EPI_ISL_19824142","1990.4.i","A/swine/South Dakota/A02858465/2025|A_/_H3N2|1990.4.i|2025-03-20|HA|4|EPI_ISL_19824142","South Dakota","2025-03-20"
"A/swine/Iowa/A02858704/2025|A_/_H3N2|unassigned|2025-06-30|HA|4|EPI_ISL_20098715","1990.4.i","A/swine/Iowa/A02858704/2025|A_/_H3N2|1990.4.i|2025-06-30|HA|4|EPI_ISL_20098715","Iowa","2025-06-30"
"A/swine/South_Dakota/A02524914/2020|A_/_H3N2|unassigned|2020-11-17|HA|4|EPI_ISL_4081791","1990.4.i","A/swine/South Dakota/A02524914/2020|A_/_H3N2|1990.4.i|2020-11-17|HA|4|EPI_ISL_4081791","South Dakota","2020-11-17"
"A/swine/Minnesota/A01327769/2012|A_/_H3N2|unassigned|2012-04-23|HA|4|EPI_ISL_130077","1990.4.i","A/swine/Minnesota/A01327769/2012|A_/_H3N2|1990.4.i|2012-04-23|HA|4|EPI_ISL_130077","Minnesota","2012-04-23"
"A/swine/Minnesota/A01327768/2012|A_/_H3N2|unassigned|2012-04-23|HA|4|EPI_ISL_130088","unassigned","A/swine/Minnesota/A01327768/2012|A_/_H3N2|unassigned|2012-04-23|HA|4|EPI_ISL_130088","Minnesota","2012-04-23"
"A/swine/Minnesota/A02636519/2022|A_/_H3N2|unassigned|2022-02-23|HA|4|EPI_ISL_14778340","1990.4.i","A/swine/Minnesota/A02636519/2022|A_/_H3N2|1990.4.i|2022-02-23|HA|4|EPI_ISL_14778340","Minnesota","2022-02-23"
"A/swine/Minnesota/A02245699/2020|A_/_H3N2|unassigned|2020-08-26|HA|4|EPI_ISL_707265","1990.4.i","A/swine/Minnesota/A02245699/2020|A_/_H3N2|1990.4.i|2020-08-26|HA|4|EPI_ISL_707265","Minnesota","2020-08-26"
"A/swine/Minnesota/02981/2010|A_/_H3N2|unassigned|2010-02-22|HA|4|EPI_ISL_71833","1990.4","A/swine/Minnesota/02981/2010|A_/_H3N2|1990.4|2010-02-22|HA|4|EPI_ISL_71833","Minnesota","2010-02-22"
"A/swine/Minnesota/A02139250/2017|A_/_H3N2|unassigned|2017-12-27|HA|4|EPI_ISL_295680","1990.4.g","A/swine/Minnesota/A02139250/2017|A_/_H3N2|1990.4.g|2017-12-27|HA|4|EPI_ISL_295680","Minnesota","2017-12-27"
"A/swine/Minnesota/A02214704/2017|A_/_H3N2|unassigned|2017-04-11|HA|4|EPI_ISL_272770","1990.4.g","A/swine/Minnesota/A02214704/2017|A_/_H3N2|1990.4.g|2017-04-11|HA|4|EPI_ISL_272770","Minnesota","2017-04-11"
"A/swine/Illinois/A01672426/2017|A_/_H3N2|unassigned|2017-01-20|HA|4|EPI_ISL_256555","1990.4.g","A/swine/Illinois/A01672426/2017|A_/_H3N2|1990.4.g|2017-01-20|HA|4|EPI_ISL_256555","Illinois","2017-01-20"
"A/swine/Minnesota/A02257619/2018|A_/_H3N2|unassigned|2018-09-20|HA|4|EPI_ISL_379928","1990.4.g","A/swine/Minnesota/A02257619/2018|A_/_H3N2|1990.4.g|2018-09-20|HA|4|EPI_ISL_379928","Minnesota","2018-09-20"
"A/swine/Iowa/A02525161/2021|A_/_H3N2|unassigned|2021-02-10|HA|4|EPI_ISL_4082044","1990.4","A/swine/Iowa/A02525161/2021|A_/_H3N2|1990.4|2021-02-10|HA|4|EPI_ISL_4082044","Iowa","2021-02-10"
"A/swine/Indiana/A02636047/2021|A_/_H3N2|unassigned|2021-08-10|HA|4|EPI_ISL_6781483","1990.4","A/swine/Indiana/A02636047/2021|A_/_H3N2|1990.4|2021-08-10|HA|4|EPI_ISL_6781483","Indiana","2021-08-10"
"A/swine/Montana/21/2012|A_/_H3N2|unassigned|2012-09-14|HA|4|EPI_ISL_130359","1990.4","A/swine/Montana/21/2012|A_/_H3N2|1990.4|2012-09-14|HA|4|EPI_ISL_130359","Montana","2012-09-14"
"A/swine/Iowa/A02478972/2019|A_/_H3N2|unassigned|2019-12-26|HA|4|EPI_ISL_503373","1990.4.h","A/swine/Iowa/A02478972/2019|A_/_H3N2|1990.4.h|2019-12-26|HA|4|EPI_ISL_503373","Iowa","2019-12-26"
"A/swine/Illinois/A02429956/2019|A_/_H3N2|unassigned|2019-01-22|HA|4|EPI_ISL_373539","1990.1","A/swine/Illinois/A02429956/2019|A_/_H3N2|1990.1|2019-01-22|HA|4|EPI_ISL_373539","Illinois","2019-01-22"
"A/swine/Missouri/A02636322/2021|A_/_H3N2|unassigned|2021-09-27|HA|4|EPI_ISL_14770777","1990.4","A/swine/Missouri/A02636322/2021|A_/_H3N2|1990.4|2021-09-27|HA|4|EPI_ISL_14770777","Missouri","2021-09-27"
"A/swine/Missouri/ISU-A02862184/2023|A_/_H3N2|unassigned|2023-12-28|HA|4|EPI_ISL_18847113","1990.4","A/swine/Missouri/ISU-A02862184/2023|A_/_H3N2|1990.4|2023-12-28|HA|4|EPI_ISL_18847113","Missouri","2023-12-28"
"A/swine/Iowa/ISU-A02862194/2023|A_/_H3N2|unassigned|2023-12-29|HA|4|EPI_ISL_18847079","1990.4","A/swine/Iowa/ISU-A02862194/2023|A_/_H3N2|1990.4|2023-12-29|HA|4|EPI_ISL_18847079","Iowa","2023-12-29"
"A/swine/Minnesota/A02711797/2022|A_/_H3N2|unassigned|2022-03-22|HA|4|EPI_ISL_14835205","1990.4","A/swine/Minnesota/A02711797/2022|A_/_H3N2|1990.4|2022-03-22|HA|4|EPI_ISL_14835205","Minnesota","2022-03-22"
"A/swine/Iowa/A02863080/2024|A_/_H3N2|unassigned|2024-10-28|HA|4|EPI_ISL_19592753","1990.4","A/swine/Iowa/A02863080/2024|A_/_H3N2|1990.4|2024-10-28|HA|4|EPI_ISL_19592753","Iowa","2024-10-28"
"A/swine/Minnesota/USDA-A02978603/2023|A_/_H3N2|unassigned|2023-11-06|HA|4|EPI_ISL_18746638","1990.4","A/swine/Minnesota/USDA-A02978603/2023|A_/_H3N2|1990.4|2023-11-06|HA|4|EPI_ISL_18746638","Minnesota","2023-11-06"
"A/swine/Illinois/004660_02859135/2025|A_/_H3N2|unassigned|2025-12-15|HA|4|EPI_ISL_20389465","1990.4","A/swine/Illinois/004660_02859135/2025|A_/_H3N2|1990.4|2025-12-15|HA|4|EPI_ISL_20389465","Illinois","2025-12-15"
"A/swine/Iowa/A02750912/2022|A_/_H3N2|3C.2a2|2022-09-21|HA|4|EPI_ISL_16215593","unassigned","A/swine/Iowa/A02750912/2022|A_/_H3N2|3C.2a2|2022-09-21|HA|4|EPI_ISL_16215593","Iowa","2022-09-21"
"A/swine/Iowa/A02751094/2022|A_/_H3N2|3C.2a2|2022-10-25|HA|4|EPI_ISL_16854613","unassigned","A/swine/Iowa/A02751094/2022|A_/_H3N2|3C.2a2|2022-10-25|HA|4|EPI_ISL_16854613","Iowa","2022-10-25"
"A/swine/Minnesota/A02862472/2024|A_/_H3N2|unassigned|2024-03-26|HA|4|EPI_ISL_19072938","1990.4","A/swine/Minnesota/A02862472/2024|A_/_H3N2|1990.4|2024-03-26|HA|4|EPI_ISL_19072938","Minnesota","2024-03-26"
"A/swine/Iowa/004585_02859066/2025|A_/_H3N2|unassigned|2025-11-14|HA|4|EPI_ISL_20389486","1990.4","A/swine/Iowa/004585_02859066/2025|A_/_H3N2|1990.4|2025-11-14|HA|4|EPI_ISL_20389486","Iowa","2025-11-14"
"A/swine/Montana/A02858398/2025|A_/_H3N2|unassigned|2025-02-20|HA|4|EPI_ISL_19790146","1990.4","A/swine/Montana/A02858398/2025|A_/_H3N2|1990.4|2025-02-20|HA|4|EPI_ISL_19790146","Montana","2025-02-20"
"A/swine/Colorado/A01203748/2012|A_/_H3N2|unassigned|2012-08-13|HA|4|EPI_ISL_130191","1990.4-like","A/swine/Colorado/A01203748/2012|A_/_H3N2|1990.4-like|2012-08-13|HA|4|EPI_ISL_130191","Colorado","2012-08-13"
"A/swine/North_Carolina/CR168215/2015|A_/_H3N2|unassigned|2015-08-29|HA|4|EPI_ISL_4082113","1990.4","A/swine/North Carolina/CR168215/2015|A_/_H3N2|1990.4|2015-08-29|HA|4|EPI_ISL_4082113","North Carolina","2015-08-29"
"A/swine/Illinois/A00857131/2011|A_/_H3N2||2011-09-24|HA|4|EPI_ISL_121898","unassigned","A/swine/Illinois/A00857131/2011|A_/_H3N2||2011-09-24|HA|4|EPI_ISL_121898","Illinois","2011-09-24"
